ISO-10303-21;
HEADER;
FILE_DESCRIPTION(('Open CASCADE Model'),'2;1');
FILE_NAME('Open CASCADE Shape Model','2026-08-27T00:01:32',('Author'),(
    'Open CASCADE'),'Open CASCADE STEP processor 7.9','Open CASCADE 7.9'
  ,'Unknown');
FILE_SCHEMA(('AUTOMOTIVE_DESIGN { 1 0 10303 214 1 1 1 1 }'));
ENDSEC;
DATA;
#1 = APPLICATION_PROTOCOL_DEFINITION('international standard',
  'automotive_design',2000,#2);
#2 = APPLICATION_CONTEXT(
  'core data for automotive mechanical design processes');
#3 = SHAPE_DEFINITION_REPRESENTATION(#4,#10);
#4 = PRODUCT_DEFINITION_SHAPE('','',#5);
#5 = PRODUCT_DEFINITION('design','',#6,#9);
#6 = PRODUCT_DEFINITION_FORMATION('','',#7);
#7 = PRODUCT('Open CASCADE STEP translator 7.9 1',
  'Open CASCADE STEP translator 7.9 1','',(#8));
#8 = PRODUCT_CONTEXT('',#2,'mechanical');
#9 = PRODUCT_DEFINITION_CONTEXT('part definition',#2,'design');
#10 = SHAPE_REPRESENTATION('',(#11,#15,#19),#23);
#11 = AXIS2_PLACEMENT_3D('',#12,#13,#14);
#12 = CARTESIAN_POINT('',(0.,0.,0.));
#13 = DIRECTION('',(0.,0.,1.));
#14 = DIRECTION('',(1.,0.,-0.));
#15 = AXIS2_PLACEMENT_3D('',#16,#17,#18);
#16 = CARTESIAN_POINT('',(0.,0.,0.));
#17 = DIRECTION('',(0.,0.,1.));
#18 = DIRECTION('',(1.,0.,-0.));
#19 = AXIS2_PLACEMENT_3D('',#20,#21,#22);
#20 = CARTESIAN_POINT('',(0.,0.,0.));
#21 = DIRECTION('',(0.,0.,1.));
#22 = DIRECTION('',(1.,0.,-0.));
#23 = ( GEOMETRIC_REPRESENTATION_CONTEXT(3) 
GLOBAL_UNCERTAINTY_ASSIGNED_CONTEXT((#27)) GLOBAL_UNIT_ASSIGNED_CONTEXT(
(#24,#25,#26)) REPRESENTATION_CONTEXT('Context #1',
  '3D Context with UNIT and UNCERTAINTY') );
#24 = ( LENGTH_UNIT() NAMED_UNIT(*) SI_UNIT(.MILLI.,.METRE.) );
#25 = ( NAMED_UNIT(*) PLANE_ANGLE_UNIT() SI_UNIT($,.RADIAN.) );
#26 = ( NAMED_UNIT(*) SI_UNIT($,.STERADIAN.) SOLID_ANGLE_UNIT() );
#27 = UNCERTAINTY_MEASURE_WITH_UNIT(LENGTH_MEASURE(1.E-07),#24,
  'distance_accuracy_value','confusion accuracy');
#28 = PRODUCT_RELATED_PRODUCT_CATEGORY('part',$,(#7));
#29 = SHAPE_DEFINITION_REPRESENTATION(#30,#36);
#30 = PRODUCT_DEFINITION_SHAPE('','',#31);
#31 = PRODUCT_DEFINITION('design','',#32,#35);
#32 = PRODUCT_DEFINITION_FORMATION('','',#33);
#33 = PRODUCT('Open CASCADE STEP translator 7.9 1.1',
  'Open CASCADE STEP translator 7.9 1.1','',(#34));
#34 = PRODUCT_CONTEXT('',#2,'mechanical');
#35 = PRODUCT_DEFINITION_CONTEXT('part definition',#2,'design');
#36 = ADVANCED_BREP_SHAPE_REPRESENTATION('',(#11,#37),#4851);
#37 = MANIFOLD_SOLID_BREP('',#38);
#38 = CLOSED_SHELL('',(#39,#159,#1451,#1506,#1565,#2530,#2606,#2653,
    #2720,#2747,#2819,#2889,#2917,#2922,#2989,#3016,#3088,#3137,#3186,
    #3233,#3260,#3287,#3363,#3410,#3477,#3504,#3576,#3623,#3690,#3717,
    #3789,#3838,#3887,#3934,#3961,#3988,#3995,#4042,#4069,#4096,#4103,
    #4150,#4177,#4204,#4211,#4258,#4285,#4312,#4319,#4347,#4375,#4449,
    #4529,#4534,#4562,#4590,#4617,#4624,#4631,#4638,#4645,#4652,#4659,
    #4733,#4788,#4843,#4847));
#39 = ADVANCED_FACE('',(#40),#54,.F.);
#40 = FACE_BOUND('',#41,.F.);
#41 = EDGE_LOOP('',(#42,#77,#105,#133));
#42 = ORIENTED_EDGE('',*,*,#43,.F.);
#43 = EDGE_CURVE('',#44,#46,#48,.T.);
#44 = VERTEX_POINT('',#45);
#45 = CARTESIAN_POINT('',(-90.,-74.,4.));
#46 = VERTEX_POINT('',#47);
#47 = CARTESIAN_POINT('',(-90.,74.,4.));
#48 = SURFACE_CURVE('',#49,(#53,#65),.PCURVE_S1.);
#49 = LINE('',#50,#51);
#50 = CARTESIAN_POINT('',(-90.,-80.,4.));
#51 = VECTOR('',#52,1.);
#52 = DIRECTION('',(0.,1.,0.));
#53 = PCURVE('',#54,#59);
#54 = PLANE('',#55);
#55 = AXIS2_PLACEMENT_3D('',#56,#57,#58);
#56 = CARTESIAN_POINT('',(-90.,-80.,0.));
#57 = DIRECTION('',(1.,0.,0.));
#58 = DIRECTION('',(0.,0.,1.));
#59 = DEFINITIONAL_REPRESENTATION('',(#60),#64);
#60 = LINE('',#61,#62);
#61 = CARTESIAN_POINT('',(4.,0.));
#62 = VECTOR('',#63,1.);
#63 = DIRECTION('',(0.,-1.));
#64 = ( GEOMETRIC_REPRESENTATION_CONTEXT(2) 
PARAMETRIC_REPRESENTATION_CONTEXT() REPRESENTATION_CONTEXT('2D SPACE',''
  ) );
#65 = PCURVE('',#66,#71);
#66 = PLANE('',#67);
#67 = AXIS2_PLACEMENT_3D('',#68,#69,#70);
#68 = CARTESIAN_POINT('',(-90.,-80.,4.));
#69 = DIRECTION('',(0.,0.,1.));
#70 = DIRECTION('',(1.,0.,0.));
#71 = DEFINITIONAL_REPRESENTATION('',(#72),#76);
#72 = LINE('',#73,#74);
#73 = CARTESIAN_POINT('',(0.,0.));
#74 = VECTOR('',#75,1.);
#75 = DIRECTION('',(0.,1.));
#76 = ( GEOMETRIC_REPRESENTATION_CONTEXT(2) 
PARAMETRIC_REPRESENTATION_CONTEXT() REPRESENTATION_CONTEXT('2D SPACE',''
  ) );
#77 = ORIENTED_EDGE('',*,*,#78,.F.);
#78 = EDGE_CURVE('',#79,#44,#81,.T.);
#79 = VERTEX_POINT('',#80);
#80 = CARTESIAN_POINT('',(-90.,-74.,0.));
#81 = SURFACE_CURVE('',#82,(#86,#93),.PCURVE_S1.);
#82 = LINE('',#83,#84);
#83 = CARTESIAN_POINT('',(-90.,-74.,0.));
#84 = VECTOR('',#85,1.);
#85 = DIRECTION('',(0.,0.,1.));
#86 = PCURVE('',#54,#87);
#87 = DEFINITIONAL_REPRESENTATION('',(#88),#92);
#88 = LINE('',#89,#90);
#89 = CARTESIAN_POINT('',(0.,-6.));
#90 = VECTOR('',#91,1.);
#91 = DIRECTION('',(1.,0.));
#92 = ( GEOMETRIC_REPRESENTATION_CONTEXT(2) 
PARAMETRIC_REPRESENTATION_CONTEXT() REPRESENTATION_CONTEXT('2D SPACE',''
  ) );
#93 = PCURVE('',#94,#99);
#94 = CYLINDRICAL_SURFACE('',#95,6.);
#95 = AXIS2_PLACEMENT_3D('',#96,#97,#98);
#96 = CARTESIAN_POINT('',(-84.,-74.,0.));
#97 = DIRECTION('',(0.,0.,1.));
#98 = DIRECTION('',(-1.,-0.,0.));
#99 = DEFINITIONAL_REPRESENTATION('',(#100),#104);
#100 = LINE('',#101,#102);
#101 = CARTESIAN_POINT('',(0.,0.));
#102 = VECTOR('',#103,1.);
#103 = DIRECTION('',(0.,1.));
#104 = ( GEOMETRIC_REPRESENTATION_CONTEXT(2) 
PARAMETRIC_REPRESENTATION_CONTEXT() REPRESENTATION_CONTEXT('2D SPACE',''
  ) );
#105 = ORIENTED_EDGE('',*,*,#106,.T.);
#106 = EDGE_CURVE('',#79,#107,#109,.T.);
#107 = VERTEX_POINT('',#108);
#108 = CARTESIAN_POINT('',(-90.,74.,0.));
#109 = SURFACE_CURVE('',#110,(#114,#121),.PCURVE_S1.);
#110 = LINE('',#111,#112);
#111 = CARTESIAN_POINT('',(-90.,-80.,0.));
#112 = VECTOR('',#113,1.);
#113 = DIRECTION('',(0.,1.,0.));
#114 = PCURVE('',#54,#115);
#115 = DEFINITIONAL_REPRESENTATION('',(#116),#120);
#116 = LINE('',#117,#118);
#117 = CARTESIAN_POINT('',(0.,0.));
#118 = VECTOR('',#119,1.);
#119 = DIRECTION('',(0.,-1.));
#120 = ( GEOMETRIC_REPRESENTATION_CONTEXT(2) 
PARAMETRIC_REPRESENTATION_CONTEXT() REPRESENTATION_CONTEXT('2D SPACE',''
  ) );
#121 = PCURVE('',#122,#127);
#122 = PLANE('',#123);
#123 = AXIS2_PLACEMENT_3D('',#124,#125,#126);
#124 = CARTESIAN_POINT('',(-90.,-80.,0.));
#125 = DIRECTION('',(0.,0.,1.));
#126 = DIRECTION('',(1.,0.,0.));
#127 = DEFINITIONAL_REPRESENTATION('',(#128),#132);
#128 = LINE('',#129,#130);
#129 = CARTESIAN_POINT('',(0.,0.));
#130 = VECTOR('',#131,1.);
#131 = DIRECTION('',(0.,1.));
#132 = ( GEOMETRIC_REPRESENTATION_CONTEXT(2) 
PARAMETRIC_REPRESENTATION_CONTEXT() REPRESENTATION_CONTEXT('2D SPACE',''
  ) );
#133 = ORIENTED_EDGE('',*,*,#134,.T.);
#134 = EDGE_CURVE('',#107,#46,#135,.T.);
#135 = SURFACE_CURVE('',#136,(#140,#147),.PCURVE_S1.);
#136 = LINE('',#137,#138);
#137 = CARTESIAN_POINT('',(-90.,74.,0.));
#138 = VECTOR('',#139,1.);
#139 = DIRECTION('',(0.,0.,1.));
#140 = PCURVE('',#54,#141);
#141 = DEFINITIONAL_REPRESENTATION('',(#142),#146);
#142 = LINE('',#143,#144);
#143 = CARTESIAN_POINT('',(0.,-154.));
#144 = VECTOR('',#145,1.);
#145 = DIRECTION('',(1.,0.));
#146 = ( GEOMETRIC_REPRESENTATION_CONTEXT(2) 
PARAMETRIC_REPRESENTATION_CONTEXT() REPRESENTATION_CONTEXT('2D SPACE',''
  ) );
#147 = PCURVE('',#148,#153);
#148 = CYLINDRICAL_SURFACE('',#149,6.);
#149 = AXIS2_PLACEMENT_3D('',#150,#151,#152);
#150 = CARTESIAN_POINT('',(-84.,74.,0.));
#151 = DIRECTION('',(0.,0.,1.));
#152 = DIRECTION('',(-1.,-0.,0.));
#153 = DEFINITIONAL_REPRESENTATION('',(#154),#158);
#154 = LINE('',#155,#156);
#155 = CARTESIAN_POINT('',(-0.,0.));
#156 = VECTOR('',#157,1.);
#157 = DIRECTION('',(-0.,1.));
#158 = ( GEOMETRIC_REPRESENTATION_CONTEXT(2) 
PARAMETRIC_REPRESENTATION_CONTEXT() REPRESENTATION_CONTEXT('2D SPACE',''
  ) );
#159 = ADVANCED_FACE('',(#160,#1003,#1115,#1227,#1339),#66,.T.);
#160 = FACE_BOUND('',#161,.T.);
#161 = EDGE_LOOP('',(#162,#163,#187,#215,#243,#269,#298,#324,#352,#378,
    #407,#433,#461,#489,#522,#550,#579,#607,#635,#661,#690,#716,#744,
    #770,#796,#817,#840,#866,#895,#921,#949,#977));
#162 = ORIENTED_EDGE('',*,*,#43,.F.);
#163 = ORIENTED_EDGE('',*,*,#164,.T.);
#164 = EDGE_CURVE('',#44,#165,#167,.T.);
#165 = VERTEX_POINT('',#166);
#166 = CARTESIAN_POINT('',(-84.,-80.,4.));
#167 = SURFACE_CURVE('',#168,(#173,#180),.PCURVE_S1.);
#168 = CIRCLE('',#169,6.);
#169 = AXIS2_PLACEMENT_3D('',#170,#171,#172);
#170 = CARTESIAN_POINT('',(-84.,-74.,4.));
#171 = DIRECTION('',(0.,0.,1.));
#172 = DIRECTION('',(0.,-1.,0.));
#173 = PCURVE('',#66,#174);
#174 = DEFINITIONAL_REPRESENTATION('',(#175),#179);
#175 = CIRCLE('',#176,6.);
#176 = AXIS2_PLACEMENT_2D('',#177,#178);
#177 = CARTESIAN_POINT('',(6.,6.));
#178 = DIRECTION('',(0.,-1.));
#179 = ( GEOMETRIC_REPRESENTATION_CONTEXT(2) 
PARAMETRIC_REPRESENTATION_CONTEXT() REPRESENTATION_CONTEXT('2D SPACE',''
  ) );
#180 = PCURVE('',#94,#181);
#181 = DEFINITIONAL_REPRESENTATION('',(#182),#186);
#182 = LINE('',#183,#184);
#183 = CARTESIAN_POINT('',(-4.712388980385,4.));
#184 = VECTOR('',#185,1.);
#185 = DIRECTION('',(1.,0.));
#186 = ( GEOMETRIC_REPRESENTATION_CONTEXT(2) 
PARAMETRIC_REPRESENTATION_CONTEXT() REPRESENTATION_CONTEXT('2D SPACE',''
  ) );
#187 = ORIENTED_EDGE('',*,*,#188,.T.);
#188 = EDGE_CURVE('',#165,#189,#191,.T.);
#189 = VERTEX_POINT('',#190);
#190 = CARTESIAN_POINT('',(-84.,-77.,4.));
#191 = SURFACE_CURVE('',#192,(#196,#203),.PCURVE_S1.);
#192 = LINE('',#193,#194);
#193 = CARTESIAN_POINT('',(-84.,-80.,4.));
#194 = VECTOR('',#195,1.);
#195 = DIRECTION('',(0.,1.,0.));
#196 = PCURVE('',#66,#197);
#197 = DEFINITIONAL_REPRESENTATION('',(#198),#202);
#198 = LINE('',#199,#200);
#199 = CARTESIAN_POINT('',(6.,0.));
#200 = VECTOR('',#201,1.);
#201 = DIRECTION('',(0.,1.));
#202 = ( GEOMETRIC_REPRESENTATION_CONTEXT(2) 
PARAMETRIC_REPRESENTATION_CONTEXT() REPRESENTATION_CONTEXT('2D SPACE',''
  ) );
#203 = PCURVE('',#204,#209);
#204 = PLANE('',#205);
#205 = AXIS2_PLACEMENT_3D('',#206,#207,#208);
#206 = CARTESIAN_POINT('',(-84.,-80.,4.));
#207 = DIRECTION('',(1.,0.,0.));
#208 = DIRECTION('',(0.,0.,1.));
#209 = DEFINITIONAL_REPRESENTATION('',(#210),#214);
#210 = LINE('',#211,#212);
#211 = CARTESIAN_POINT('',(0.,0.));
#212 = VECTOR('',#213,1.);
#213 = DIRECTION('',(0.,-1.));
#214 = ( GEOMETRIC_REPRESENTATION_CONTEXT(2) 
PARAMETRIC_REPRESENTATION_CONTEXT() REPRESENTATION_CONTEXT('2D SPACE',''
  ) );
#215 = ORIENTED_EDGE('',*,*,#216,.T.);
#216 = EDGE_CURVE('',#189,#217,#219,.T.);
#217 = VERTEX_POINT('',#218);
#218 = CARTESIAN_POINT('',(-83.,-77.,4.));
#219 = SURFACE_CURVE('',#220,(#224,#231),.PCURVE_S1.);
#220 = LINE('',#221,#222);
#221 = CARTESIAN_POINT('',(-84.,-77.,4.));
#222 = VECTOR('',#223,1.);
#223 = DIRECTION('',(1.,0.,0.));
#224 = PCURVE('',#66,#225);
#225 = DEFINITIONAL_REPRESENTATION('',(#226),#230);
#226 = LINE('',#227,#228);
#227 = CARTESIAN_POINT('',(6.,3.));
#228 = VECTOR('',#229,1.);
#229 = DIRECTION('',(1.,0.));
#230 = ( GEOMETRIC_REPRESENTATION_CONTEXT(2) 
PARAMETRIC_REPRESENTATION_CONTEXT() REPRESENTATION_CONTEXT('2D SPACE',''
  ) );
#231 = PCURVE('',#232,#237);
#232 = PLANE('',#233);
#233 = AXIS2_PLACEMENT_3D('',#234,#235,#236);
#234 = CARTESIAN_POINT('',(-84.,-77.,4.));
#235 = DIRECTION('',(0.,1.,0.));
#236 = DIRECTION('',(0.,0.,1.));
#237 = DEFINITIONAL_REPRESENTATION('',(#238),#242);
#238 = LINE('',#239,#240);
#239 = CARTESIAN_POINT('',(0.,0.));
#240 = VECTOR('',#241,1.);
#241 = DIRECTION('',(0.,1.));
#242 = ( GEOMETRIC_REPRESENTATION_CONTEXT(2) 
PARAMETRIC_REPRESENTATION_CONTEXT() REPRESENTATION_CONTEXT('2D SPACE',''
  ) );
#243 = ORIENTED_EDGE('',*,*,#244,.T.);
#244 = EDGE_CURVE('',#217,#245,#247,.T.);
#245 = VERTEX_POINT('',#246);
#246 = CARTESIAN_POINT('',(-83.,-54.,4.));
#247 = SURFACE_CURVE('',#248,(#252,#258),.PCURVE_S1.);
#248 = LINE('',#249,#250);
#249 = CARTESIAN_POINT('',(-83.,-82.,4.));
#250 = VECTOR('',#251,1.);
#251 = DIRECTION('',(1.110223024625E-16,1.,-0.));
#252 = PCURVE('',#66,#253);
#253 = DEFINITIONAL_REPRESENTATION('',(#254),#257);
#254 = B_SPLINE_CURVE_WITH_KNOTS('',1,(#255,#256),.UNSPECIFIED.,.F.,.F.,
  (2,2),(2.,28.),.PIECEWISE_BEZIER_KNOTS.);
#255 = CARTESIAN_POINT('',(7.,0.));
#256 = CARTESIAN_POINT('',(7.,26.));
#257 = ( GEOMETRIC_REPRESENTATION_CONTEXT(2) 
PARAMETRIC_REPRESENTATION_CONTEXT() REPRESENTATION_CONTEXT('2D SPACE',''
  ) );
#258 = PCURVE('',#259,#264);
#259 = PLANE('',#260);
#260 = AXIS2_PLACEMENT_3D('',#261,#262,#263);
#261 = CARTESIAN_POINT('',(-83.,-84.,200.0000003));
#262 = DIRECTION('',(1.,-1.110223024625E-16,-0.));
#263 = DIRECTION('',(1.110223024625E-16,1.,0.));
#264 = DEFINITIONAL_REPRESENTATION('',(#265),#268);
#265 = B_SPLINE_CURVE_WITH_KNOTS('',1,(#266,#267),.UNSPECIFIED.,.F.,.F.,
  (2,2),(2.,28.),.PIECEWISE_BEZIER_KNOTS.);
#266 = CARTESIAN_POINT('',(4.,-196.0000003));
#267 = CARTESIAN_POINT('',(30.,-196.0000003));
#268 = ( GEOMETRIC_REPRESENTATION_CONTEXT(2) 
PARAMETRIC_REPRESENTATION_CONTEXT() REPRESENTATION_CONTEXT('2D SPACE',''
  ) );
#269 = ORIENTED_EDGE('',*,*,#270,.F.);
#270 = EDGE_CURVE('',#271,#245,#273,.T.);
#271 = VERTEX_POINT('',#272);
#272 = CARTESIAN_POINT('',(-79.,-54.,4.));
#273 = SURFACE_CURVE('',#274,(#279,#286),.PCURVE_S1.);
#274 = CIRCLE('',#275,2.);
#275 = AXIS2_PLACEMENT_3D('',#276,#277,#278);
#276 = CARTESIAN_POINT('',(-81.,-54.,4.));
#277 = DIRECTION('',(0.,0.,1.));
#278 = DIRECTION('',(-1.,1.110223024625E-16,0.));
#279 = PCURVE('',#66,#280);
#280 = DEFINITIONAL_REPRESENTATION('',(#281),#285);
#281 = CIRCLE('',#282,2.);
#282 = AXIS2_PLACEMENT_2D('',#283,#284);
#283 = CARTESIAN_POINT('',(9.,26.));
#284 = DIRECTION('',(-1.,1.110223024625E-16));
#285 = ( GEOMETRIC_REPRESENTATION_CONTEXT(2) 
PARAMETRIC_REPRESENTATION_CONTEXT() REPRESENTATION_CONTEXT('2D SPACE',''
  ) );
#286 = PCURVE('',#287,#292);
#287 = CYLINDRICAL_SURFACE('',#288,2.);
#288 = AXIS2_PLACEMENT_3D('',#289,#290,#291);
#289 = CARTESIAN_POINT('',(-81.,-54.,200.0000003));
#290 = DIRECTION('',(0.,0.,1.));
#291 = DIRECTION('',(-1.,1.110223024625E-16,0.));
#292 = DEFINITIONAL_REPRESENTATION('',(#293),#297);
#293 = LINE('',#294,#295);
#294 = CARTESIAN_POINT('',(-6.28318530718,-196.0000003));
#295 = VECTOR('',#296,1.);
#296 = DIRECTION('',(1.,-0.));
#297 = ( GEOMETRIC_REPRESENTATION_CONTEXT(2) 
PARAMETRIC_REPRESENTATION_CONTEXT() REPRESENTATION_CONTEXT('2D SPACE',''
  ) );
#298 = ORIENTED_EDGE('',*,*,#299,.T.);
#299 = EDGE_CURVE('',#271,#300,#302,.T.);
#300 = VERTEX_POINT('',#301);
#301 = CARTESIAN_POINT('',(-79.,-77.,4.));
#302 = SURFACE_CURVE('',#303,(#307,#313),.PCURVE_S1.);
#303 = LINE('',#304,#305);
#304 = CARTESIAN_POINT('',(-79.,-67.,4.));
#305 = VECTOR('',#306,1.);
#306 = DIRECTION('',(-1.110223024625E-16,-1.,0.));
#307 = PCURVE('',#66,#308);
#308 = DEFINITIONAL_REPRESENTATION('',(#309),#312);
#309 = B_SPLINE_CURVE_WITH_KNOTS('',1,(#310,#311),.UNSPECIFIED.,.F.,.F.,
  (2,2),(-13.,13.),.PIECEWISE_BEZIER_KNOTS.);
#310 = CARTESIAN_POINT('',(11.,26.));
#311 = CARTESIAN_POINT('',(11.,0.));
#312 = ( GEOMETRIC_REPRESENTATION_CONTEXT(2) 
PARAMETRIC_REPRESENTATION_CONTEXT() REPRESENTATION_CONTEXT('2D SPACE',''
  ) );
#313 = PCURVE('',#314,#319);
#314 = PLANE('',#315);
#315 = AXIS2_PLACEMENT_3D('',#316,#317,#318);
#316 = CARTESIAN_POINT('',(-79.,-54.,200.0000003));
#317 = DIRECTION('',(-1.,1.110223024625E-16,0.));
#318 = DIRECTION('',(-1.110223024625E-16,-1.,0.));
#319 = DEFINITIONAL_REPRESENTATION('',(#320),#323);
#320 = B_SPLINE_CURVE_WITH_KNOTS('',1,(#321,#322),.UNSPECIFIED.,.F.,.F.,
  (2,2),(-13.,13.),.PIECEWISE_BEZIER_KNOTS.);
#321 = CARTESIAN_POINT('',(0.,-196.0000003));
#322 = CARTESIAN_POINT('',(26.,-196.0000003));
#323 = ( GEOMETRIC_REPRESENTATION_CONTEXT(2) 
PARAMETRIC_REPRESENTATION_CONTEXT() REPRESENTATION_CONTEXT('2D SPACE',''
  ) );
#324 = ORIENTED_EDGE('',*,*,#325,.T.);
#325 = EDGE_CURVE('',#300,#326,#328,.T.);
#326 = VERTEX_POINT('',#327);
#327 = CARTESIAN_POINT('',(79.,-77.,4.));
#328 = SURFACE_CURVE('',#329,(#333,#340),.PCURVE_S1.);
#329 = LINE('',#330,#331);
#330 = CARTESIAN_POINT('',(-84.,-77.,4.));
#331 = VECTOR('',#332,1.);
#332 = DIRECTION('',(1.,0.,0.));
#333 = PCURVE('',#66,#334);
#334 = DEFINITIONAL_REPRESENTATION('',(#335),#339);
#335 = LINE('',#336,#337);
#336 = CARTESIAN_POINT('',(6.,3.));
#337 = VECTOR('',#338,1.);
#338 = DIRECTION('',(1.,0.));
#339 = ( GEOMETRIC_REPRESENTATION_CONTEXT(2) 
PARAMETRIC_REPRESENTATION_CONTEXT() REPRESENTATION_CONTEXT('2D SPACE',''
  ) );
#340 = PCURVE('',#341,#346);
#341 = PLANE('',#342);
#342 = AXIS2_PLACEMENT_3D('',#343,#344,#345);
#343 = CARTESIAN_POINT('',(-84.,-77.,4.));
#344 = DIRECTION('',(0.,1.,0.));
#345 = DIRECTION('',(0.,0.,1.));
#346 = DEFINITIONAL_REPRESENTATION('',(#347),#351);
#347 = LINE('',#348,#349);
#348 = CARTESIAN_POINT('',(0.,0.));
#349 = VECTOR('',#350,1.);
#350 = DIRECTION('',(0.,1.));
#351 = ( GEOMETRIC_REPRESENTATION_CONTEXT(2) 
PARAMETRIC_REPRESENTATION_CONTEXT() REPRESENTATION_CONTEXT('2D SPACE',''
  ) );
#352 = ORIENTED_EDGE('',*,*,#353,.T.);
#353 = EDGE_CURVE('',#326,#354,#356,.T.);
#354 = VERTEX_POINT('',#355);
#355 = CARTESIAN_POINT('',(79.,-54.,4.));
#356 = SURFACE_CURVE('',#357,(#361,#367),.PCURVE_S1.);
#357 = LINE('',#358,#359);
#358 = CARTESIAN_POINT('',(79.,-82.,4.));
#359 = VECTOR('',#360,1.);
#360 = DIRECTION('',(1.110223024625E-16,1.,-0.));
#361 = PCURVE('',#66,#362);
#362 = DEFINITIONAL_REPRESENTATION('',(#363),#366);
#363 = B_SPLINE_CURVE_WITH_KNOTS('',1,(#364,#365),.UNSPECIFIED.,.F.,.F.,
  (2,2),(2.,28.),.PIECEWISE_BEZIER_KNOTS.);
#364 = CARTESIAN_POINT('',(169.,0.));
#365 = CARTESIAN_POINT('',(169.,26.));
#366 = ( GEOMETRIC_REPRESENTATION_CONTEXT(2) 
PARAMETRIC_REPRESENTATION_CONTEXT() REPRESENTATION_CONTEXT('2D SPACE',''
  ) );
#367 = PCURVE('',#368,#373);
#368 = PLANE('',#369);
#369 = AXIS2_PLACEMENT_3D('',#370,#371,#372);
#370 = CARTESIAN_POINT('',(79.,-84.,200.0000002));
#371 = DIRECTION('',(1.,-1.110223024625E-16,-0.));
#372 = DIRECTION('',(1.110223024625E-16,1.,0.));
#373 = DEFINITIONAL_REPRESENTATION('',(#374),#377);
#374 = B_SPLINE_CURVE_WITH_KNOTS('',1,(#375,#376),.UNSPECIFIED.,.F.,.F.,
  (2,2),(2.,28.),.PIECEWISE_BEZIER_KNOTS.);
#375 = CARTESIAN_POINT('',(4.,-196.0000002));
#376 = CARTESIAN_POINT('',(30.,-196.0000002));
#377 = ( GEOMETRIC_REPRESENTATION_CONTEXT(2) 
PARAMETRIC_REPRESENTATION_CONTEXT() REPRESENTATION_CONTEXT('2D SPACE',''
  ) );
#378 = ORIENTED_EDGE('',*,*,#379,.F.);
#379 = EDGE_CURVE('',#380,#354,#382,.T.);
#380 = VERTEX_POINT('',#381);
#381 = CARTESIAN_POINT('',(83.,-54.,4.));
#382 = SURFACE_CURVE('',#383,(#388,#395),.PCURVE_S1.);
#383 = CIRCLE('',#384,2.);
#384 = AXIS2_PLACEMENT_3D('',#385,#386,#387);
#385 = CARTESIAN_POINT('',(81.,-54.,4.));
#386 = DIRECTION('',(0.,0.,1.));
#387 = DIRECTION('',(-1.,1.110223024625E-16,0.));
#388 = PCURVE('',#66,#389);
#389 = DEFINITIONAL_REPRESENTATION('',(#390),#394);
#390 = CIRCLE('',#391,2.);
#391 = AXIS2_PLACEMENT_2D('',#392,#393);
#392 = CARTESIAN_POINT('',(171.,26.));
#393 = DIRECTION('',(-1.,1.110223024625E-16));
#394 = ( GEOMETRIC_REPRESENTATION_CONTEXT(2) 
PARAMETRIC_REPRESENTATION_CONTEXT() REPRESENTATION_CONTEXT('2D SPACE',''
  ) );
#395 = PCURVE('',#396,#401);
#396 = CYLINDRICAL_SURFACE('',#397,2.);
#397 = AXIS2_PLACEMENT_3D('',#398,#399,#400);
#398 = CARTESIAN_POINT('',(81.,-54.,200.0000002));
#399 = DIRECTION('',(0.,0.,1.));
#400 = DIRECTION('',(-1.,1.110223024625E-16,0.));
#401 = DEFINITIONAL_REPRESENTATION('',(#402),#406);
#402 = LINE('',#403,#404);
#403 = CARTESIAN_POINT('',(-6.28318530718,-196.0000002));
#404 = VECTOR('',#405,1.);
#405 = DIRECTION('',(1.,-0.));
#406 = ( GEOMETRIC_REPRESENTATION_CONTEXT(2) 
PARAMETRIC_REPRESENTATION_CONTEXT() REPRESENTATION_CONTEXT('2D SPACE',''
  ) );
#407 = ORIENTED_EDGE('',*,*,#408,.T.);
#408 = EDGE_CURVE('',#380,#409,#411,.T.);
#409 = VERTEX_POINT('',#410);
#410 = CARTESIAN_POINT('',(83.,-77.,4.));
#411 = SURFACE_CURVE('',#412,(#416,#422),.PCURVE_S1.);
#412 = LINE('',#413,#414);
#413 = CARTESIAN_POINT('',(83.,-67.,4.));
#414 = VECTOR('',#415,1.);
#415 = DIRECTION('',(-1.110223024625E-16,-1.,0.));
#416 = PCURVE('',#66,#417);
#417 = DEFINITIONAL_REPRESENTATION('',(#418),#421);
#418 = B_SPLINE_CURVE_WITH_KNOTS('',1,(#419,#420),.UNSPECIFIED.,.F.,.F.,
  (2,2),(-13.,13.),.PIECEWISE_BEZIER_KNOTS.);
#419 = CARTESIAN_POINT('',(173.,26.));
#420 = CARTESIAN_POINT('',(173.,0.));
#421 = ( GEOMETRIC_REPRESENTATION_CONTEXT(2) 
PARAMETRIC_REPRESENTATION_CONTEXT() REPRESENTATION_CONTEXT('2D SPACE',''
  ) );
#422 = PCURVE('',#423,#428);
#423 = PLANE('',#424);
#424 = AXIS2_PLACEMENT_3D('',#425,#426,#427);
#425 = CARTESIAN_POINT('',(83.,-54.,200.0000002));
#426 = DIRECTION('',(-1.,1.110223024625E-16,0.));
#427 = DIRECTION('',(-1.110223024625E-16,-1.,0.));
#428 = DEFINITIONAL_REPRESENTATION('',(#429),#432);
#429 = B_SPLINE_CURVE_WITH_KNOTS('',1,(#430,#431),.UNSPECIFIED.,.F.,.F.,
  (2,2),(-13.,13.),.PIECEWISE_BEZIER_KNOTS.);
#430 = CARTESIAN_POINT('',(0.,-196.0000002));
#431 = CARTESIAN_POINT('',(26.,-196.0000002));
#432 = ( GEOMETRIC_REPRESENTATION_CONTEXT(2) 
PARAMETRIC_REPRESENTATION_CONTEXT() REPRESENTATION_CONTEXT('2D SPACE',''
  ) );
#433 = ORIENTED_EDGE('',*,*,#434,.T.);
#434 = EDGE_CURVE('',#409,#435,#437,.T.);
#435 = VERTEX_POINT('',#436);
#436 = CARTESIAN_POINT('',(84.,-77.,4.));
#437 = SURFACE_CURVE('',#438,(#442,#449),.PCURVE_S1.);
#438 = LINE('',#439,#440);
#439 = CARTESIAN_POINT('',(-84.,-77.,4.));
#440 = VECTOR('',#441,1.);
#441 = DIRECTION('',(1.,0.,0.));
#442 = PCURVE('',#66,#443);
#443 = DEFINITIONAL_REPRESENTATION('',(#444),#448);
#444 = LINE('',#445,#446);
#445 = CARTESIAN_POINT('',(6.,3.));
#446 = VECTOR('',#447,1.);
#447 = DIRECTION('',(1.,0.));
#448 = ( GEOMETRIC_REPRESENTATION_CONTEXT(2) 
PARAMETRIC_REPRESENTATION_CONTEXT() REPRESENTATION_CONTEXT('2D SPACE',''
  ) );
#449 = PCURVE('',#450,#455);
#450 = PLANE('',#451);
#451 = AXIS2_PLACEMENT_3D('',#452,#453,#454);
#452 = CARTESIAN_POINT('',(-84.,-77.,4.));
#453 = DIRECTION('',(0.,1.,0.));
#454 = DIRECTION('',(0.,0.,1.));
#455 = DEFINITIONAL_REPRESENTATION('',(#456),#460);
#456 = LINE('',#457,#458);
#457 = CARTESIAN_POINT('',(0.,0.));
#458 = VECTOR('',#459,1.);
#459 = DIRECTION('',(0.,1.));
#460 = ( GEOMETRIC_REPRESENTATION_CONTEXT(2) 
PARAMETRIC_REPRESENTATION_CONTEXT() REPRESENTATION_CONTEXT('2D SPACE',''
  ) );
#461 = ORIENTED_EDGE('',*,*,#462,.F.);
#462 = EDGE_CURVE('',#463,#435,#465,.T.);
#463 = VERTEX_POINT('',#464);
#464 = CARTESIAN_POINT('',(84.,-80.,4.));
#465 = SURFACE_CURVE('',#466,(#470,#477),.PCURVE_S1.);
#466 = LINE('',#467,#468);
#467 = CARTESIAN_POINT('',(84.,-80.,4.));
#468 = VECTOR('',#469,1.);
#469 = DIRECTION('',(0.,1.,0.));
#470 = PCURVE('',#66,#471);
#471 = DEFINITIONAL_REPRESENTATION('',(#472),#476);
#472 = LINE('',#473,#474);
#473 = CARTESIAN_POINT('',(174.,0.));
#474 = VECTOR('',#475,1.);
#475 = DIRECTION('',(0.,1.));
#476 = ( GEOMETRIC_REPRESENTATION_CONTEXT(2) 
PARAMETRIC_REPRESENTATION_CONTEXT() REPRESENTATION_CONTEXT('2D SPACE',''
  ) );
#477 = PCURVE('',#478,#483);
#478 = PLANE('',#479);
#479 = AXIS2_PLACEMENT_3D('',#480,#481,#482);
#480 = CARTESIAN_POINT('',(84.,-80.,4.));
#481 = DIRECTION('',(1.,0.,0.));
#482 = DIRECTION('',(0.,0.,1.));
#483 = DEFINITIONAL_REPRESENTATION('',(#484),#488);
#484 = LINE('',#485,#486);
#485 = CARTESIAN_POINT('',(0.,0.));
#486 = VECTOR('',#487,1.);
#487 = DIRECTION('',(0.,-1.));
#488 = ( GEOMETRIC_REPRESENTATION_CONTEXT(2) 
PARAMETRIC_REPRESENTATION_CONTEXT() REPRESENTATION_CONTEXT('2D SPACE',''
  ) );
#489 = ORIENTED_EDGE('',*,*,#490,.F.);
#490 = EDGE_CURVE('',#491,#463,#493,.T.);
#491 = VERTEX_POINT('',#492);
#492 = CARTESIAN_POINT('',(90.,-74.,4.));
#493 = SURFACE_CURVE('',#494,(#499,#510),.PCURVE_S1.);
#494 = CIRCLE('',#495,6.);
#495 = AXIS2_PLACEMENT_3D('',#496,#497,#498);
#496 = CARTESIAN_POINT('',(84.,-74.,4.));
#497 = DIRECTION('',(-0.,-0.,-1.));
#498 = DIRECTION('',(0.,-1.,0.));
#499 = PCURVE('',#66,#500);
#500 = DEFINITIONAL_REPRESENTATION('',(#501),#509);
#501 = ( BOUNDED_CURVE() B_SPLINE_CURVE(2,(#502,#503,#504,#505,#506,#507
,#508),.UNSPECIFIED.,.T.,.F.) B_SPLINE_CURVE_WITH_KNOTS((1,2,2,2,2,1),(
    -2.094395102393,0.,2.094395102393,4.188790204786,6.28318530718,
8.377580409573),.UNSPECIFIED.) CURVE() GEOMETRIC_REPRESENTATION_ITEM() 
RATIONAL_B_SPLINE_CURVE((1.,0.5,1.,0.5,1.,0.5,1.)) REPRESENTATION_ITEM(
  '') );
#502 = CARTESIAN_POINT('',(174.,0.));
#503 = CARTESIAN_POINT('',(163.60769515458,0.));
#504 = CARTESIAN_POINT('',(168.80384757729,9.));
#505 = CARTESIAN_POINT('',(174.,18.));
#506 = CARTESIAN_POINT('',(179.1961524227,9.));
#507 = CARTESIAN_POINT('',(184.39230484541,8.881784197001E-15));
#508 = CARTESIAN_POINT('',(174.,0.));
#509 = ( GEOMETRIC_REPRESENTATION_CONTEXT(2) 
PARAMETRIC_REPRESENTATION_CONTEXT() REPRESENTATION_CONTEXT('2D SPACE',''
  ) );
#510 = PCURVE('',#511,#516);
#511 = CYLINDRICAL_SURFACE('',#512,6.);
#512 = AXIS2_PLACEMENT_3D('',#513,#514,#515);
#513 = CARTESIAN_POINT('',(84.,-74.,0.));
#514 = DIRECTION('',(0.,0.,1.));
#515 = DIRECTION('',(1.,0.,-0.));
#516 = DEFINITIONAL_REPRESENTATION('',(#517),#521);
#517 = LINE('',#518,#519);
#518 = CARTESIAN_POINT('',(4.712388980385,4.));
#519 = VECTOR('',#520,1.);
#520 = DIRECTION('',(-1.,0.));
#521 = ( GEOMETRIC_REPRESENTATION_CONTEXT(2) 
PARAMETRIC_REPRESENTATION_CONTEXT() REPRESENTATION_CONTEXT('2D SPACE',''
  ) );
#522 = ORIENTED_EDGE('',*,*,#523,.T.);
#523 = EDGE_CURVE('',#491,#524,#526,.T.);
#524 = VERTEX_POINT('',#525);
#525 = CARTESIAN_POINT('',(90.,74.,4.));
#526 = SURFACE_CURVE('',#527,(#531,#538),.PCURVE_S1.);
#527 = LINE('',#528,#529);
#528 = CARTESIAN_POINT('',(90.,-80.,4.));
#529 = VECTOR('',#530,1.);
#530 = DIRECTION('',(0.,1.,0.));
#531 = PCURVE('',#66,#532);
#532 = DEFINITIONAL_REPRESENTATION('',(#533),#537);
#533 = LINE('',#534,#535);
#534 = CARTESIAN_POINT('',(180.,0.));
#535 = VECTOR('',#536,1.);
#536 = DIRECTION('',(0.,1.));
#537 = ( GEOMETRIC_REPRESENTATION_CONTEXT(2) 
PARAMETRIC_REPRESENTATION_CONTEXT() REPRESENTATION_CONTEXT('2D SPACE',''
  ) );
#538 = PCURVE('',#539,#544);
#539 = PLANE('',#540);
#540 = AXIS2_PLACEMENT_3D('',#541,#542,#543);
#541 = CARTESIAN_POINT('',(90.,-80.,0.));
#542 = DIRECTION('',(1.,0.,0.));
#543 = DIRECTION('',(0.,0.,1.));
#544 = DEFINITIONAL_REPRESENTATION('',(#545),#549);
#545 = LINE('',#546,#547);
#546 = CARTESIAN_POINT('',(4.,0.));
#547 = VECTOR('',#548,1.);
#548 = DIRECTION('',(0.,-1.));
#549 = ( GEOMETRIC_REPRESENTATION_CONTEXT(2) 
PARAMETRIC_REPRESENTATION_CONTEXT() REPRESENTATION_CONTEXT('2D SPACE',''
  ) );
#550 = ORIENTED_EDGE('',*,*,#551,.T.);
#551 = EDGE_CURVE('',#524,#552,#554,.T.);
#552 = VERTEX_POINT('',#553);
#553 = CARTESIAN_POINT('',(84.,80.,4.));
#554 = SURFACE_CURVE('',#555,(#560,#567),.PCURVE_S1.);
#555 = CIRCLE('',#556,6.);
#556 = AXIS2_PLACEMENT_3D('',#557,#558,#559);
#557 = CARTESIAN_POINT('',(84.,74.,4.));
#558 = DIRECTION('',(0.,0.,1.));
#559 = DIRECTION('',(0.,-1.,0.));
#560 = PCURVE('',#66,#561);
#561 = DEFINITIONAL_REPRESENTATION('',(#562),#566);
#562 = CIRCLE('',#563,6.);
#563 = AXIS2_PLACEMENT_2D('',#564,#565);
#564 = CARTESIAN_POINT('',(174.,154.));
#565 = DIRECTION('',(0.,-1.));
#566 = ( GEOMETRIC_REPRESENTATION_CONTEXT(2) 
PARAMETRIC_REPRESENTATION_CONTEXT() REPRESENTATION_CONTEXT('2D SPACE',''
  ) );
#567 = PCURVE('',#568,#573);
#568 = CYLINDRICAL_SURFACE('',#569,6.);
#569 = AXIS2_PLACEMENT_3D('',#570,#571,#572);
#570 = CARTESIAN_POINT('',(84.,74.,0.));
#571 = DIRECTION('',(0.,0.,1.));
#572 = DIRECTION('',(1.,0.,-0.));
#573 = DEFINITIONAL_REPRESENTATION('',(#574),#578);
#574 = LINE('',#575,#576);
#575 = CARTESIAN_POINT('',(-1.570796326795,4.));
#576 = VECTOR('',#577,1.);
#577 = DIRECTION('',(1.,0.));
#578 = ( GEOMETRIC_REPRESENTATION_CONTEXT(2) 
PARAMETRIC_REPRESENTATION_CONTEXT() REPRESENTATION_CONTEXT('2D SPACE',''
  ) );
#579 = ORIENTED_EDGE('',*,*,#580,.F.);
#580 = EDGE_CURVE('',#581,#552,#583,.T.);
#581 = VERTEX_POINT('',#582);
#582 = CARTESIAN_POINT('',(84.,77.,4.));
#583 = SURFACE_CURVE('',#584,(#588,#595),.PCURVE_S1.);
#584 = LINE('',#585,#586);
#585 = CARTESIAN_POINT('',(84.,77.,4.));
#586 = VECTOR('',#587,1.);
#587 = DIRECTION('',(0.,1.,0.));
#588 = PCURVE('',#66,#589);
#589 = DEFINITIONAL_REPRESENTATION('',(#590),#594);
#590 = LINE('',#591,#592);
#591 = CARTESIAN_POINT('',(174.,157.));
#592 = VECTOR('',#593,1.);
#593 = DIRECTION('',(0.,1.));
#594 = ( GEOMETRIC_REPRESENTATION_CONTEXT(2) 
PARAMETRIC_REPRESENTATION_CONTEXT() REPRESENTATION_CONTEXT('2D SPACE',''
  ) );
#595 = PCURVE('',#596,#601);
#596 = PLANE('',#597);
#597 = AXIS2_PLACEMENT_3D('',#598,#599,#600);
#598 = CARTESIAN_POINT('',(84.,77.,4.));
#599 = DIRECTION('',(1.,0.,0.));
#600 = DIRECTION('',(0.,0.,1.));
#601 = DEFINITIONAL_REPRESENTATION('',(#602),#606);
#602 = LINE('',#603,#604);
#603 = CARTESIAN_POINT('',(0.,0.));
#604 = VECTOR('',#605,1.);
#605 = DIRECTION('',(0.,-1.));
#606 = ( GEOMETRIC_REPRESENTATION_CONTEXT(2) 
PARAMETRIC_REPRESENTATION_CONTEXT() REPRESENTATION_CONTEXT('2D SPACE',''
  ) );
#607 = ORIENTED_EDGE('',*,*,#608,.F.);
#608 = EDGE_CURVE('',#609,#581,#611,.T.);
#609 = VERTEX_POINT('',#610);
#610 = CARTESIAN_POINT('',(83.,77.,4.));
#611 = SURFACE_CURVE('',#612,(#616,#623),.PCURVE_S1.);
#612 = LINE('',#613,#614);
#613 = CARTESIAN_POINT('',(-84.,77.,4.));
#614 = VECTOR('',#615,1.);
#615 = DIRECTION('',(1.,0.,0.));
#616 = PCURVE('',#66,#617);
#617 = DEFINITIONAL_REPRESENTATION('',(#618),#622);
#618 = LINE('',#619,#620);
#619 = CARTESIAN_POINT('',(6.,157.));
#620 = VECTOR('',#621,1.);
#621 = DIRECTION('',(1.,0.));
#622 = ( GEOMETRIC_REPRESENTATION_CONTEXT(2) 
PARAMETRIC_REPRESENTATION_CONTEXT() REPRESENTATION_CONTEXT('2D SPACE',''
  ) );
#623 = PCURVE('',#624,#629);
#624 = PLANE('',#625);
#625 = AXIS2_PLACEMENT_3D('',#626,#627,#628);
#626 = CARTESIAN_POINT('',(-84.,77.,4.));
#627 = DIRECTION('',(0.,1.,0.));
#628 = DIRECTION('',(0.,0.,1.));
#629 = DEFINITIONAL_REPRESENTATION('',(#630),#634);
#630 = LINE('',#631,#632);
#631 = CARTESIAN_POINT('',(0.,0.));
#632 = VECTOR('',#633,1.);
#633 = DIRECTION('',(0.,1.));
#634 = ( GEOMETRIC_REPRESENTATION_CONTEXT(2) 
PARAMETRIC_REPRESENTATION_CONTEXT() REPRESENTATION_CONTEXT('2D SPACE',''
  ) );
#635 = ORIENTED_EDGE('',*,*,#636,.T.);
#636 = EDGE_CURVE('',#609,#637,#639,.T.);
#637 = VERTEX_POINT('',#638);
#638 = CARTESIAN_POINT('',(83.,54.,4.));
#639 = SURFACE_CURVE('',#640,(#644,#650),.PCURVE_S1.);
#640 = LINE('',#641,#642);
#641 = CARTESIAN_POINT('',(83.,2.,4.));
#642 = VECTOR('',#643,1.);
#643 = DIRECTION('',(-1.110223024625E-16,-1.,0.));
#644 = PCURVE('',#66,#645);
#645 = DEFINITIONAL_REPRESENTATION('',(#646),#649);
#646 = B_SPLINE_CURVE_WITH_KNOTS('',1,(#647,#648),.UNSPECIFIED.,.F.,.F.,
  (2,2),(-78.,-52.),.PIECEWISE_BEZIER_KNOTS.);
#647 = CARTESIAN_POINT('',(173.,160.));
#648 = CARTESIAN_POINT('',(173.,134.));
#649 = ( GEOMETRIC_REPRESENTATION_CONTEXT(2) 
PARAMETRIC_REPRESENTATION_CONTEXT() REPRESENTATION_CONTEXT('2D SPACE',''
  ) );
#650 = PCURVE('',#651,#656);
#651 = PLANE('',#652);
#652 = AXIS2_PLACEMENT_3D('',#653,#654,#655);
#653 = CARTESIAN_POINT('',(83.,84.,200.0000003));
#654 = DIRECTION('',(-1.,1.110223024625E-16,0.));
#655 = DIRECTION('',(-1.110223024625E-16,-1.,0.));
#656 = DEFINITIONAL_REPRESENTATION('',(#657),#660);
#657 = B_SPLINE_CURVE_WITH_KNOTS('',1,(#658,#659),.UNSPECIFIED.,.F.,.F.,
  (2,2),(-78.,-52.),.PIECEWISE_BEZIER_KNOTS.);
#658 = CARTESIAN_POINT('',(4.,-196.0000003));
#659 = CARTESIAN_POINT('',(30.,-196.0000003));
#660 = ( GEOMETRIC_REPRESENTATION_CONTEXT(2) 
PARAMETRIC_REPRESENTATION_CONTEXT() REPRESENTATION_CONTEXT('2D SPACE',''
  ) );
#661 = ORIENTED_EDGE('',*,*,#662,.F.);
#662 = EDGE_CURVE('',#663,#637,#665,.T.);
#663 = VERTEX_POINT('',#664);
#664 = CARTESIAN_POINT('',(79.,54.,4.));
#665 = SURFACE_CURVE('',#666,(#671,#678),.PCURVE_S1.);
#666 = CIRCLE('',#667,2.);
#667 = AXIS2_PLACEMENT_3D('',#668,#669,#670);
#668 = CARTESIAN_POINT('',(81.,54.,4.));
#669 = DIRECTION('',(0.,-0.,1.));
#670 = DIRECTION('',(1.,-1.110223024625E-16,-0.));
#671 = PCURVE('',#66,#672);
#672 = DEFINITIONAL_REPRESENTATION('',(#673),#677);
#673 = CIRCLE('',#674,2.);
#674 = AXIS2_PLACEMENT_2D('',#675,#676);
#675 = CARTESIAN_POINT('',(171.,134.));
#676 = DIRECTION('',(1.,-1.110223024625E-16));
#677 = ( GEOMETRIC_REPRESENTATION_CONTEXT(2) 
PARAMETRIC_REPRESENTATION_CONTEXT() REPRESENTATION_CONTEXT('2D SPACE',''
  ) );
#678 = PCURVE('',#679,#684);
#679 = CYLINDRICAL_SURFACE('',#680,2.);
#680 = AXIS2_PLACEMENT_3D('',#681,#682,#683);
#681 = CARTESIAN_POINT('',(81.,54.,200.0000003));
#682 = DIRECTION('',(0.,-0.,1.));
#683 = DIRECTION('',(1.,-1.110223024625E-16,-0.));
#684 = DEFINITIONAL_REPRESENTATION('',(#685),#689);
#685 = LINE('',#686,#687);
#686 = CARTESIAN_POINT('',(-6.28318530718,-196.0000003));
#687 = VECTOR('',#688,1.);
#688 = DIRECTION('',(1.,-0.));
#689 = ( GEOMETRIC_REPRESENTATION_CONTEXT(2) 
PARAMETRIC_REPRESENTATION_CONTEXT() REPRESENTATION_CONTEXT('2D SPACE',''
  ) );
#690 = ORIENTED_EDGE('',*,*,#691,.T.);
#691 = EDGE_CURVE('',#663,#692,#694,.T.);
#692 = VERTEX_POINT('',#693);
#693 = CARTESIAN_POINT('',(79.,77.,4.));
#694 = SURFACE_CURVE('',#695,(#699,#705),.PCURVE_S1.);
#695 = LINE('',#696,#697);
#696 = CARTESIAN_POINT('',(79.,-13.,4.));
#697 = VECTOR('',#698,1.);
#698 = DIRECTION('',(1.110223024625E-16,1.,-0.));
#699 = PCURVE('',#66,#700);
#700 = DEFINITIONAL_REPRESENTATION('',(#701),#704);
#701 = B_SPLINE_CURVE_WITH_KNOTS('',1,(#702,#703),.UNSPECIFIED.,.F.,.F.,
  (2,2),(67.,93.),.PIECEWISE_BEZIER_KNOTS.);
#702 = CARTESIAN_POINT('',(169.,134.));
#703 = CARTESIAN_POINT('',(169.,160.));
#704 = ( GEOMETRIC_REPRESENTATION_CONTEXT(2) 
PARAMETRIC_REPRESENTATION_CONTEXT() REPRESENTATION_CONTEXT('2D SPACE',''
  ) );
#705 = PCURVE('',#706,#711);
#706 = PLANE('',#707);
#707 = AXIS2_PLACEMENT_3D('',#708,#709,#710);
#708 = CARTESIAN_POINT('',(79.,54.,200.0000003));
#709 = DIRECTION('',(1.,-1.110223024625E-16,-0.));
#710 = DIRECTION('',(1.110223024625E-16,1.,0.));
#711 = DEFINITIONAL_REPRESENTATION('',(#712),#715);
#712 = B_SPLINE_CURVE_WITH_KNOTS('',1,(#713,#714),.UNSPECIFIED.,.F.,.F.,
  (2,2),(67.,93.),.PIECEWISE_BEZIER_KNOTS.);
#713 = CARTESIAN_POINT('',(0.,-196.0000003));
#714 = CARTESIAN_POINT('',(26.,-196.0000003));
#715 = ( GEOMETRIC_REPRESENTATION_CONTEXT(2) 
PARAMETRIC_REPRESENTATION_CONTEXT() REPRESENTATION_CONTEXT('2D SPACE',''
  ) );
#716 = ORIENTED_EDGE('',*,*,#717,.F.);
#717 = EDGE_CURVE('',#718,#692,#720,.T.);
#718 = VERTEX_POINT('',#719);
#719 = CARTESIAN_POINT('',(14.866068747319,77.,4.));
#720 = SURFACE_CURVE('',#721,(#725,#732),.PCURVE_S1.);
#721 = LINE('',#722,#723);
#722 = CARTESIAN_POINT('',(-84.,77.,4.));
#723 = VECTOR('',#724,1.);
#724 = DIRECTION('',(1.,0.,0.));
#725 = PCURVE('',#66,#726);
#726 = DEFINITIONAL_REPRESENTATION('',(#727),#731);
#727 = LINE('',#728,#729);
#728 = CARTESIAN_POINT('',(6.,157.));
#729 = VECTOR('',#730,1.);
#730 = DIRECTION('',(1.,0.));
#731 = ( GEOMETRIC_REPRESENTATION_CONTEXT(2) 
PARAMETRIC_REPRESENTATION_CONTEXT() REPRESENTATION_CONTEXT('2D SPACE',''
  ) );
#732 = PCURVE('',#733,#738);
#733 = PLANE('',#734);
#734 = AXIS2_PLACEMENT_3D('',#735,#736,#737);
#735 = CARTESIAN_POINT('',(-84.,77.,4.));
#736 = DIRECTION('',(0.,1.,0.));
#737 = DIRECTION('',(0.,0.,1.));
#738 = DEFINITIONAL_REPRESENTATION('',(#739),#743);
#739 = LINE('',#740,#741);
#740 = CARTESIAN_POINT('',(0.,0.));
#741 = VECTOR('',#742,1.);
#742 = DIRECTION('',(0.,1.));
#743 = ( GEOMETRIC_REPRESENTATION_CONTEXT(2) 
PARAMETRIC_REPRESENTATION_CONTEXT() REPRESENTATION_CONTEXT('2D SPACE',''
  ) );
#744 = ORIENTED_EDGE('',*,*,#745,.F.);
#745 = EDGE_CURVE('',#746,#718,#748,.T.);
#746 = VERTEX_POINT('',#747);
#747 = CARTESIAN_POINT('',(14.866068747319,75.,4.));
#748 = SURFACE_CURVE('',#749,(#753,#759),.PCURVE_S1.);
#749 = LINE('',#750,#751);
#750 = CARTESIAN_POINT('',(14.866068747319,85.,4.));
#751 = VECTOR('',#752,1.);
#752 = DIRECTION('',(-0.,1.,-0.));
#753 = PCURVE('',#66,#754);
#754 = DEFINITIONAL_REPRESENTATION('',(#755),#758);
#755 = B_SPLINE_CURVE_WITH_KNOTS('',1,(#756,#757),.UNSPECIFIED.,.F.,.F.,
  (2,2),(-10.0000006,6.000000070117E-07),.PIECEWISE_BEZIER_KNOTS.);
#756 = CARTESIAN_POINT('',(104.86606874731,154.9999994));
#757 = CARTESIAN_POINT('',(104.86606874731,165.0000006));
#758 = ( GEOMETRIC_REPRESENTATION_CONTEXT(2) 
PARAMETRIC_REPRESENTATION_CONTEXT() REPRESENTATION_CONTEXT('2D SPACE',''
  ) );
#759 = PCURVE('',#760,#765);
#760 = CYLINDRICAL_SURFACE('',#761,15.);
#761 = AXIS2_PLACEMENT_3D('',#762,#763,#764);
#762 = CARTESIAN_POINT('',(0.,85.,2.));
#763 = DIRECTION('',(-0.,1.,-0.));
#764 = DIRECTION('',(1.,0.,0.));
#765 = DEFINITIONAL_REPRESENTATION('',(#766),#769);
#766 = B_SPLINE_CURVE_WITH_KNOTS('',1,(#767,#768),.UNSPECIFIED.,.F.,.F.,
  (2,2),(-10.0000006,6.000000070117E-07),.PIECEWISE_BEZIER_KNOTS.);
#767 = CARTESIAN_POINT('',(-0.13373158941,-10.0000006));
#768 = CARTESIAN_POINT('',(-0.13373158941,6.000000070117E-07));
#769 = ( GEOMETRIC_REPRESENTATION_CONTEXT(2) 
PARAMETRIC_REPRESENTATION_CONTEXT() REPRESENTATION_CONTEXT('2D SPACE',''
  ) );
#770 = ORIENTED_EDGE('',*,*,#771,.F.);
#771 = EDGE_CURVE('',#772,#746,#774,.T.);
#772 = VERTEX_POINT('',#773);
#773 = CARTESIAN_POINT('',(-14.86606874731,75.,4.));
#774 = SURFACE_CURVE('',#775,(#779,#785),.PCURVE_S1.);
#775 = LINE('',#776,#777);
#776 = CARTESIAN_POINT('',(-45.,75.,4.));
#777 = VECTOR('',#778,1.);
#778 = DIRECTION('',(1.,0.,0.));
#779 = PCURVE('',#66,#780);
#780 = DEFINITIONAL_REPRESENTATION('',(#781),#784);
#781 = B_SPLINE_CURVE_WITH_KNOTS('',1,(#782,#783),.UNSPECIFIED.,.F.,.F.,
  (2,2),(30.,60.),.PIECEWISE_BEZIER_KNOTS.);
#782 = CARTESIAN_POINT('',(75.,155.));
#783 = CARTESIAN_POINT('',(105.,155.));
#784 = ( GEOMETRIC_REPRESENTATION_CONTEXT(2) 
PARAMETRIC_REPRESENTATION_CONTEXT() REPRESENTATION_CONTEXT('2D SPACE',''
  ) );
#785 = PCURVE('',#786,#791);
#786 = PLANE('',#787);
#787 = AXIS2_PLACEMENT_3D('',#788,#789,#790);
#788 = CARTESIAN_POINT('',(-7.29301404021E-16,75.,2.));
#789 = DIRECTION('',(-0.,-1.,-0.));
#790 = DIRECTION('',(0.,0.,-1.));
#791 = DEFINITIONAL_REPRESENTATION('',(#792),#795);
#792 = B_SPLINE_CURVE_WITH_KNOTS('',1,(#793,#794),.UNSPECIFIED.,.F.,.F.,
  (2,2),(30.,60.),.PIECEWISE_BEZIER_KNOTS.);
#793 = CARTESIAN_POINT('',(-2.,-15.));
#794 = CARTESIAN_POINT('',(-2.,15.));
#795 = ( GEOMETRIC_REPRESENTATION_CONTEXT(2) 
PARAMETRIC_REPRESENTATION_CONTEXT() REPRESENTATION_CONTEXT('2D SPACE',''
  ) );
#796 = ORIENTED_EDGE('',*,*,#797,.T.);
#797 = EDGE_CURVE('',#772,#798,#800,.T.);
#798 = VERTEX_POINT('',#799);
#799 = CARTESIAN_POINT('',(-14.86606874731,77.,4.));
#800 = SURFACE_CURVE('',#801,(#805,#811),.PCURVE_S1.);
#801 = LINE('',#802,#803);
#802 = CARTESIAN_POINT('',(-14.86606874731,85.,4.));
#803 = VECTOR('',#804,1.);
#804 = DIRECTION('',(-0.,1.,-0.));
#805 = PCURVE('',#66,#806);
#806 = DEFINITIONAL_REPRESENTATION('',(#807),#810);
#807 = B_SPLINE_CURVE_WITH_KNOTS('',1,(#808,#809),.UNSPECIFIED.,.F.,.F.,
  (2,2),(-10.0000006,6.000000070117E-07),.PIECEWISE_BEZIER_KNOTS.);
#808 = CARTESIAN_POINT('',(75.133931252681,154.9999994));
#809 = CARTESIAN_POINT('',(75.133931252681,165.0000006));
#810 = ( GEOMETRIC_REPRESENTATION_CONTEXT(2) 
PARAMETRIC_REPRESENTATION_CONTEXT() REPRESENTATION_CONTEXT('2D SPACE',''
  ) );
#811 = PCURVE('',#760,#812);
#812 = DEFINITIONAL_REPRESENTATION('',(#813),#816);
#813 = B_SPLINE_CURVE_WITH_KNOTS('',1,(#814,#815),.UNSPECIFIED.,.F.,.F.,
  (2,2),(-10.0000006,6.000000070117E-07),.PIECEWISE_BEZIER_KNOTS.);
#814 = CARTESIAN_POINT('',(-3.00786106418,-10.0000006));
#815 = CARTESIAN_POINT('',(-3.00786106418,6.000000070117E-07));
#816 = ( GEOMETRIC_REPRESENTATION_CONTEXT(2) 
PARAMETRIC_REPRESENTATION_CONTEXT() REPRESENTATION_CONTEXT('2D SPACE',''
  ) );
#817 = ORIENTED_EDGE('',*,*,#818,.F.);
#818 = EDGE_CURVE('',#819,#798,#821,.T.);
#819 = VERTEX_POINT('',#820);
#820 = CARTESIAN_POINT('',(-79.,77.,4.));
#821 = SURFACE_CURVE('',#822,(#826,#833),.PCURVE_S1.);
#822 = LINE('',#823,#824);
#823 = CARTESIAN_POINT('',(-84.,77.,4.));
#824 = VECTOR('',#825,1.);
#825 = DIRECTION('',(1.,0.,0.));
#826 = PCURVE('',#66,#827);
#827 = DEFINITIONAL_REPRESENTATION('',(#828),#832);
#828 = LINE('',#829,#830);
#829 = CARTESIAN_POINT('',(6.,157.));
#830 = VECTOR('',#831,1.);
#831 = DIRECTION('',(1.,0.));
#832 = ( GEOMETRIC_REPRESENTATION_CONTEXT(2) 
PARAMETRIC_REPRESENTATION_CONTEXT() REPRESENTATION_CONTEXT('2D SPACE',''
  ) );
#833 = PCURVE('',#733,#834);
#834 = DEFINITIONAL_REPRESENTATION('',(#835),#839);
#835 = LINE('',#836,#837);
#836 = CARTESIAN_POINT('',(0.,0.));
#837 = VECTOR('',#838,1.);
#838 = DIRECTION('',(0.,1.));
#839 = ( GEOMETRIC_REPRESENTATION_CONTEXT(2) 
PARAMETRIC_REPRESENTATION_CONTEXT() REPRESENTATION_CONTEXT('2D SPACE',''
  ) );
#840 = ORIENTED_EDGE('',*,*,#841,.T.);
#841 = EDGE_CURVE('',#819,#842,#844,.T.);
#842 = VERTEX_POINT('',#843);
#843 = CARTESIAN_POINT('',(-79.,54.,4.));
#844 = SURFACE_CURVE('',#845,(#849,#855),.PCURVE_S1.);
#845 = LINE('',#846,#847);
#846 = CARTESIAN_POINT('',(-79.,2.,4.));
#847 = VECTOR('',#848,1.);
#848 = DIRECTION('',(-1.110223024625E-16,-1.,0.));
#849 = PCURVE('',#66,#850);
#850 = DEFINITIONAL_REPRESENTATION('',(#851),#854);
#851 = B_SPLINE_CURVE_WITH_KNOTS('',1,(#852,#853),.UNSPECIFIED.,.F.,.F.,
  (2,2),(-78.,-52.),.PIECEWISE_BEZIER_KNOTS.);
#852 = CARTESIAN_POINT('',(11.,160.));
#853 = CARTESIAN_POINT('',(11.,134.));
#854 = ( GEOMETRIC_REPRESENTATION_CONTEXT(2) 
PARAMETRIC_REPRESENTATION_CONTEXT() REPRESENTATION_CONTEXT('2D SPACE',''
  ) );
#855 = PCURVE('',#856,#861);
#856 = PLANE('',#857);
#857 = AXIS2_PLACEMENT_3D('',#858,#859,#860);
#858 = CARTESIAN_POINT('',(-79.,84.,200.0000003));
#859 = DIRECTION('',(-1.,1.110223024625E-16,0.));
#860 = DIRECTION('',(-1.110223024625E-16,-1.,0.));
#861 = DEFINITIONAL_REPRESENTATION('',(#862),#865);
#862 = B_SPLINE_CURVE_WITH_KNOTS('',1,(#863,#864),.UNSPECIFIED.,.F.,.F.,
  (2,2),(-78.,-52.),.PIECEWISE_BEZIER_KNOTS.);
#863 = CARTESIAN_POINT('',(4.,-196.0000003));
#864 = CARTESIAN_POINT('',(30.,-196.0000003));
#865 = ( GEOMETRIC_REPRESENTATION_CONTEXT(2) 
PARAMETRIC_REPRESENTATION_CONTEXT() REPRESENTATION_CONTEXT('2D SPACE',''
  ) );
#866 = ORIENTED_EDGE('',*,*,#867,.F.);
#867 = EDGE_CURVE('',#868,#842,#870,.T.);
#868 = VERTEX_POINT('',#869);
#869 = CARTESIAN_POINT('',(-83.,54.,4.));
#870 = SURFACE_CURVE('',#871,(#876,#883),.PCURVE_S1.);
#871 = CIRCLE('',#872,2.);
#872 = AXIS2_PLACEMENT_3D('',#873,#874,#875);
#873 = CARTESIAN_POINT('',(-81.,54.,4.));
#874 = DIRECTION('',(0.,-0.,1.));
#875 = DIRECTION('',(1.,-1.110223024625E-16,-0.));
#876 = PCURVE('',#66,#877);
#877 = DEFINITIONAL_REPRESENTATION('',(#878),#882);
#878 = CIRCLE('',#879,2.);
#879 = AXIS2_PLACEMENT_2D('',#880,#881);
#880 = CARTESIAN_POINT('',(9.,134.));
#881 = DIRECTION('',(1.,-1.110223024625E-16));
#882 = ( GEOMETRIC_REPRESENTATION_CONTEXT(2) 
PARAMETRIC_REPRESENTATION_CONTEXT() REPRESENTATION_CONTEXT('2D SPACE',''
  ) );
#883 = PCURVE('',#884,#889);
#884 = CYLINDRICAL_SURFACE('',#885,2.);
#885 = AXIS2_PLACEMENT_3D('',#886,#887,#888);
#886 = CARTESIAN_POINT('',(-81.,54.,200.0000003));
#887 = DIRECTION('',(0.,-0.,1.));
#888 = DIRECTION('',(1.,-1.110223024625E-16,-0.));
#889 = DEFINITIONAL_REPRESENTATION('',(#890),#894);
#890 = LINE('',#891,#892);
#891 = CARTESIAN_POINT('',(-6.28318530718,-196.0000003));
#892 = VECTOR('',#893,1.);
#893 = DIRECTION('',(1.,-0.));
#894 = ( GEOMETRIC_REPRESENTATION_CONTEXT(2) 
PARAMETRIC_REPRESENTATION_CONTEXT() REPRESENTATION_CONTEXT('2D SPACE',''
  ) );
#895 = ORIENTED_EDGE('',*,*,#896,.T.);
#896 = EDGE_CURVE('',#868,#897,#899,.T.);
#897 = VERTEX_POINT('',#898);
#898 = CARTESIAN_POINT('',(-83.,77.,4.));
#899 = SURFACE_CURVE('',#900,(#904,#910),.PCURVE_S1.);
#900 = LINE('',#901,#902);
#901 = CARTESIAN_POINT('',(-83.,-13.,4.));
#902 = VECTOR('',#903,1.);
#903 = DIRECTION('',(1.110223024625E-16,1.,-0.));
#904 = PCURVE('',#66,#905);
#905 = DEFINITIONAL_REPRESENTATION('',(#906),#909);
#906 = B_SPLINE_CURVE_WITH_KNOTS('',1,(#907,#908),.UNSPECIFIED.,.F.,.F.,
  (2,2),(67.,93.),.PIECEWISE_BEZIER_KNOTS.);
#907 = CARTESIAN_POINT('',(7.,134.));
#908 = CARTESIAN_POINT('',(7.,160.));
#909 = ( GEOMETRIC_REPRESENTATION_CONTEXT(2) 
PARAMETRIC_REPRESENTATION_CONTEXT() REPRESENTATION_CONTEXT('2D SPACE',''
  ) );
#910 = PCURVE('',#911,#916);
#911 = PLANE('',#912);
#912 = AXIS2_PLACEMENT_3D('',#913,#914,#915);
#913 = CARTESIAN_POINT('',(-83.,54.,200.0000003));
#914 = DIRECTION('',(1.,-1.110223024625E-16,-0.));
#915 = DIRECTION('',(1.110223024625E-16,1.,0.));
#916 = DEFINITIONAL_REPRESENTATION('',(#917),#920);
#917 = B_SPLINE_CURVE_WITH_KNOTS('',1,(#918,#919),.UNSPECIFIED.,.F.,.F.,
  (2,2),(67.,93.),.PIECEWISE_BEZIER_KNOTS.);
#918 = CARTESIAN_POINT('',(0.,-196.0000003));
#919 = CARTESIAN_POINT('',(26.,-196.0000003));
#920 = ( GEOMETRIC_REPRESENTATION_CONTEXT(2) 
PARAMETRIC_REPRESENTATION_CONTEXT() REPRESENTATION_CONTEXT('2D SPACE',''
  ) );
#921 = ORIENTED_EDGE('',*,*,#922,.F.);
#922 = EDGE_CURVE('',#923,#897,#925,.T.);
#923 = VERTEX_POINT('',#924);
#924 = CARTESIAN_POINT('',(-84.,77.,4.));
#925 = SURFACE_CURVE('',#926,(#930,#937),.PCURVE_S1.);
#926 = LINE('',#927,#928);
#927 = CARTESIAN_POINT('',(-84.,77.,4.));
#928 = VECTOR('',#929,1.);
#929 = DIRECTION('',(1.,0.,0.));
#930 = PCURVE('',#66,#931);
#931 = DEFINITIONAL_REPRESENTATION('',(#932),#936);
#932 = LINE('',#933,#934);
#933 = CARTESIAN_POINT('',(6.,157.));
#934 = VECTOR('',#935,1.);
#935 = DIRECTION('',(1.,0.));
#936 = ( GEOMETRIC_REPRESENTATION_CONTEXT(2) 
PARAMETRIC_REPRESENTATION_CONTEXT() REPRESENTATION_CONTEXT('2D SPACE',''
  ) );
#937 = PCURVE('',#938,#943);
#938 = PLANE('',#939);
#939 = AXIS2_PLACEMENT_3D('',#940,#941,#942);
#940 = CARTESIAN_POINT('',(-84.,77.,4.));
#941 = DIRECTION('',(0.,1.,0.));
#942 = DIRECTION('',(0.,0.,1.));
#943 = DEFINITIONAL_REPRESENTATION('',(#944),#948);
#944 = LINE('',#945,#946);
#945 = CARTESIAN_POINT('',(0.,0.));
#946 = VECTOR('',#947,1.);
#947 = DIRECTION('',(0.,1.));
#948 = ( GEOMETRIC_REPRESENTATION_CONTEXT(2) 
PARAMETRIC_REPRESENTATION_CONTEXT() REPRESENTATION_CONTEXT('2D SPACE',''
  ) );
#949 = ORIENTED_EDGE('',*,*,#950,.T.);
#950 = EDGE_CURVE('',#923,#951,#953,.T.);
#951 = VERTEX_POINT('',#952);
#952 = CARTESIAN_POINT('',(-84.,80.,4.));
#953 = SURFACE_CURVE('',#954,(#958,#965),.PCURVE_S1.);
#954 = LINE('',#955,#956);
#955 = CARTESIAN_POINT('',(-84.,77.,4.));
#956 = VECTOR('',#957,1.);
#957 = DIRECTION('',(0.,1.,0.));
#958 = PCURVE('',#66,#959);
#959 = DEFINITIONAL_REPRESENTATION('',(#960),#964);
#960 = LINE('',#961,#962);
#961 = CARTESIAN_POINT('',(6.,157.));
#962 = VECTOR('',#963,1.);
#963 = DIRECTION('',(0.,1.));
#964 = ( GEOMETRIC_REPRESENTATION_CONTEXT(2) 
PARAMETRIC_REPRESENTATION_CONTEXT() REPRESENTATION_CONTEXT('2D SPACE',''
  ) );
#965 = PCURVE('',#966,#971);
#966 = PLANE('',#967);
#967 = AXIS2_PLACEMENT_3D('',#968,#969,#970);
#968 = CARTESIAN_POINT('',(-84.,77.,4.));
#969 = DIRECTION('',(1.,0.,0.));
#970 = DIRECTION('',(0.,0.,1.));
#971 = DEFINITIONAL_REPRESENTATION('',(#972),#976);
#972 = LINE('',#973,#974);
#973 = CARTESIAN_POINT('',(0.,0.));
#974 = VECTOR('',#975,1.);
#975 = DIRECTION('',(0.,-1.));
#976 = ( GEOMETRIC_REPRESENTATION_CONTEXT(2) 
PARAMETRIC_REPRESENTATION_CONTEXT() REPRESENTATION_CONTEXT('2D SPACE',''
  ) );
#977 = ORIENTED_EDGE('',*,*,#978,.F.);
#978 = EDGE_CURVE('',#46,#951,#979,.T.);
#979 = SURFACE_CURVE('',#980,(#985,#996),.PCURVE_S1.);
#980 = CIRCLE('',#981,6.);
#981 = AXIS2_PLACEMENT_3D('',#982,#983,#984);
#982 = CARTESIAN_POINT('',(-84.,74.,4.));
#983 = DIRECTION('',(-0.,-0.,-1.));
#984 = DIRECTION('',(0.,-1.,0.));
#985 = PCURVE('',#66,#986);
#986 = DEFINITIONAL_REPRESENTATION('',(#987),#995);
#987 = ( BOUNDED_CURVE() B_SPLINE_CURVE(2,(#988,#989,#990,#991,#992,#993
,#994),.UNSPECIFIED.,.T.,.F.) B_SPLINE_CURVE_WITH_KNOTS((1,2,2,2,2,1),(
    -2.094395102393,0.,2.094395102393,4.188790204786,6.28318530718,
8.377580409573),.UNSPECIFIED.) CURVE() GEOMETRIC_REPRESENTATION_ITEM() 
RATIONAL_B_SPLINE_CURVE((1.,0.5,1.,0.5,1.,0.5,1.)) REPRESENTATION_ITEM(
  '') );
#988 = CARTESIAN_POINT('',(6.,148.));
#989 = CARTESIAN_POINT('',(-4.392304845413,148.));
#990 = CARTESIAN_POINT('',(0.803847577293,157.));
#991 = CARTESIAN_POINT('',(6.,166.));
#992 = CARTESIAN_POINT('',(11.196152422707,157.));
#993 = CARTESIAN_POINT('',(16.392304845413,148.));
#994 = CARTESIAN_POINT('',(6.,148.));
#995 = ( GEOMETRIC_REPRESENTATION_CONTEXT(2) 
PARAMETRIC_REPRESENTATION_CONTEXT() REPRESENTATION_CONTEXT('2D SPACE',''
  ) );
#996 = PCURVE('',#148,#997);
#997 = DEFINITIONAL_REPRESENTATION('',(#998),#1002);
#998 = LINE('',#999,#1000);
#999 = CARTESIAN_POINT('',(1.570796326795,4.));
#1000 = VECTOR('',#1001,1.);
#1001 = DIRECTION('',(-1.,0.));
#1002 = ( GEOMETRIC_REPRESENTATION_CONTEXT(2) 
PARAMETRIC_REPRESENTATION_CONTEXT() REPRESENTATION_CONTEXT('2D SPACE',''
  ) );
#1003 = FACE_BOUND('',#1004,.T.);
#1004 = EDGE_LOOP('',(#1005,#1036,#1062,#1091));
#1005 = ORIENTED_EDGE('',*,*,#1006,.F.);
#1006 = EDGE_CURVE('',#1007,#1009,#1011,.T.);
#1007 = VERTEX_POINT('',#1008);
#1008 = CARTESIAN_POINT('',(-83.,-38.,4.));
#1009 = VERTEX_POINT('',#1010);
#1010 = CARTESIAN_POINT('',(-79.,-38.,4.));
#1011 = SURFACE_CURVE('',#1012,(#1017,#1024),.PCURVE_S1.);
#1012 = CIRCLE('',#1013,2.);
#1013 = AXIS2_PLACEMENT_3D('',#1014,#1015,#1016);
#1014 = CARTESIAN_POINT('',(-81.,-38.,4.));
#1015 = DIRECTION('',(0.,-0.,1.));
#1016 = DIRECTION('',(1.,-1.110223024625E-16,-0.));
#1017 = PCURVE('',#66,#1018);
#1018 = DEFINITIONAL_REPRESENTATION('',(#1019),#1023);
#1019 = CIRCLE('',#1020,2.);
#1020 = AXIS2_PLACEMENT_2D('',#1021,#1022);
#1021 = CARTESIAN_POINT('',(9.,42.));
#1022 = DIRECTION('',(1.,-1.110223024625E-16));
#1023 = ( GEOMETRIC_REPRESENTATION_CONTEXT(2) 
PARAMETRIC_REPRESENTATION_CONTEXT() REPRESENTATION_CONTEXT('2D SPACE',''
  ) );
#1024 = PCURVE('',#1025,#1030);
#1025 = CYLINDRICAL_SURFACE('',#1026,2.);
#1026 = AXIS2_PLACEMENT_3D('',#1027,#1028,#1029);
#1027 = CARTESIAN_POINT('',(-81.,-38.,200.0000003));
#1028 = DIRECTION('',(0.,-0.,1.));
#1029 = DIRECTION('',(1.,-1.110223024625E-16,-0.));
#1030 = DEFINITIONAL_REPRESENTATION('',(#1031),#1035);
#1031 = LINE('',#1032,#1033);
#1032 = CARTESIAN_POINT('',(-6.28318530718,-196.0000003));
#1033 = VECTOR('',#1034,1.);
#1034 = DIRECTION('',(1.,-0.));
#1035 = ( GEOMETRIC_REPRESENTATION_CONTEXT(2) 
PARAMETRIC_REPRESENTATION_CONTEXT() REPRESENTATION_CONTEXT('2D SPACE',''
  ) );
#1036 = ORIENTED_EDGE('',*,*,#1037,.T.);
#1037 = EDGE_CURVE('',#1007,#1038,#1040,.T.);
#1038 = VERTEX_POINT('',#1039);
#1039 = CARTESIAN_POINT('',(-83.,-8.,4.));
#1040 = SURFACE_CURVE('',#1041,(#1045,#1051),.PCURVE_S1.);
#1041 = LINE('',#1042,#1043);
#1042 = CARTESIAN_POINT('',(-83.,-59.,4.));
#1043 = VECTOR('',#1044,1.);
#1044 = DIRECTION('',(1.110223024625E-16,1.,-0.));
#1045 = PCURVE('',#66,#1046);
#1046 = DEFINITIONAL_REPRESENTATION('',(#1047),#1050);
#1047 = B_SPLINE_CURVE_WITH_KNOTS('',1,(#1048,#1049),.UNSPECIFIED.,.F.,
  .F.,(2,2),(21.,51.),.PIECEWISE_BEZIER_KNOTS.);
#1048 = CARTESIAN_POINT('',(7.,42.));
#1049 = CARTESIAN_POINT('',(7.,72.));
#1050 = ( GEOMETRIC_REPRESENTATION_CONTEXT(2) 
PARAMETRIC_REPRESENTATION_CONTEXT() REPRESENTATION_CONTEXT('2D SPACE',''
  ) );
#1051 = PCURVE('',#1052,#1057);
#1052 = PLANE('',#1053);
#1053 = AXIS2_PLACEMENT_3D('',#1054,#1055,#1056);
#1054 = CARTESIAN_POINT('',(-83.,-38.,200.0000003));
#1055 = DIRECTION('',(1.,-1.110223024625E-16,-0.));
#1056 = DIRECTION('',(1.110223024625E-16,1.,0.));
#1057 = DEFINITIONAL_REPRESENTATION('',(#1058),#1061);
#1058 = B_SPLINE_CURVE_WITH_KNOTS('',1,(#1059,#1060),.UNSPECIFIED.,.F.,
  .F.,(2,2),(21.,51.),.PIECEWISE_BEZIER_KNOTS.);
#1059 = CARTESIAN_POINT('',(0.,-196.0000003));
#1060 = CARTESIAN_POINT('',(30.,-196.0000003));
#1061 = ( GEOMETRIC_REPRESENTATION_CONTEXT(2) 
PARAMETRIC_REPRESENTATION_CONTEXT() REPRESENTATION_CONTEXT('2D SPACE',''
  ) );
#1062 = ORIENTED_EDGE('',*,*,#1063,.F.);
#1063 = EDGE_CURVE('',#1064,#1038,#1066,.T.);
#1064 = VERTEX_POINT('',#1065);
#1065 = CARTESIAN_POINT('',(-79.,-8.,4.));
#1066 = SURFACE_CURVE('',#1067,(#1072,#1079),.PCURVE_S1.);
#1067 = CIRCLE('',#1068,2.);
#1068 = AXIS2_PLACEMENT_3D('',#1069,#1070,#1071);
#1069 = CARTESIAN_POINT('',(-81.,-8.,4.));
#1070 = DIRECTION('',(0.,0.,1.));
#1071 = DIRECTION('',(-1.,1.110223024625E-16,0.));
#1072 = PCURVE('',#66,#1073);
#1073 = DEFINITIONAL_REPRESENTATION('',(#1074),#1078);
#1074 = CIRCLE('',#1075,2.);
#1075 = AXIS2_PLACEMENT_2D('',#1076,#1077);
#1076 = CARTESIAN_POINT('',(9.,72.));
#1077 = DIRECTION('',(-1.,1.110223024625E-16));
#1078 = ( GEOMETRIC_REPRESENTATION_CONTEXT(2) 
PARAMETRIC_REPRESENTATION_CONTEXT() REPRESENTATION_CONTEXT('2D SPACE',''
  ) );
#1079 = PCURVE('',#1080,#1085);
#1080 = CYLINDRICAL_SURFACE('',#1081,2.);
#1081 = AXIS2_PLACEMENT_3D('',#1082,#1083,#1084);
#1082 = CARTESIAN_POINT('',(-81.,-8.,200.0000003));
#1083 = DIRECTION('',(0.,0.,1.));
#1084 = DIRECTION('',(-1.,1.110223024625E-16,0.));
#1085 = DEFINITIONAL_REPRESENTATION('',(#1086),#1090);
#1086 = LINE('',#1087,#1088);
#1087 = CARTESIAN_POINT('',(-6.28318530718,-196.0000003));
#1088 = VECTOR('',#1089,1.);
#1089 = DIRECTION('',(1.,-0.));
#1090 = ( GEOMETRIC_REPRESENTATION_CONTEXT(2) 
PARAMETRIC_REPRESENTATION_CONTEXT() REPRESENTATION_CONTEXT('2D SPACE',''
  ) );
#1091 = ORIENTED_EDGE('',*,*,#1092,.T.);
#1092 = EDGE_CURVE('',#1064,#1009,#1093,.T.);
#1093 = SURFACE_CURVE('',#1094,(#1098,#1104),.PCURVE_S1.);
#1094 = LINE('',#1095,#1096);
#1095 = CARTESIAN_POINT('',(-79.,-44.,4.));
#1096 = VECTOR('',#1097,1.);
#1097 = DIRECTION('',(-1.110223024625E-16,-1.,0.));
#1098 = PCURVE('',#66,#1099);
#1099 = DEFINITIONAL_REPRESENTATION('',(#1100),#1103);
#1100 = B_SPLINE_CURVE_WITH_KNOTS('',1,(#1101,#1102),.UNSPECIFIED.,.F.,
  .F.,(2,2),(-36.,-6.),.PIECEWISE_BEZIER_KNOTS.);
#1101 = CARTESIAN_POINT('',(11.,72.));
#1102 = CARTESIAN_POINT('',(11.,42.));
#1103 = ( GEOMETRIC_REPRESENTATION_CONTEXT(2) 
PARAMETRIC_REPRESENTATION_CONTEXT() REPRESENTATION_CONTEXT('2D SPACE',''
  ) );
#1104 = PCURVE('',#1105,#1110);
#1105 = PLANE('',#1106);
#1106 = AXIS2_PLACEMENT_3D('',#1107,#1108,#1109);
#1107 = CARTESIAN_POINT('',(-79.,-8.,200.0000003));
#1108 = DIRECTION('',(-1.,1.110223024625E-16,0.));
#1109 = DIRECTION('',(-1.110223024625E-16,-1.,0.));
#1110 = DEFINITIONAL_REPRESENTATION('',(#1111),#1114);
#1111 = B_SPLINE_CURVE_WITH_KNOTS('',1,(#1112,#1113),.UNSPECIFIED.,.F.,
  .F.,(2,2),(-36.,-6.),.PIECEWISE_BEZIER_KNOTS.);
#1112 = CARTESIAN_POINT('',(0.,-196.0000003));
#1113 = CARTESIAN_POINT('',(30.,-196.0000003));
#1114 = ( GEOMETRIC_REPRESENTATION_CONTEXT(2) 
PARAMETRIC_REPRESENTATION_CONTEXT() REPRESENTATION_CONTEXT('2D SPACE',''
  ) );
#1115 = FACE_BOUND('',#1116,.T.);
#1116 = EDGE_LOOP('',(#1117,#1148,#1174,#1203));
#1117 = ORIENTED_EDGE('',*,*,#1118,.F.);
#1118 = EDGE_CURVE('',#1119,#1121,#1123,.T.);
#1119 = VERTEX_POINT('',#1120);
#1120 = CARTESIAN_POINT('',(79.,-38.,4.));
#1121 = VERTEX_POINT('',#1122);
#1122 = CARTESIAN_POINT('',(83.,-38.,4.));
#1123 = SURFACE_CURVE('',#1124,(#1129,#1136),.PCURVE_S1.);
#1124 = CIRCLE('',#1125,2.);
#1125 = AXIS2_PLACEMENT_3D('',#1126,#1127,#1128);
#1126 = CARTESIAN_POINT('',(81.,-38.,4.));
#1127 = DIRECTION('',(0.,-0.,1.));
#1128 = DIRECTION('',(1.,-1.110223024625E-16,-0.));
#1129 = PCURVE('',#66,#1130);
#1130 = DEFINITIONAL_REPRESENTATION('',(#1131),#1135);
#1131 = CIRCLE('',#1132,2.);
#1132 = AXIS2_PLACEMENT_2D('',#1133,#1134);
#1133 = CARTESIAN_POINT('',(171.,42.));
#1134 = DIRECTION('',(1.,-1.110223024625E-16));
#1135 = ( GEOMETRIC_REPRESENTATION_CONTEXT(2) 
PARAMETRIC_REPRESENTATION_CONTEXT() REPRESENTATION_CONTEXT('2D SPACE',''
  ) );
#1136 = PCURVE('',#1137,#1142);
#1137 = CYLINDRICAL_SURFACE('',#1138,2.);
#1138 = AXIS2_PLACEMENT_3D('',#1139,#1140,#1141);
#1139 = CARTESIAN_POINT('',(81.,-38.,200.0000003));
#1140 = DIRECTION('',(0.,-0.,1.));
#1141 = DIRECTION('',(1.,-1.110223024625E-16,-0.));
#1142 = DEFINITIONAL_REPRESENTATION('',(#1143),#1147);
#1143 = LINE('',#1144,#1145);
#1144 = CARTESIAN_POINT('',(-6.28318530718,-196.0000003));
#1145 = VECTOR('',#1146,1.);
#1146 = DIRECTION('',(1.,-0.));
#1147 = ( GEOMETRIC_REPRESENTATION_CONTEXT(2) 
PARAMETRIC_REPRESENTATION_CONTEXT() REPRESENTATION_CONTEXT('2D SPACE',''
  ) );
#1148 = ORIENTED_EDGE('',*,*,#1149,.T.);
#1149 = EDGE_CURVE('',#1119,#1150,#1152,.T.);
#1150 = VERTEX_POINT('',#1151);
#1151 = CARTESIAN_POINT('',(79.,-8.,4.));
#1152 = SURFACE_CURVE('',#1153,(#1157,#1163),.PCURVE_S1.);
#1153 = LINE('',#1154,#1155);
#1154 = CARTESIAN_POINT('',(79.,-59.,4.));
#1155 = VECTOR('',#1156,1.);
#1156 = DIRECTION('',(1.110223024625E-16,1.,-0.));
#1157 = PCURVE('',#66,#1158);
#1158 = DEFINITIONAL_REPRESENTATION('',(#1159),#1162);
#1159 = B_SPLINE_CURVE_WITH_KNOTS('',1,(#1160,#1161),.UNSPECIFIED.,.F.,
  .F.,(2,2),(21.,51.),.PIECEWISE_BEZIER_KNOTS.);
#1160 = CARTESIAN_POINT('',(169.,42.));
#1161 = CARTESIAN_POINT('',(169.,72.));
#1162 = ( GEOMETRIC_REPRESENTATION_CONTEXT(2) 
PARAMETRIC_REPRESENTATION_CONTEXT() REPRESENTATION_CONTEXT('2D SPACE',''
  ) );
#1163 = PCURVE('',#1164,#1169);
#1164 = PLANE('',#1165);
#1165 = AXIS2_PLACEMENT_3D('',#1166,#1167,#1168);
#1166 = CARTESIAN_POINT('',(79.,-38.,200.0000003));
#1167 = DIRECTION('',(1.,-1.110223024625E-16,-0.));
#1168 = DIRECTION('',(1.110223024625E-16,1.,0.));
#1169 = DEFINITIONAL_REPRESENTATION('',(#1170),#1173);
#1170 = B_SPLINE_CURVE_WITH_KNOTS('',1,(#1171,#1172),.UNSPECIFIED.,.F.,
  .F.,(2,2),(21.,51.),.PIECEWISE_BEZIER_KNOTS.);
#1171 = CARTESIAN_POINT('',(0.,-196.0000003));
#1172 = CARTESIAN_POINT('',(30.,-196.0000003));
#1173 = ( GEOMETRIC_REPRESENTATION_CONTEXT(2) 
PARAMETRIC_REPRESENTATION_CONTEXT() REPRESENTATION_CONTEXT('2D SPACE',''
  ) );
#1174 = ORIENTED_EDGE('',*,*,#1175,.F.);
#1175 = EDGE_CURVE('',#1176,#1150,#1178,.T.);
#1176 = VERTEX_POINT('',#1177);
#1177 = CARTESIAN_POINT('',(83.,-8.,4.));
#1178 = SURFACE_CURVE('',#1179,(#1184,#1191),.PCURVE_S1.);
#1179 = CIRCLE('',#1180,2.);
#1180 = AXIS2_PLACEMENT_3D('',#1181,#1182,#1183);
#1181 = CARTESIAN_POINT('',(81.,-8.,4.));
#1182 = DIRECTION('',(0.,0.,1.));
#1183 = DIRECTION('',(-1.,1.110223024625E-16,0.));
#1184 = PCURVE('',#66,#1185);
#1185 = DEFINITIONAL_REPRESENTATION('',(#1186),#1190);
#1186 = CIRCLE('',#1187,2.);
#1187 = AXIS2_PLACEMENT_2D('',#1188,#1189);
#1188 = CARTESIAN_POINT('',(171.,72.));
#1189 = DIRECTION('',(-1.,1.110223024625E-16));
#1190 = ( GEOMETRIC_REPRESENTATION_CONTEXT(2) 
PARAMETRIC_REPRESENTATION_CONTEXT() REPRESENTATION_CONTEXT('2D SPACE',''
  ) );
#1191 = PCURVE('',#1192,#1197);
#1192 = CYLINDRICAL_SURFACE('',#1193,2.);
#1193 = AXIS2_PLACEMENT_3D('',#1194,#1195,#1196);
#1194 = CARTESIAN_POINT('',(81.,-8.,200.0000003));
#1195 = DIRECTION('',(0.,0.,1.));
#1196 = DIRECTION('',(-1.,1.110223024625E-16,0.));
#1197 = DEFINITIONAL_REPRESENTATION('',(#1198),#1202);
#1198 = LINE('',#1199,#1200);
#1199 = CARTESIAN_POINT('',(-6.28318530718,-196.0000003));
#1200 = VECTOR('',#1201,1.);
#1201 = DIRECTION('',(1.,-0.));
#1202 = ( GEOMETRIC_REPRESENTATION_CONTEXT(2) 
PARAMETRIC_REPRESENTATION_CONTEXT() REPRESENTATION_CONTEXT('2D SPACE',''
  ) );
#1203 = ORIENTED_EDGE('',*,*,#1204,.T.);
#1204 = EDGE_CURVE('',#1176,#1121,#1205,.T.);
#1205 = SURFACE_CURVE('',#1206,(#1210,#1216),.PCURVE_S1.);
#1206 = LINE('',#1207,#1208);
#1207 = CARTESIAN_POINT('',(83.,-44.,4.));
#1208 = VECTOR('',#1209,1.);
#1209 = DIRECTION('',(-1.110223024625E-16,-1.,0.));
#1210 = PCURVE('',#66,#1211);
#1211 = DEFINITIONAL_REPRESENTATION('',(#1212),#1215);
#1212 = B_SPLINE_CURVE_WITH_KNOTS('',1,(#1213,#1214),.UNSPECIFIED.,.F.,
  .F.,(2,2),(-36.,-6.),.PIECEWISE_BEZIER_KNOTS.);
#1213 = CARTESIAN_POINT('',(173.,72.));
#1214 = CARTESIAN_POINT('',(173.,42.));
#1215 = ( GEOMETRIC_REPRESENTATION_CONTEXT(2) 
PARAMETRIC_REPRESENTATION_CONTEXT() REPRESENTATION_CONTEXT('2D SPACE',''
  ) );
#1216 = PCURVE('',#1217,#1222);
#1217 = PLANE('',#1218);
#1218 = AXIS2_PLACEMENT_3D('',#1219,#1220,#1221);
#1219 = CARTESIAN_POINT('',(83.,-8.,200.0000003));
#1220 = DIRECTION('',(-1.,1.110223024625E-16,0.));
#1221 = DIRECTION('',(-1.110223024625E-16,-1.,0.));
#1222 = DEFINITIONAL_REPRESENTATION('',(#1223),#1226);
#1223 = B_SPLINE_CURVE_WITH_KNOTS('',1,(#1224,#1225),.UNSPECIFIED.,.F.,
  .F.,(2,2),(-36.,-6.),.PIECEWISE_BEZIER_KNOTS.);
#1224 = CARTESIAN_POINT('',(0.,-196.0000003));
#1225 = CARTESIAN_POINT('',(30.,-196.0000003));
#1226 = ( GEOMETRIC_REPRESENTATION_CONTEXT(2) 
PARAMETRIC_REPRESENTATION_CONTEXT() REPRESENTATION_CONTEXT('2D SPACE',''
  ) );
#1227 = FACE_BOUND('',#1228,.T.);
#1228 = EDGE_LOOP('',(#1229,#1260,#1286,#1315));
#1229 = ORIENTED_EDGE('',*,*,#1230,.F.);
#1230 = EDGE_CURVE('',#1231,#1233,#1235,.T.);
#1231 = VERTEX_POINT('',#1232);
#1232 = CARTESIAN_POINT('',(-83.,8.,4.));
#1233 = VERTEX_POINT('',#1234);
#1234 = CARTESIAN_POINT('',(-79.,8.,4.));
#1235 = SURFACE_CURVE('',#1236,(#1241,#1248),.PCURVE_S1.);
#1236 = CIRCLE('',#1237,2.);
#1237 = AXIS2_PLACEMENT_3D('',#1238,#1239,#1240);
#1238 = CARTESIAN_POINT('',(-81.,8.,4.));
#1239 = DIRECTION('',(0.,-0.,1.));
#1240 = DIRECTION('',(1.,-1.110223024625E-16,-0.));
#1241 = PCURVE('',#66,#1242);
#1242 = DEFINITIONAL_REPRESENTATION('',(#1243),#1247);
#1243 = CIRCLE('',#1244,2.);
#1244 = AXIS2_PLACEMENT_2D('',#1245,#1246);
#1245 = CARTESIAN_POINT('',(9.,88.));
#1246 = DIRECTION('',(1.,-1.110223024625E-16));
#1247 = ( GEOMETRIC_REPRESENTATION_CONTEXT(2) 
PARAMETRIC_REPRESENTATION_CONTEXT() REPRESENTATION_CONTEXT('2D SPACE',''
  ) );
#1248 = PCURVE('',#1249,#1254);
#1249 = CYLINDRICAL_SURFACE('',#1250,2.);
#1250 = AXIS2_PLACEMENT_3D('',#1251,#1252,#1253);
#1251 = CARTESIAN_POINT('',(-81.,8.,200.0000003));
#1252 = DIRECTION('',(0.,-0.,1.));
#1253 = DIRECTION('',(1.,-1.110223024625E-16,-0.));
#1254 = DEFINITIONAL_REPRESENTATION('',(#1255),#1259);
#1255 = LINE('',#1256,#1257);
#1256 = CARTESIAN_POINT('',(-6.28318530718,-196.0000003));
#1257 = VECTOR('',#1258,1.);
#1258 = DIRECTION('',(1.,-0.));
#1259 = ( GEOMETRIC_REPRESENTATION_CONTEXT(2) 
PARAMETRIC_REPRESENTATION_CONTEXT() REPRESENTATION_CONTEXT('2D SPACE',''
  ) );
#1260 = ORIENTED_EDGE('',*,*,#1261,.T.);
#1261 = EDGE_CURVE('',#1231,#1262,#1264,.T.);
#1262 = VERTEX_POINT('',#1263);
#1263 = CARTESIAN_POINT('',(-83.,38.,4.));
#1264 = SURFACE_CURVE('',#1265,(#1269,#1275),.PCURVE_S1.);
#1265 = LINE('',#1266,#1267);
#1266 = CARTESIAN_POINT('',(-83.,-36.,4.));
#1267 = VECTOR('',#1268,1.);
#1268 = DIRECTION('',(1.110223024625E-16,1.,-0.));
#1269 = PCURVE('',#66,#1270);
#1270 = DEFINITIONAL_REPRESENTATION('',(#1271),#1274);
#1271 = B_SPLINE_CURVE_WITH_KNOTS('',1,(#1272,#1273),.UNSPECIFIED.,.F.,
  .F.,(2,2),(44.,74.),.PIECEWISE_BEZIER_KNOTS.);
#1272 = CARTESIAN_POINT('',(7.,88.));
#1273 = CARTESIAN_POINT('',(7.,118.));
#1274 = ( GEOMETRIC_REPRESENTATION_CONTEXT(2) 
PARAMETRIC_REPRESENTATION_CONTEXT() REPRESENTATION_CONTEXT('2D SPACE',''
  ) );
#1275 = PCURVE('',#1276,#1281);
#1276 = PLANE('',#1277);
#1277 = AXIS2_PLACEMENT_3D('',#1278,#1279,#1280);
#1278 = CARTESIAN_POINT('',(-83.,8.,200.0000003));
#1279 = DIRECTION('',(1.,-1.110223024625E-16,-0.));
#1280 = DIRECTION('',(1.110223024625E-16,1.,0.));
#1281 = DEFINITIONAL_REPRESENTATION('',(#1282),#1285);
#1282 = B_SPLINE_CURVE_WITH_KNOTS('',1,(#1283,#1284),.UNSPECIFIED.,.F.,
  .F.,(2,2),(44.,74.),.PIECEWISE_BEZIER_KNOTS.);
#1283 = CARTESIAN_POINT('',(0.,-196.0000003));
#1284 = CARTESIAN_POINT('',(30.,-196.0000003));
#1285 = ( GEOMETRIC_REPRESENTATION_CONTEXT(2) 
PARAMETRIC_REPRESENTATION_CONTEXT() REPRESENTATION_CONTEXT('2D SPACE',''
  ) );
#1286 = ORIENTED_EDGE('',*,*,#1287,.F.);
#1287 = EDGE_CURVE('',#1288,#1262,#1290,.T.);
#1288 = VERTEX_POINT('',#1289);
#1289 = CARTESIAN_POINT('',(-79.,38.,4.));
#1290 = SURFACE_CURVE('',#1291,(#1296,#1303),.PCURVE_S1.);
#1291 = CIRCLE('',#1292,2.);
#1292 = AXIS2_PLACEMENT_3D('',#1293,#1294,#1295);
#1293 = CARTESIAN_POINT('',(-81.,38.,4.));
#1294 = DIRECTION('',(0.,0.,1.));
#1295 = DIRECTION('',(-1.,1.110223024625E-16,0.));
#1296 = PCURVE('',#66,#1297);
#1297 = DEFINITIONAL_REPRESENTATION('',(#1298),#1302);
#1298 = CIRCLE('',#1299,2.);
#1299 = AXIS2_PLACEMENT_2D('',#1300,#1301);
#1300 = CARTESIAN_POINT('',(9.,118.));
#1301 = DIRECTION('',(-1.,1.110223024625E-16));
#1302 = ( GEOMETRIC_REPRESENTATION_CONTEXT(2) 
PARAMETRIC_REPRESENTATION_CONTEXT() REPRESENTATION_CONTEXT('2D SPACE',''
  ) );
#1303 = PCURVE('',#1304,#1309);
#1304 = CYLINDRICAL_SURFACE('',#1305,2.);
#1305 = AXIS2_PLACEMENT_3D('',#1306,#1307,#1308);
#1306 = CARTESIAN_POINT('',(-81.,38.,200.0000003));
#1307 = DIRECTION('',(0.,0.,1.));
#1308 = DIRECTION('',(-1.,1.110223024625E-16,0.));
#1309 = DEFINITIONAL_REPRESENTATION('',(#1310),#1314);
#1310 = LINE('',#1311,#1312);
#1311 = CARTESIAN_POINT('',(-6.28318530718,-196.0000003));
#1312 = VECTOR('',#1313,1.);
#1313 = DIRECTION('',(1.,-0.));
#1314 = ( GEOMETRIC_REPRESENTATION_CONTEXT(2) 
PARAMETRIC_REPRESENTATION_CONTEXT() REPRESENTATION_CONTEXT('2D SPACE',''
  ) );
#1315 = ORIENTED_EDGE('',*,*,#1316,.T.);
#1316 = EDGE_CURVE('',#1288,#1233,#1317,.T.);
#1317 = SURFACE_CURVE('',#1318,(#1322,#1328),.PCURVE_S1.);
#1318 = LINE('',#1319,#1320);
#1319 = CARTESIAN_POINT('',(-79.,-21.,4.));
#1320 = VECTOR('',#1321,1.);
#1321 = DIRECTION('',(-1.110223024625E-16,-1.,0.));
#1322 = PCURVE('',#66,#1323);
#1323 = DEFINITIONAL_REPRESENTATION('',(#1324),#1327);
#1324 = B_SPLINE_CURVE_WITH_KNOTS('',1,(#1325,#1326),.UNSPECIFIED.,.F.,
  .F.,(2,2),(-59.,-29.),.PIECEWISE_BEZIER_KNOTS.);
#1325 = CARTESIAN_POINT('',(11.,118.));
#1326 = CARTESIAN_POINT('',(11.,88.));
#1327 = ( GEOMETRIC_REPRESENTATION_CONTEXT(2) 
PARAMETRIC_REPRESENTATION_CONTEXT() REPRESENTATION_CONTEXT('2D SPACE',''
  ) );
#1328 = PCURVE('',#1329,#1334);
#1329 = PLANE('',#1330);
#1330 = AXIS2_PLACEMENT_3D('',#1331,#1332,#1333);
#1331 = CARTESIAN_POINT('',(-79.,38.,200.0000003));
#1332 = DIRECTION('',(-1.,1.110223024625E-16,0.));
#1333 = DIRECTION('',(-1.110223024625E-16,-1.,0.));
#1334 = DEFINITIONAL_REPRESENTATION('',(#1335),#1338);
#1335 = B_SPLINE_CURVE_WITH_KNOTS('',1,(#1336,#1337),.UNSPECIFIED.,.F.,
  .F.,(2,2),(-59.,-29.),.PIECEWISE_BEZIER_KNOTS.);
#1336 = CARTESIAN_POINT('',(0.,-196.0000003));
#1337 = CARTESIAN_POINT('',(30.,-196.0000003));
#1338 = ( GEOMETRIC_REPRESENTATION_CONTEXT(2) 
PARAMETRIC_REPRESENTATION_CONTEXT() REPRESENTATION_CONTEXT('2D SPACE',''
  ) );
#1339 = FACE_BOUND('',#1340,.T.);
#1340 = EDGE_LOOP('',(#1341,#1372,#1398,#1427));
#1341 = ORIENTED_EDGE('',*,*,#1342,.F.);
#1342 = EDGE_CURVE('',#1343,#1345,#1347,.T.);
#1343 = VERTEX_POINT('',#1344);
#1344 = CARTESIAN_POINT('',(79.,8.,4.));
#1345 = VERTEX_POINT('',#1346);
#1346 = CARTESIAN_POINT('',(83.,8.,4.));
#1347 = SURFACE_CURVE('',#1348,(#1353,#1360),.PCURVE_S1.);
#1348 = CIRCLE('',#1349,2.);
#1349 = AXIS2_PLACEMENT_3D('',#1350,#1351,#1352);
#1350 = CARTESIAN_POINT('',(81.,8.,4.));
#1351 = DIRECTION('',(0.,-0.,1.));
#1352 = DIRECTION('',(1.,-1.110223024625E-16,-0.));
#1353 = PCURVE('',#66,#1354);
#1354 = DEFINITIONAL_REPRESENTATION('',(#1355),#1359);
#1355 = CIRCLE('',#1356,2.);
#1356 = AXIS2_PLACEMENT_2D('',#1357,#1358);
#1357 = CARTESIAN_POINT('',(171.,88.));
#1358 = DIRECTION('',(1.,-1.110223024625E-16));
#1359 = ( GEOMETRIC_REPRESENTATION_CONTEXT(2) 
PARAMETRIC_REPRESENTATION_CONTEXT() REPRESENTATION_CONTEXT('2D SPACE',''
  ) );
#1360 = PCURVE('',#1361,#1366);
#1361 = CYLINDRICAL_SURFACE('',#1362,2.);
#1362 = AXIS2_PLACEMENT_3D('',#1363,#1364,#1365);
#1363 = CARTESIAN_POINT('',(81.,8.,200.0000003));
#1364 = DIRECTION('',(0.,-0.,1.));
#1365 = DIRECTION('',(1.,-1.110223024625E-16,-0.));
#1366 = DEFINITIONAL_REPRESENTATION('',(#1367),#1371);
#1367 = LINE('',#1368,#1369);
#1368 = CARTESIAN_POINT('',(-6.28318530718,-196.0000003));
#1369 = VECTOR('',#1370,1.);
#1370 = DIRECTION('',(1.,-0.));
#1371 = ( GEOMETRIC_REPRESENTATION_CONTEXT(2) 
PARAMETRIC_REPRESENTATION_CONTEXT() REPRESENTATION_CONTEXT('2D SPACE',''
  ) );
#1372 = ORIENTED_EDGE('',*,*,#1373,.T.);
#1373 = EDGE_CURVE('',#1343,#1374,#1376,.T.);
#1374 = VERTEX_POINT('',#1375);
#1375 = CARTESIAN_POINT('',(79.,38.,4.));
#1376 = SURFACE_CURVE('',#1377,(#1381,#1387),.PCURVE_S1.);
#1377 = LINE('',#1378,#1379);
#1378 = CARTESIAN_POINT('',(79.,-36.,4.));
#1379 = VECTOR('',#1380,1.);
#1380 = DIRECTION('',(1.110223024625E-16,1.,-0.));
#1381 = PCURVE('',#66,#1382);
#1382 = DEFINITIONAL_REPRESENTATION('',(#1383),#1386);
#1383 = B_SPLINE_CURVE_WITH_KNOTS('',1,(#1384,#1385),.UNSPECIFIED.,.F.,
  .F.,(2,2),(44.,74.),.PIECEWISE_BEZIER_KNOTS.);
#1384 = CARTESIAN_POINT('',(169.,88.));
#1385 = CARTESIAN_POINT('',(169.,118.));
#1386 = ( GEOMETRIC_REPRESENTATION_CONTEXT(2) 
PARAMETRIC_REPRESENTATION_CONTEXT() REPRESENTATION_CONTEXT('2D SPACE',''
  ) );
#1387 = PCURVE('',#1388,#1393);
#1388 = PLANE('',#1389);
#1389 = AXIS2_PLACEMENT_3D('',#1390,#1391,#1392);
#1390 = CARTESIAN_POINT('',(79.,8.,200.0000003));
#1391 = DIRECTION('',(1.,-1.110223024625E-16,-0.));
#1392 = DIRECTION('',(1.110223024625E-16,1.,0.));
#1393 = DEFINITIONAL_REPRESENTATION('',(#1394),#1397);
#1394 = B_SPLINE_CURVE_WITH_KNOTS('',1,(#1395,#1396),.UNSPECIFIED.,.F.,
  .F.,(2,2),(44.,74.),.PIECEWISE_BEZIER_KNOTS.);
#1395 = CARTESIAN_POINT('',(0.,-196.0000003));
#1396 = CARTESIAN_POINT('',(30.,-196.0000003));
#1397 = ( GEOMETRIC_REPRESENTATION_CONTEXT(2) 
PARAMETRIC_REPRESENTATION_CONTEXT() REPRESENTATION_CONTEXT('2D SPACE',''
  ) );
#1398 = ORIENTED_EDGE('',*,*,#1399,.F.);
#1399 = EDGE_CURVE('',#1400,#1374,#1402,.T.);
#1400 = VERTEX_POINT('',#1401);
#1401 = CARTESIAN_POINT('',(83.,38.,4.));
#1402 = SURFACE_CURVE('',#1403,(#1408,#1415),.PCURVE_S1.);
#1403 = CIRCLE('',#1404,2.);
#1404 = AXIS2_PLACEMENT_3D('',#1405,#1406,#1407);
#1405 = CARTESIAN_POINT('',(81.,38.,4.));
#1406 = DIRECTION('',(0.,0.,1.));
#1407 = DIRECTION('',(-1.,1.110223024625E-16,0.));
#1408 = PCURVE('',#66,#1409);
#1409 = DEFINITIONAL_REPRESENTATION('',(#1410),#1414);
#1410 = CIRCLE('',#1411,2.);
#1411 = AXIS2_PLACEMENT_2D('',#1412,#1413);
#1412 = CARTESIAN_POINT('',(171.,118.));
#1413 = DIRECTION('',(-1.,1.110223024625E-16));
#1414 = ( GEOMETRIC_REPRESENTATION_CONTEXT(2) 
PARAMETRIC_REPRESENTATION_CONTEXT() REPRESENTATION_CONTEXT('2D SPACE',''
  ) );
#1415 = PCURVE('',#1416,#1421);
#1416 = CYLINDRICAL_SURFACE('',#1417,2.);
#1417 = AXIS2_PLACEMENT_3D('',#1418,#1419,#1420);
#1418 = CARTESIAN_POINT('',(81.,38.,200.0000003));
#1419 = DIRECTION('',(0.,0.,1.));
#1420 = DIRECTION('',(-1.,1.110223024625E-16,0.));
#1421 = DEFINITIONAL_REPRESENTATION('',(#1422),#1426);
#1422 = LINE('',#1423,#1424);
#1423 = CARTESIAN_POINT('',(-6.28318530718,-196.0000003));
#1424 = VECTOR('',#1425,1.);
#1425 = DIRECTION('',(1.,-0.));
#1426 = ( GEOMETRIC_REPRESENTATION_CONTEXT(2) 
PARAMETRIC_REPRESENTATION_CONTEXT() REPRESENTATION_CONTEXT('2D SPACE',''
  ) );
#1427 = ORIENTED_EDGE('',*,*,#1428,.T.);
#1428 = EDGE_CURVE('',#1400,#1345,#1429,.T.);
#1429 = SURFACE_CURVE('',#1430,(#1434,#1440),.PCURVE_S1.);
#1430 = LINE('',#1431,#1432);
#1431 = CARTESIAN_POINT('',(83.,-21.,4.));
#1432 = VECTOR('',#1433,1.);
#1433 = DIRECTION('',(-1.110223024625E-16,-1.,0.));
#1434 = PCURVE('',#66,#1435);
#1435 = DEFINITIONAL_REPRESENTATION('',(#1436),#1439);
#1436 = B_SPLINE_CURVE_WITH_KNOTS('',1,(#1437,#1438),.UNSPECIFIED.,.F.,
  .F.,(2,2),(-59.,-29.),.PIECEWISE_BEZIER_KNOTS.);
#1437 = CARTESIAN_POINT('',(173.,118.));
#1438 = CARTESIAN_POINT('',(173.,88.));
#1439 = ( GEOMETRIC_REPRESENTATION_CONTEXT(2) 
PARAMETRIC_REPRESENTATION_CONTEXT() REPRESENTATION_CONTEXT('2D SPACE',''
  ) );
#1440 = PCURVE('',#1441,#1446);
#1441 = PLANE('',#1442);
#1442 = AXIS2_PLACEMENT_3D('',#1443,#1444,#1445);
#1443 = CARTESIAN_POINT('',(83.,38.,200.0000003));
#1444 = DIRECTION('',(-1.,1.110223024625E-16,0.));
#1445 = DIRECTION('',(-1.110223024625E-16,-1.,0.));
#1446 = DEFINITIONAL_REPRESENTATION('',(#1447),#1450);
#1447 = B_SPLINE_CURVE_WITH_KNOTS('',1,(#1448,#1449),.UNSPECIFIED.,.F.,
  .F.,(2,2),(-59.,-29.),.PIECEWISE_BEZIER_KNOTS.);
#1448 = CARTESIAN_POINT('',(0.,-196.0000003));
#1449 = CARTESIAN_POINT('',(30.,-196.0000003));
#1450 = ( GEOMETRIC_REPRESENTATION_CONTEXT(2) 
PARAMETRIC_REPRESENTATION_CONTEXT() REPRESENTATION_CONTEXT('2D SPACE',''
  ) );
#1451 = ADVANCED_FACE('',(#1452),#94,.T.);
#1452 = FACE_BOUND('',#1453,.T.);
#1453 = EDGE_LOOP('',(#1454,#1478,#1504,#1505));
#1454 = ORIENTED_EDGE('',*,*,#1455,.T.);
#1455 = EDGE_CURVE('',#79,#1456,#1458,.T.);
#1456 = VERTEX_POINT('',#1457);
#1457 = CARTESIAN_POINT('',(-84.,-80.,0.));
#1458 = SURFACE_CURVE('',#1459,(#1464,#1471),.PCURVE_S1.);
#1459 = CIRCLE('',#1460,6.);
#1460 = AXIS2_PLACEMENT_3D('',#1461,#1462,#1463);
#1461 = CARTESIAN_POINT('',(-84.,-74.,0.));
#1462 = DIRECTION('',(0.,0.,1.));
#1463 = DIRECTION('',(0.,-1.,0.));
#1464 = PCURVE('',#94,#1465);
#1465 = DEFINITIONAL_REPRESENTATION('',(#1466),#1470);
#1466 = LINE('',#1467,#1468);
#1467 = CARTESIAN_POINT('',(-4.712388980385,0.));
#1468 = VECTOR('',#1469,1.);
#1469 = DIRECTION('',(1.,0.));
#1470 = ( GEOMETRIC_REPRESENTATION_CONTEXT(2) 
PARAMETRIC_REPRESENTATION_CONTEXT() REPRESENTATION_CONTEXT('2D SPACE',''
  ) );
#1471 = PCURVE('',#122,#1472);
#1472 = DEFINITIONAL_REPRESENTATION('',(#1473),#1477);
#1473 = CIRCLE('',#1474,6.);
#1474 = AXIS2_PLACEMENT_2D('',#1475,#1476);
#1475 = CARTESIAN_POINT('',(6.,6.));
#1476 = DIRECTION('',(0.,-1.));
#1477 = ( GEOMETRIC_REPRESENTATION_CONTEXT(2) 
PARAMETRIC_REPRESENTATION_CONTEXT() REPRESENTATION_CONTEXT('2D SPACE',''
  ) );
#1478 = ORIENTED_EDGE('',*,*,#1479,.T.);
#1479 = EDGE_CURVE('',#1456,#165,#1480,.T.);
#1480 = SURFACE_CURVE('',#1481,(#1485,#1492),.PCURVE_S1.);
#1481 = LINE('',#1482,#1483);
#1482 = CARTESIAN_POINT('',(-84.,-80.,0.));
#1483 = VECTOR('',#1484,1.);
#1484 = DIRECTION('',(0.,0.,1.));
#1485 = PCURVE('',#94,#1486);
#1486 = DEFINITIONAL_REPRESENTATION('',(#1487),#1491);
#1487 = LINE('',#1488,#1489);
#1488 = CARTESIAN_POINT('',(1.570796326795,0.));
#1489 = VECTOR('',#1490,1.);
#1490 = DIRECTION('',(0.,1.));
#1491 = ( GEOMETRIC_REPRESENTATION_CONTEXT(2) 
PARAMETRIC_REPRESENTATION_CONTEXT() REPRESENTATION_CONTEXT('2D SPACE',''
  ) );
#1492 = PCURVE('',#1493,#1498);
#1493 = PLANE('',#1494);
#1494 = AXIS2_PLACEMENT_3D('',#1495,#1496,#1497);
#1495 = CARTESIAN_POINT('',(-90.,-80.,0.));
#1496 = DIRECTION('',(0.,1.,0.));
#1497 = DIRECTION('',(0.,0.,1.));
#1498 = DEFINITIONAL_REPRESENTATION('',(#1499),#1503);
#1499 = LINE('',#1500,#1501);
#1500 = CARTESIAN_POINT('',(0.,6.));
#1501 = VECTOR('',#1502,1.);
#1502 = DIRECTION('',(1.,0.));
#1503 = ( GEOMETRIC_REPRESENTATION_CONTEXT(2) 
PARAMETRIC_REPRESENTATION_CONTEXT() REPRESENTATION_CONTEXT('2D SPACE',''
  ) );
#1504 = ORIENTED_EDGE('',*,*,#164,.F.);
#1505 = ORIENTED_EDGE('',*,*,#78,.F.);
#1506 = ADVANCED_FACE('',(#1507),#148,.T.);
#1507 = FACE_BOUND('',#1508,.F.);
#1508 = EDGE_LOOP('',(#1509,#1537,#1563,#1564));
#1509 = ORIENTED_EDGE('',*,*,#1510,.T.);
#1510 = EDGE_CURVE('',#107,#1511,#1513,.T.);
#1511 = VERTEX_POINT('',#1512);
#1512 = CARTESIAN_POINT('',(-84.,80.,0.));
#1513 = SURFACE_CURVE('',#1514,(#1519,#1526),.PCURVE_S1.);
#1514 = CIRCLE('',#1515,6.);
#1515 = AXIS2_PLACEMENT_3D('',#1516,#1517,#1518);
#1516 = CARTESIAN_POINT('',(-84.,74.,0.));
#1517 = DIRECTION('',(-0.,-0.,-1.));
#1518 = DIRECTION('',(0.,-1.,0.));
#1519 = PCURVE('',#148,#1520);
#1520 = DEFINITIONAL_REPRESENTATION('',(#1521),#1525);
#1521 = LINE('',#1522,#1523);
#1522 = CARTESIAN_POINT('',(1.570796326795,-0.));
#1523 = VECTOR('',#1524,1.);
#1524 = DIRECTION('',(-1.,0.));
#1525 = ( GEOMETRIC_REPRESENTATION_CONTEXT(2) 
PARAMETRIC_REPRESENTATION_CONTEXT() REPRESENTATION_CONTEXT('2D SPACE',''
  ) );
#1526 = PCURVE('',#122,#1527);
#1527 = DEFINITIONAL_REPRESENTATION('',(#1528),#1536);
#1528 = ( BOUNDED_CURVE() B_SPLINE_CURVE(2,(#1529,#1530,#1531,#1532,
#1533,#1534,#1535),.UNSPECIFIED.,.T.,.F.) B_SPLINE_CURVE_WITH_KNOTS((1,2
    ,2,2,2,1),(-2.094395102393,0.,2.094395102393,4.188790204786,
6.28318530718,8.377580409573),.UNSPECIFIED.) CURVE() 
GEOMETRIC_REPRESENTATION_ITEM() RATIONAL_B_SPLINE_CURVE((1.,0.5,1.,0.5,
1.,0.5,1.)) REPRESENTATION_ITEM('') );
#1529 = CARTESIAN_POINT('',(6.,148.));
#1530 = CARTESIAN_POINT('',(-4.392304845413,148.));
#1531 = CARTESIAN_POINT('',(0.803847577293,157.));
#1532 = CARTESIAN_POINT('',(6.,166.));
#1533 = CARTESIAN_POINT('',(11.196152422707,157.));
#1534 = CARTESIAN_POINT('',(16.392304845413,148.));
#1535 = CARTESIAN_POINT('',(6.,148.));
#1536 = ( GEOMETRIC_REPRESENTATION_CONTEXT(2) 
PARAMETRIC_REPRESENTATION_CONTEXT() REPRESENTATION_CONTEXT('2D SPACE',''
  ) );
#1537 = ORIENTED_EDGE('',*,*,#1538,.T.);
#1538 = EDGE_CURVE('',#1511,#951,#1539,.T.);
#1539 = SURFACE_CURVE('',#1540,(#1544,#1551),.PCURVE_S1.);
#1540 = LINE('',#1541,#1542);
#1541 = CARTESIAN_POINT('',(-84.,80.,0.));
#1542 = VECTOR('',#1543,1.);
#1543 = DIRECTION('',(0.,0.,1.));
#1544 = PCURVE('',#148,#1545);
#1545 = DEFINITIONAL_REPRESENTATION('',(#1546),#1550);
#1546 = LINE('',#1547,#1548);
#1547 = CARTESIAN_POINT('',(-1.570796326795,0.));
#1548 = VECTOR('',#1549,1.);
#1549 = DIRECTION('',(-0.,1.));
#1550 = ( GEOMETRIC_REPRESENTATION_CONTEXT(2) 
PARAMETRIC_REPRESENTATION_CONTEXT() REPRESENTATION_CONTEXT('2D SPACE',''
  ) );
#1551 = PCURVE('',#1552,#1557);
#1552 = PLANE('',#1553);
#1553 = AXIS2_PLACEMENT_3D('',#1554,#1555,#1556);
#1554 = CARTESIAN_POINT('',(-90.,80.,0.));
#1555 = DIRECTION('',(0.,1.,0.));
#1556 = DIRECTION('',(0.,0.,1.));
#1557 = DEFINITIONAL_REPRESENTATION('',(#1558),#1562);
#1558 = LINE('',#1559,#1560);
#1559 = CARTESIAN_POINT('',(0.,6.));
#1560 = VECTOR('',#1561,1.);
#1561 = DIRECTION('',(1.,0.));
#1562 = ( GEOMETRIC_REPRESENTATION_CONTEXT(2) 
PARAMETRIC_REPRESENTATION_CONTEXT() REPRESENTATION_CONTEXT('2D SPACE',''
  ) );
#1563 = ORIENTED_EDGE('',*,*,#978,.F.);
#1564 = ORIENTED_EDGE('',*,*,#134,.F.);
#1565 = ADVANCED_FACE('',(#1566,#2162,#2254,#2346,#2438),#122,.F.);
#1566 = FACE_BOUND('',#1567,.F.);
#1567 = EDGE_LOOP('',(#1568,#1569,#1570,#1593,#1614,#1638,#1659,#1687,
    #1708,#1732,#1753,#1781,#1809,#1832,#1856,#1884,#1905,#1929,#1950,
    #1978,#2004,#2030,#2051,#2074,#2095,#2119,#2140,#2161));
#1568 = ORIENTED_EDGE('',*,*,#106,.F.);
#1569 = ORIENTED_EDGE('',*,*,#1455,.T.);
#1570 = ORIENTED_EDGE('',*,*,#1571,.T.);
#1571 = EDGE_CURVE('',#1456,#1572,#1574,.T.);
#1572 = VERTEX_POINT('',#1573);
#1573 = CARTESIAN_POINT('',(-83.,-80.,0.));
#1574 = SURFACE_CURVE('',#1575,(#1579,#1586),.PCURVE_S1.);
#1575 = LINE('',#1576,#1577);
#1576 = CARTESIAN_POINT('',(-90.,-80.,0.));
#1577 = VECTOR('',#1578,1.);
#1578 = DIRECTION('',(1.,0.,0.));
#1579 = PCURVE('',#122,#1580);
#1580 = DEFINITIONAL_REPRESENTATION('',(#1581),#1585);
#1581 = LINE('',#1582,#1583);
#1582 = CARTESIAN_POINT('',(0.,0.));
#1583 = VECTOR('',#1584,1.);
#1584 = DIRECTION('',(1.,0.));
#1585 = ( GEOMETRIC_REPRESENTATION_CONTEXT(2) 
PARAMETRIC_REPRESENTATION_CONTEXT() REPRESENTATION_CONTEXT('2D SPACE',''
  ) );
#1586 = PCURVE('',#1493,#1587);
#1587 = DEFINITIONAL_REPRESENTATION('',(#1588),#1592);
#1588 = LINE('',#1589,#1590);
#1589 = CARTESIAN_POINT('',(0.,0.));
#1590 = VECTOR('',#1591,1.);
#1591 = DIRECTION('',(0.,1.));
#1592 = ( GEOMETRIC_REPRESENTATION_CONTEXT(2) 
PARAMETRIC_REPRESENTATION_CONTEXT() REPRESENTATION_CONTEXT('2D SPACE',''
  ) );
#1593 = ORIENTED_EDGE('',*,*,#1594,.T.);
#1594 = EDGE_CURVE('',#1572,#1595,#1597,.T.);
#1595 = VERTEX_POINT('',#1596);
#1596 = CARTESIAN_POINT('',(-83.,-54.,0.));
#1597 = SURFACE_CURVE('',#1598,(#1602,#1608),.PCURVE_S1.);
#1598 = LINE('',#1599,#1600);
#1599 = CARTESIAN_POINT('',(-83.,-82.,0.));
#1600 = VECTOR('',#1601,1.);
#1601 = DIRECTION('',(1.110223024625E-16,1.,-0.));
#1602 = PCURVE('',#122,#1603);
#1603 = DEFINITIONAL_REPRESENTATION('',(#1604),#1607);
#1604 = B_SPLINE_CURVE_WITH_KNOTS('',1,(#1605,#1606),.UNSPECIFIED.,.F.,
  .F.,(2,2),(2.,28.),.PIECEWISE_BEZIER_KNOTS.);
#1605 = CARTESIAN_POINT('',(7.,0.));
#1606 = CARTESIAN_POINT('',(7.,26.));
#1607 = ( GEOMETRIC_REPRESENTATION_CONTEXT(2) 
PARAMETRIC_REPRESENTATION_CONTEXT() REPRESENTATION_CONTEXT('2D SPACE',''
  ) );
#1608 = PCURVE('',#259,#1609);
#1609 = DEFINITIONAL_REPRESENTATION('',(#1610),#1613);
#1610 = B_SPLINE_CURVE_WITH_KNOTS('',1,(#1611,#1612),.UNSPECIFIED.,.F.,
  .F.,(2,2),(2.,28.),.PIECEWISE_BEZIER_KNOTS.);
#1611 = CARTESIAN_POINT('',(4.,-200.0000003));
#1612 = CARTESIAN_POINT('',(30.,-200.0000003));
#1613 = ( GEOMETRIC_REPRESENTATION_CONTEXT(2) 
PARAMETRIC_REPRESENTATION_CONTEXT() REPRESENTATION_CONTEXT('2D SPACE',''
  ) );
#1614 = ORIENTED_EDGE('',*,*,#1615,.F.);
#1615 = EDGE_CURVE('',#1616,#1595,#1618,.T.);
#1616 = VERTEX_POINT('',#1617);
#1617 = CARTESIAN_POINT('',(-79.,-54.,0.));
#1618 = SURFACE_CURVE('',#1619,(#1624,#1631),.PCURVE_S1.);
#1619 = CIRCLE('',#1620,2.);
#1620 = AXIS2_PLACEMENT_3D('',#1621,#1622,#1623);
#1621 = CARTESIAN_POINT('',(-81.,-54.,0.));
#1622 = DIRECTION('',(0.,0.,1.));
#1623 = DIRECTION('',(-1.,1.110223024625E-16,0.));
#1624 = PCURVE('',#122,#1625);
#1625 = DEFINITIONAL_REPRESENTATION('',(#1626),#1630);
#1626 = CIRCLE('',#1627,2.);
#1627 = AXIS2_PLACEMENT_2D('',#1628,#1629);
#1628 = CARTESIAN_POINT('',(9.,26.));
#1629 = DIRECTION('',(-1.,1.110223024625E-16));
#1630 = ( GEOMETRIC_REPRESENTATION_CONTEXT(2) 
PARAMETRIC_REPRESENTATION_CONTEXT() REPRESENTATION_CONTEXT('2D SPACE',''
  ) );
#1631 = PCURVE('',#287,#1632);
#1632 = DEFINITIONAL_REPRESENTATION('',(#1633),#1637);
#1633 = LINE('',#1634,#1635);
#1634 = CARTESIAN_POINT('',(-6.28318530718,-200.0000003));
#1635 = VECTOR('',#1636,1.);
#1636 = DIRECTION('',(1.,-0.));
#1637 = ( GEOMETRIC_REPRESENTATION_CONTEXT(2) 
PARAMETRIC_REPRESENTATION_CONTEXT() REPRESENTATION_CONTEXT('2D SPACE',''
  ) );
#1638 = ORIENTED_EDGE('',*,*,#1639,.T.);
#1639 = EDGE_CURVE('',#1616,#1640,#1642,.T.);
#1640 = VERTEX_POINT('',#1641);
#1641 = CARTESIAN_POINT('',(-79.,-80.,0.));
#1642 = SURFACE_CURVE('',#1643,(#1647,#1653),.PCURVE_S1.);
#1643 = LINE('',#1644,#1645);
#1644 = CARTESIAN_POINT('',(-79.,-67.,0.));
#1645 = VECTOR('',#1646,1.);
#1646 = DIRECTION('',(-1.110223024625E-16,-1.,0.));
#1647 = PCURVE('',#122,#1648);
#1648 = DEFINITIONAL_REPRESENTATION('',(#1649),#1652);
#1649 = B_SPLINE_CURVE_WITH_KNOTS('',1,(#1650,#1651),.UNSPECIFIED.,.F.,
  .F.,(2,2),(-13.,13.),.PIECEWISE_BEZIER_KNOTS.);
#1650 = CARTESIAN_POINT('',(11.,26.));
#1651 = CARTESIAN_POINT('',(11.,0.));
#1652 = ( GEOMETRIC_REPRESENTATION_CONTEXT(2) 
PARAMETRIC_REPRESENTATION_CONTEXT() REPRESENTATION_CONTEXT('2D SPACE',''
  ) );
#1653 = PCURVE('',#314,#1654);
#1654 = DEFINITIONAL_REPRESENTATION('',(#1655),#1658);
#1655 = B_SPLINE_CURVE_WITH_KNOTS('',1,(#1656,#1657),.UNSPECIFIED.,.F.,
  .F.,(2,2),(-13.,13.),.PIECEWISE_BEZIER_KNOTS.);
#1656 = CARTESIAN_POINT('',(0.,-200.0000003));
#1657 = CARTESIAN_POINT('',(26.,-200.0000003));
#1658 = ( GEOMETRIC_REPRESENTATION_CONTEXT(2) 
PARAMETRIC_REPRESENTATION_CONTEXT() REPRESENTATION_CONTEXT('2D SPACE',''
  ) );
#1659 = ORIENTED_EDGE('',*,*,#1660,.T.);
#1660 = EDGE_CURVE('',#1640,#1661,#1663,.T.);
#1661 = VERTEX_POINT('',#1662);
#1662 = CARTESIAN_POINT('',(79.,-80.,0.));
#1663 = SURFACE_CURVE('',#1664,(#1668,#1675),.PCURVE_S1.);
#1664 = LINE('',#1665,#1666);
#1665 = CARTESIAN_POINT('',(-90.,-80.,0.));
#1666 = VECTOR('',#1667,1.);
#1667 = DIRECTION('',(1.,0.,0.));
#1668 = PCURVE('',#122,#1669);
#1669 = DEFINITIONAL_REPRESENTATION('',(#1670),#1674);
#1670 = LINE('',#1671,#1672);
#1671 = CARTESIAN_POINT('',(0.,0.));
#1672 = VECTOR('',#1673,1.);
#1673 = DIRECTION('',(1.,0.));
#1674 = ( GEOMETRIC_REPRESENTATION_CONTEXT(2) 
PARAMETRIC_REPRESENTATION_CONTEXT() REPRESENTATION_CONTEXT('2D SPACE',''
  ) );
#1675 = PCURVE('',#1676,#1681);
#1676 = PLANE('',#1677);
#1677 = AXIS2_PLACEMENT_3D('',#1678,#1679,#1680);
#1678 = CARTESIAN_POINT('',(-90.,-80.,0.));
#1679 = DIRECTION('',(0.,1.,0.));
#1680 = DIRECTION('',(0.,0.,1.));
#1681 = DEFINITIONAL_REPRESENTATION('',(#1682),#1686);
#1682 = LINE('',#1683,#1684);
#1683 = CARTESIAN_POINT('',(0.,0.));
#1684 = VECTOR('',#1685,1.);
#1685 = DIRECTION('',(0.,1.));
#1686 = ( GEOMETRIC_REPRESENTATION_CONTEXT(2) 
PARAMETRIC_REPRESENTATION_CONTEXT() REPRESENTATION_CONTEXT('2D SPACE',''
  ) );
#1687 = ORIENTED_EDGE('',*,*,#1688,.T.);
#1688 = EDGE_CURVE('',#1661,#1689,#1691,.T.);
#1689 = VERTEX_POINT('',#1690);
#1690 = CARTESIAN_POINT('',(79.,-54.,0.));
#1691 = SURFACE_CURVE('',#1692,(#1696,#1702),.PCURVE_S1.);
#1692 = LINE('',#1693,#1694);
#1693 = CARTESIAN_POINT('',(79.,-82.,0.));
#1694 = VECTOR('',#1695,1.);
#1695 = DIRECTION('',(1.110223024625E-16,1.,-0.));
#1696 = PCURVE('',#122,#1697);
#1697 = DEFINITIONAL_REPRESENTATION('',(#1698),#1701);
#1698 = B_SPLINE_CURVE_WITH_KNOTS('',1,(#1699,#1700),.UNSPECIFIED.,.F.,
  .F.,(2,2),(2.,28.),.PIECEWISE_BEZIER_KNOTS.);
#1699 = CARTESIAN_POINT('',(169.,0.));
#1700 = CARTESIAN_POINT('',(169.,26.));
#1701 = ( GEOMETRIC_REPRESENTATION_CONTEXT(2) 
PARAMETRIC_REPRESENTATION_CONTEXT() REPRESENTATION_CONTEXT('2D SPACE',''
  ) );
#1702 = PCURVE('',#368,#1703);
#1703 = DEFINITIONAL_REPRESENTATION('',(#1704),#1707);
#1704 = B_SPLINE_CURVE_WITH_KNOTS('',1,(#1705,#1706),.UNSPECIFIED.,.F.,
  .F.,(2,2),(2.,28.),.PIECEWISE_BEZIER_KNOTS.);
#1705 = CARTESIAN_POINT('',(4.,-200.0000002));
#1706 = CARTESIAN_POINT('',(30.,-200.0000002));
#1707 = ( GEOMETRIC_REPRESENTATION_CONTEXT(2) 
PARAMETRIC_REPRESENTATION_CONTEXT() REPRESENTATION_CONTEXT('2D SPACE',''
  ) );
#1708 = ORIENTED_EDGE('',*,*,#1709,.F.);
#1709 = EDGE_CURVE('',#1710,#1689,#1712,.T.);
#1710 = VERTEX_POINT('',#1711);
#1711 = CARTESIAN_POINT('',(83.,-54.,0.));
#1712 = SURFACE_CURVE('',#1713,(#1718,#1725),.PCURVE_S1.);
#1713 = CIRCLE('',#1714,2.);
#1714 = AXIS2_PLACEMENT_3D('',#1715,#1716,#1717);
#1715 = CARTESIAN_POINT('',(81.,-54.,0.));
#1716 = DIRECTION('',(0.,0.,1.));
#1717 = DIRECTION('',(-1.,1.110223024625E-16,0.));
#1718 = PCURVE('',#122,#1719);
#1719 = DEFINITIONAL_REPRESENTATION('',(#1720),#1724);
#1720 = CIRCLE('',#1721,2.);
#1721 = AXIS2_PLACEMENT_2D('',#1722,#1723);
#1722 = CARTESIAN_POINT('',(171.,26.));
#1723 = DIRECTION('',(-1.,1.110223024625E-16));
#1724 = ( GEOMETRIC_REPRESENTATION_CONTEXT(2) 
PARAMETRIC_REPRESENTATION_CONTEXT() REPRESENTATION_CONTEXT('2D SPACE',''
  ) );
#1725 = PCURVE('',#396,#1726);
#1726 = DEFINITIONAL_REPRESENTATION('',(#1727),#1731);
#1727 = LINE('',#1728,#1729);
#1728 = CARTESIAN_POINT('',(-6.28318530718,-200.0000002));
#1729 = VECTOR('',#1730,1.);
#1730 = DIRECTION('',(1.,-0.));
#1731 = ( GEOMETRIC_REPRESENTATION_CONTEXT(2) 
PARAMETRIC_REPRESENTATION_CONTEXT() REPRESENTATION_CONTEXT('2D SPACE',''
  ) );
#1732 = ORIENTED_EDGE('',*,*,#1733,.T.);
#1733 = EDGE_CURVE('',#1710,#1734,#1736,.T.);
#1734 = VERTEX_POINT('',#1735);
#1735 = CARTESIAN_POINT('',(83.,-80.,0.));
#1736 = SURFACE_CURVE('',#1737,(#1741,#1747),.PCURVE_S1.);
#1737 = LINE('',#1738,#1739);
#1738 = CARTESIAN_POINT('',(83.,-67.,0.));
#1739 = VECTOR('',#1740,1.);
#1740 = DIRECTION('',(-1.110223024625E-16,-1.,0.));
#1741 = PCURVE('',#122,#1742);
#1742 = DEFINITIONAL_REPRESENTATION('',(#1743),#1746);
#1743 = B_SPLINE_CURVE_WITH_KNOTS('',1,(#1744,#1745),.UNSPECIFIED.,.F.,
  .F.,(2,2),(-13.,13.),.PIECEWISE_BEZIER_KNOTS.);
#1744 = CARTESIAN_POINT('',(173.,26.));
#1745 = CARTESIAN_POINT('',(173.,0.));
#1746 = ( GEOMETRIC_REPRESENTATION_CONTEXT(2) 
PARAMETRIC_REPRESENTATION_CONTEXT() REPRESENTATION_CONTEXT('2D SPACE',''
  ) );
#1747 = PCURVE('',#423,#1748);
#1748 = DEFINITIONAL_REPRESENTATION('',(#1749),#1752);
#1749 = B_SPLINE_CURVE_WITH_KNOTS('',1,(#1750,#1751),.UNSPECIFIED.,.F.,
  .F.,(2,2),(-13.,13.),.PIECEWISE_BEZIER_KNOTS.);
#1750 = CARTESIAN_POINT('',(0.,-200.0000002));
#1751 = CARTESIAN_POINT('',(26.,-200.0000002));
#1752 = ( GEOMETRIC_REPRESENTATION_CONTEXT(2) 
PARAMETRIC_REPRESENTATION_CONTEXT() REPRESENTATION_CONTEXT('2D SPACE',''
  ) );
#1753 = ORIENTED_EDGE('',*,*,#1754,.T.);
#1754 = EDGE_CURVE('',#1734,#1755,#1757,.T.);
#1755 = VERTEX_POINT('',#1756);
#1756 = CARTESIAN_POINT('',(84.,-80.,0.));
#1757 = SURFACE_CURVE('',#1758,(#1762,#1769),.PCURVE_S1.);
#1758 = LINE('',#1759,#1760);
#1759 = CARTESIAN_POINT('',(-90.,-80.,0.));
#1760 = VECTOR('',#1761,1.);
#1761 = DIRECTION('',(1.,0.,0.));
#1762 = PCURVE('',#122,#1763);
#1763 = DEFINITIONAL_REPRESENTATION('',(#1764),#1768);
#1764 = LINE('',#1765,#1766);
#1765 = CARTESIAN_POINT('',(0.,0.));
#1766 = VECTOR('',#1767,1.);
#1767 = DIRECTION('',(1.,0.));
#1768 = ( GEOMETRIC_REPRESENTATION_CONTEXT(2) 
PARAMETRIC_REPRESENTATION_CONTEXT() REPRESENTATION_CONTEXT('2D SPACE',''
  ) );
#1769 = PCURVE('',#1770,#1775);
#1770 = PLANE('',#1771);
#1771 = AXIS2_PLACEMENT_3D('',#1772,#1773,#1774);
#1772 = CARTESIAN_POINT('',(-90.,-80.,0.));
#1773 = DIRECTION('',(0.,1.,0.));
#1774 = DIRECTION('',(0.,0.,1.));
#1775 = DEFINITIONAL_REPRESENTATION('',(#1776),#1780);
#1776 = LINE('',#1777,#1778);
#1777 = CARTESIAN_POINT('',(0.,0.));
#1778 = VECTOR('',#1779,1.);
#1779 = DIRECTION('',(0.,1.));
#1780 = ( GEOMETRIC_REPRESENTATION_CONTEXT(2) 
PARAMETRIC_REPRESENTATION_CONTEXT() REPRESENTATION_CONTEXT('2D SPACE',''
  ) );
#1781 = ORIENTED_EDGE('',*,*,#1782,.F.);
#1782 = EDGE_CURVE('',#1783,#1755,#1785,.T.);
#1783 = VERTEX_POINT('',#1784);
#1784 = CARTESIAN_POINT('',(90.,-74.,0.));
#1785 = SURFACE_CURVE('',#1786,(#1791,#1802),.PCURVE_S1.);
#1786 = CIRCLE('',#1787,6.);
#1787 = AXIS2_PLACEMENT_3D('',#1788,#1789,#1790);
#1788 = CARTESIAN_POINT('',(84.,-74.,0.));
#1789 = DIRECTION('',(-0.,-0.,-1.));
#1790 = DIRECTION('',(0.,-1.,0.));
#1791 = PCURVE('',#122,#1792);
#1792 = DEFINITIONAL_REPRESENTATION('',(#1793),#1801);
#1793 = ( BOUNDED_CURVE() B_SPLINE_CURVE(2,(#1794,#1795,#1796,#1797,
#1798,#1799,#1800),.UNSPECIFIED.,.T.,.F.) B_SPLINE_CURVE_WITH_KNOTS((1,2
    ,2,2,2,1),(-2.094395102393,0.,2.094395102393,4.188790204786,
6.28318530718,8.377580409573),.UNSPECIFIED.) CURVE() 
GEOMETRIC_REPRESENTATION_ITEM() RATIONAL_B_SPLINE_CURVE((1.,0.5,1.,0.5,
1.,0.5,1.)) REPRESENTATION_ITEM('') );
#1794 = CARTESIAN_POINT('',(174.,0.));
#1795 = CARTESIAN_POINT('',(163.60769515458,0.));
#1796 = CARTESIAN_POINT('',(168.80384757729,9.));
#1797 = CARTESIAN_POINT('',(174.,18.));
#1798 = CARTESIAN_POINT('',(179.1961524227,9.));
#1799 = CARTESIAN_POINT('',(184.39230484541,8.881784197001E-15));
#1800 = CARTESIAN_POINT('',(174.,0.));
#1801 = ( GEOMETRIC_REPRESENTATION_CONTEXT(2) 
PARAMETRIC_REPRESENTATION_CONTEXT() REPRESENTATION_CONTEXT('2D SPACE',''
  ) );
#1802 = PCURVE('',#511,#1803);
#1803 = DEFINITIONAL_REPRESENTATION('',(#1804),#1808);
#1804 = LINE('',#1805,#1806);
#1805 = CARTESIAN_POINT('',(4.712388980385,-0.));
#1806 = VECTOR('',#1807,1.);
#1807 = DIRECTION('',(-1.,0.));
#1808 = ( GEOMETRIC_REPRESENTATION_CONTEXT(2) 
PARAMETRIC_REPRESENTATION_CONTEXT() REPRESENTATION_CONTEXT('2D SPACE',''
  ) );
#1809 = ORIENTED_EDGE('',*,*,#1810,.T.);
#1810 = EDGE_CURVE('',#1783,#1811,#1813,.T.);
#1811 = VERTEX_POINT('',#1812);
#1812 = CARTESIAN_POINT('',(90.,74.,0.));
#1813 = SURFACE_CURVE('',#1814,(#1818,#1825),.PCURVE_S1.);
#1814 = LINE('',#1815,#1816);
#1815 = CARTESIAN_POINT('',(90.,-80.,0.));
#1816 = VECTOR('',#1817,1.);
#1817 = DIRECTION('',(0.,1.,0.));
#1818 = PCURVE('',#122,#1819);
#1819 = DEFINITIONAL_REPRESENTATION('',(#1820),#1824);
#1820 = LINE('',#1821,#1822);
#1821 = CARTESIAN_POINT('',(180.,0.));
#1822 = VECTOR('',#1823,1.);
#1823 = DIRECTION('',(0.,1.));
#1824 = ( GEOMETRIC_REPRESENTATION_CONTEXT(2) 
PARAMETRIC_REPRESENTATION_CONTEXT() REPRESENTATION_CONTEXT('2D SPACE',''
  ) );
#1825 = PCURVE('',#539,#1826);
#1826 = DEFINITIONAL_REPRESENTATION('',(#1827),#1831);
#1827 = LINE('',#1828,#1829);
#1828 = CARTESIAN_POINT('',(0.,0.));
#1829 = VECTOR('',#1830,1.);
#1830 = DIRECTION('',(0.,-1.));
#1831 = ( GEOMETRIC_REPRESENTATION_CONTEXT(2) 
PARAMETRIC_REPRESENTATION_CONTEXT() REPRESENTATION_CONTEXT('2D SPACE',''
  ) );
#1832 = ORIENTED_EDGE('',*,*,#1833,.T.);
#1833 = EDGE_CURVE('',#1811,#1834,#1836,.T.);
#1834 = VERTEX_POINT('',#1835);
#1835 = CARTESIAN_POINT('',(84.,80.,0.));
#1836 = SURFACE_CURVE('',#1837,(#1842,#1849),.PCURVE_S1.);
#1837 = CIRCLE('',#1838,6.);
#1838 = AXIS2_PLACEMENT_3D('',#1839,#1840,#1841);
#1839 = CARTESIAN_POINT('',(84.,74.,0.));
#1840 = DIRECTION('',(0.,0.,1.));
#1841 = DIRECTION('',(0.,-1.,0.));
#1842 = PCURVE('',#122,#1843);
#1843 = DEFINITIONAL_REPRESENTATION('',(#1844),#1848);
#1844 = CIRCLE('',#1845,6.);
#1845 = AXIS2_PLACEMENT_2D('',#1846,#1847);
#1846 = CARTESIAN_POINT('',(174.,154.));
#1847 = DIRECTION('',(0.,-1.));
#1848 = ( GEOMETRIC_REPRESENTATION_CONTEXT(2) 
PARAMETRIC_REPRESENTATION_CONTEXT() REPRESENTATION_CONTEXT('2D SPACE',''
  ) );
#1849 = PCURVE('',#568,#1850);
#1850 = DEFINITIONAL_REPRESENTATION('',(#1851),#1855);
#1851 = LINE('',#1852,#1853);
#1852 = CARTESIAN_POINT('',(-1.570796326795,0.));
#1853 = VECTOR('',#1854,1.);
#1854 = DIRECTION('',(1.,0.));
#1855 = ( GEOMETRIC_REPRESENTATION_CONTEXT(2) 
PARAMETRIC_REPRESENTATION_CONTEXT() REPRESENTATION_CONTEXT('2D SPACE',''
  ) );
#1856 = ORIENTED_EDGE('',*,*,#1857,.F.);
#1857 = EDGE_CURVE('',#1858,#1834,#1860,.T.);
#1858 = VERTEX_POINT('',#1859);
#1859 = CARTESIAN_POINT('',(83.,80.,0.));
#1860 = SURFACE_CURVE('',#1861,(#1865,#1872),.PCURVE_S1.);
#1861 = LINE('',#1862,#1863);
#1862 = CARTESIAN_POINT('',(-90.,80.,0.));
#1863 = VECTOR('',#1864,1.);
#1864 = DIRECTION('',(1.,0.,0.));
#1865 = PCURVE('',#122,#1866);
#1866 = DEFINITIONAL_REPRESENTATION('',(#1867),#1871);
#1867 = LINE('',#1868,#1869);
#1868 = CARTESIAN_POINT('',(0.,160.));
#1869 = VECTOR('',#1870,1.);
#1870 = DIRECTION('',(1.,0.));
#1871 = ( GEOMETRIC_REPRESENTATION_CONTEXT(2) 
PARAMETRIC_REPRESENTATION_CONTEXT() REPRESENTATION_CONTEXT('2D SPACE',''
  ) );
#1872 = PCURVE('',#1873,#1878);
#1873 = PLANE('',#1874);
#1874 = AXIS2_PLACEMENT_3D('',#1875,#1876,#1877);
#1875 = CARTESIAN_POINT('',(-90.,80.,0.));
#1876 = DIRECTION('',(0.,1.,0.));
#1877 = DIRECTION('',(0.,0.,1.));
#1878 = DEFINITIONAL_REPRESENTATION('',(#1879),#1883);
#1879 = LINE('',#1880,#1881);
#1880 = CARTESIAN_POINT('',(0.,0.));
#1881 = VECTOR('',#1882,1.);
#1882 = DIRECTION('',(0.,1.));
#1883 = ( GEOMETRIC_REPRESENTATION_CONTEXT(2) 
PARAMETRIC_REPRESENTATION_CONTEXT() REPRESENTATION_CONTEXT('2D SPACE',''
  ) );
#1884 = ORIENTED_EDGE('',*,*,#1885,.T.);
#1885 = EDGE_CURVE('',#1858,#1886,#1888,.T.);
#1886 = VERTEX_POINT('',#1887);
#1887 = CARTESIAN_POINT('',(83.,54.,0.));
#1888 = SURFACE_CURVE('',#1889,(#1893,#1899),.PCURVE_S1.);
#1889 = LINE('',#1890,#1891);
#1890 = CARTESIAN_POINT('',(83.,2.,0.));
#1891 = VECTOR('',#1892,1.);
#1892 = DIRECTION('',(-1.110223024625E-16,-1.,0.));
#1893 = PCURVE('',#122,#1894);
#1894 = DEFINITIONAL_REPRESENTATION('',(#1895),#1898);
#1895 = B_SPLINE_CURVE_WITH_KNOTS('',1,(#1896,#1897),.UNSPECIFIED.,.F.,
  .F.,(2,2),(-78.,-52.),.PIECEWISE_BEZIER_KNOTS.);
#1896 = CARTESIAN_POINT('',(173.,160.));
#1897 = CARTESIAN_POINT('',(173.,134.));
#1898 = ( GEOMETRIC_REPRESENTATION_CONTEXT(2) 
PARAMETRIC_REPRESENTATION_CONTEXT() REPRESENTATION_CONTEXT('2D SPACE',''
  ) );
#1899 = PCURVE('',#651,#1900);
#1900 = DEFINITIONAL_REPRESENTATION('',(#1901),#1904);
#1901 = B_SPLINE_CURVE_WITH_KNOTS('',1,(#1902,#1903),.UNSPECIFIED.,.F.,
  .F.,(2,2),(-78.,-52.),.PIECEWISE_BEZIER_KNOTS.);
#1902 = CARTESIAN_POINT('',(4.,-200.0000003));
#1903 = CARTESIAN_POINT('',(30.,-200.0000003));
#1904 = ( GEOMETRIC_REPRESENTATION_CONTEXT(2) 
PARAMETRIC_REPRESENTATION_CONTEXT() REPRESENTATION_CONTEXT('2D SPACE',''
  ) );
#1905 = ORIENTED_EDGE('',*,*,#1906,.F.);
#1906 = EDGE_CURVE('',#1907,#1886,#1909,.T.);
#1907 = VERTEX_POINT('',#1908);
#1908 = CARTESIAN_POINT('',(79.,54.,0.));
#1909 = SURFACE_CURVE('',#1910,(#1915,#1922),.PCURVE_S1.);
#1910 = CIRCLE('',#1911,2.);
#1911 = AXIS2_PLACEMENT_3D('',#1912,#1913,#1914);
#1912 = CARTESIAN_POINT('',(81.,54.,0.));
#1913 = DIRECTION('',(0.,-0.,1.));
#1914 = DIRECTION('',(1.,-1.110223024625E-16,-0.));
#1915 = PCURVE('',#122,#1916);
#1916 = DEFINITIONAL_REPRESENTATION('',(#1917),#1921);
#1917 = CIRCLE('',#1918,2.);
#1918 = AXIS2_PLACEMENT_2D('',#1919,#1920);
#1919 = CARTESIAN_POINT('',(171.,134.));
#1920 = DIRECTION('',(1.,-1.110223024625E-16));
#1921 = ( GEOMETRIC_REPRESENTATION_CONTEXT(2) 
PARAMETRIC_REPRESENTATION_CONTEXT() REPRESENTATION_CONTEXT('2D SPACE',''
  ) );
#1922 = PCURVE('',#679,#1923);
#1923 = DEFINITIONAL_REPRESENTATION('',(#1924),#1928);
#1924 = LINE('',#1925,#1926);
#1925 = CARTESIAN_POINT('',(-6.28318530718,-200.0000003));
#1926 = VECTOR('',#1927,1.);
#1927 = DIRECTION('',(1.,-0.));
#1928 = ( GEOMETRIC_REPRESENTATION_CONTEXT(2) 
PARAMETRIC_REPRESENTATION_CONTEXT() REPRESENTATION_CONTEXT('2D SPACE',''
  ) );
#1929 = ORIENTED_EDGE('',*,*,#1930,.T.);
#1930 = EDGE_CURVE('',#1907,#1931,#1933,.T.);
#1931 = VERTEX_POINT('',#1932);
#1932 = CARTESIAN_POINT('',(79.,80.,0.));
#1933 = SURFACE_CURVE('',#1934,(#1938,#1944),.PCURVE_S1.);
#1934 = LINE('',#1935,#1936);
#1935 = CARTESIAN_POINT('',(79.,-13.,0.));
#1936 = VECTOR('',#1937,1.);
#1937 = DIRECTION('',(1.110223024625E-16,1.,-0.));
#1938 = PCURVE('',#122,#1939);
#1939 = DEFINITIONAL_REPRESENTATION('',(#1940),#1943);
#1940 = B_SPLINE_CURVE_WITH_KNOTS('',1,(#1941,#1942),.UNSPECIFIED.,.F.,
  .F.,(2,2),(67.,93.),.PIECEWISE_BEZIER_KNOTS.);
#1941 = CARTESIAN_POINT('',(169.,134.));
#1942 = CARTESIAN_POINT('',(169.,160.));
#1943 = ( GEOMETRIC_REPRESENTATION_CONTEXT(2) 
PARAMETRIC_REPRESENTATION_CONTEXT() REPRESENTATION_CONTEXT('2D SPACE',''
  ) );
#1944 = PCURVE('',#706,#1945);
#1945 = DEFINITIONAL_REPRESENTATION('',(#1946),#1949);
#1946 = B_SPLINE_CURVE_WITH_KNOTS('',1,(#1947,#1948),.UNSPECIFIED.,.F.,
  .F.,(2,2),(67.,93.),.PIECEWISE_BEZIER_KNOTS.);
#1947 = CARTESIAN_POINT('',(0.,-200.0000003));
#1948 = CARTESIAN_POINT('',(26.,-200.0000003));
#1949 = ( GEOMETRIC_REPRESENTATION_CONTEXT(2) 
PARAMETRIC_REPRESENTATION_CONTEXT() REPRESENTATION_CONTEXT('2D SPACE',''
  ) );
#1950 = ORIENTED_EDGE('',*,*,#1951,.F.);
#1951 = EDGE_CURVE('',#1952,#1931,#1954,.T.);
#1952 = VERTEX_POINT('',#1953);
#1953 = CARTESIAN_POINT('',(14.866068747319,80.,0.));
#1954 = SURFACE_CURVE('',#1955,(#1959,#1966),.PCURVE_S1.);
#1955 = LINE('',#1956,#1957);
#1956 = CARTESIAN_POINT('',(-90.,80.,0.));
#1957 = VECTOR('',#1958,1.);
#1958 = DIRECTION('',(1.,0.,0.));
#1959 = PCURVE('',#122,#1960);
#1960 = DEFINITIONAL_REPRESENTATION('',(#1961),#1965);
#1961 = LINE('',#1962,#1963);
#1962 = CARTESIAN_POINT('',(0.,160.));
#1963 = VECTOR('',#1964,1.);
#1964 = DIRECTION('',(1.,0.));
#1965 = ( GEOMETRIC_REPRESENTATION_CONTEXT(2) 
PARAMETRIC_REPRESENTATION_CONTEXT() REPRESENTATION_CONTEXT('2D SPACE',''
  ) );
#1966 = PCURVE('',#1967,#1972);
#1967 = PLANE('',#1968);
#1968 = AXIS2_PLACEMENT_3D('',#1969,#1970,#1971);
#1969 = CARTESIAN_POINT('',(-90.,80.,0.));
#1970 = DIRECTION('',(0.,1.,0.));
#1971 = DIRECTION('',(0.,0.,1.));
#1972 = DEFINITIONAL_REPRESENTATION('',(#1973),#1977);
#1973 = LINE('',#1974,#1975);
#1974 = CARTESIAN_POINT('',(0.,0.));
#1975 = VECTOR('',#1976,1.);
#1976 = DIRECTION('',(0.,1.));
#1977 = ( GEOMETRIC_REPRESENTATION_CONTEXT(2) 
PARAMETRIC_REPRESENTATION_CONTEXT() REPRESENTATION_CONTEXT('2D SPACE',''
  ) );
#1978 = ORIENTED_EDGE('',*,*,#1979,.F.);
#1979 = EDGE_CURVE('',#1980,#1952,#1982,.T.);
#1980 = VERTEX_POINT('',#1981);
#1981 = CARTESIAN_POINT('',(14.866068747319,75.,-8.881784197001E-16));
#1982 = SURFACE_CURVE('',#1983,(#1987,#1993),.PCURVE_S1.);
#1983 = LINE('',#1984,#1985);
#1984 = CARTESIAN_POINT('',(14.866068747319,85.,0.));
#1985 = VECTOR('',#1986,1.);
#1986 = DIRECTION('',(-0.,1.,-0.));
#1987 = PCURVE('',#122,#1988);
#1988 = DEFINITIONAL_REPRESENTATION('',(#1989),#1992);
#1989 = B_SPLINE_CURVE_WITH_KNOTS('',1,(#1990,#1991),.UNSPECIFIED.,.F.,
  .F.,(2,2),(-10.0000006,6.000000070117E-07),.PIECEWISE_BEZIER_KNOTS.);
#1990 = CARTESIAN_POINT('',(104.86606874731,154.9999994));
#1991 = CARTESIAN_POINT('',(104.86606874731,165.0000006));
#1992 = ( GEOMETRIC_REPRESENTATION_CONTEXT(2) 
PARAMETRIC_REPRESENTATION_CONTEXT() REPRESENTATION_CONTEXT('2D SPACE',''
  ) );
#1993 = PCURVE('',#1994,#1999);
#1994 = CYLINDRICAL_SURFACE('',#1995,15.);
#1995 = AXIS2_PLACEMENT_3D('',#1996,#1997,#1998);
#1996 = CARTESIAN_POINT('',(0.,85.,2.));
#1997 = DIRECTION('',(-0.,1.,-0.));
#1998 = DIRECTION('',(1.,0.,0.));
#1999 = DEFINITIONAL_REPRESENTATION('',(#2000),#2003);
#2000 = B_SPLINE_CURVE_WITH_KNOTS('',1,(#2001,#2002),.UNSPECIFIED.,.F.,
  .F.,(2,2),(-10.0000006,6.000000070117E-07),.PIECEWISE_BEZIER_KNOTS.);
#2001 = CARTESIAN_POINT('',(-6.14945371777,-10.0000006));
#2002 = CARTESIAN_POINT('',(-6.14945371777,6.000000070117E-07));
#2003 = ( GEOMETRIC_REPRESENTATION_CONTEXT(2) 
PARAMETRIC_REPRESENTATION_CONTEXT() REPRESENTATION_CONTEXT('2D SPACE',''
  ) );
#2004 = ORIENTED_EDGE('',*,*,#2005,.F.);
#2005 = EDGE_CURVE('',#2006,#1980,#2008,.T.);
#2006 = VERTEX_POINT('',#2007);
#2007 = CARTESIAN_POINT('',(-14.86606874731,75.,4.662936703426E-15));
#2008 = SURFACE_CURVE('',#2009,(#2013,#2019),.PCURVE_S1.);
#2009 = LINE('',#2010,#2011);
#2010 = CARTESIAN_POINT('',(-45.,75.,0.));
#2011 = VECTOR('',#2012,1.);
#2012 = DIRECTION('',(1.,0.,0.));
#2013 = PCURVE('',#122,#2014);
#2014 = DEFINITIONAL_REPRESENTATION('',(#2015),#2018);
#2015 = B_SPLINE_CURVE_WITH_KNOTS('',1,(#2016,#2017),.UNSPECIFIED.,.F.,
  .F.,(2,2),(30.,60.),.PIECEWISE_BEZIER_KNOTS.);
#2016 = CARTESIAN_POINT('',(75.,155.));
#2017 = CARTESIAN_POINT('',(105.,155.));
#2018 = ( GEOMETRIC_REPRESENTATION_CONTEXT(2) 
PARAMETRIC_REPRESENTATION_CONTEXT() REPRESENTATION_CONTEXT('2D SPACE',''
  ) );
#2019 = PCURVE('',#2020,#2025);
#2020 = PLANE('',#2021);
#2021 = AXIS2_PLACEMENT_3D('',#2022,#2023,#2024);
#2022 = CARTESIAN_POINT('',(-7.29301404021E-16,75.,2.));
#2023 = DIRECTION('',(-0.,-1.,-0.));
#2024 = DIRECTION('',(0.,0.,-1.));
#2025 = DEFINITIONAL_REPRESENTATION('',(#2026),#2029);
#2026 = B_SPLINE_CURVE_WITH_KNOTS('',1,(#2027,#2028),.UNSPECIFIED.,.F.,
  .F.,(2,2),(30.,60.),.PIECEWISE_BEZIER_KNOTS.);
#2027 = CARTESIAN_POINT('',(2.,-15.));
#2028 = CARTESIAN_POINT('',(2.,15.));
#2029 = ( GEOMETRIC_REPRESENTATION_CONTEXT(2) 
PARAMETRIC_REPRESENTATION_CONTEXT() REPRESENTATION_CONTEXT('2D SPACE',''
  ) );
#2030 = ORIENTED_EDGE('',*,*,#2031,.T.);
#2031 = EDGE_CURVE('',#2006,#2032,#2034,.T.);
#2032 = VERTEX_POINT('',#2033);
#2033 = CARTESIAN_POINT('',(-14.86606874731,80.,0.));
#2034 = SURFACE_CURVE('',#2035,(#2039,#2045),.PCURVE_S1.);
#2035 = LINE('',#2036,#2037);
#2036 = CARTESIAN_POINT('',(-14.86606874731,85.,0.));
#2037 = VECTOR('',#2038,1.);
#2038 = DIRECTION('',(-0.,1.,-0.));
#2039 = PCURVE('',#122,#2040);
#2040 = DEFINITIONAL_REPRESENTATION('',(#2041),#2044);
#2041 = B_SPLINE_CURVE_WITH_KNOTS('',1,(#2042,#2043),.UNSPECIFIED.,.F.,
  .F.,(2,2),(-10.0000006,6.000000070117E-07),.PIECEWISE_BEZIER_KNOTS.);
#2042 = CARTESIAN_POINT('',(75.133931252681,154.9999994));
#2043 = CARTESIAN_POINT('',(75.133931252681,165.0000006));
#2044 = ( GEOMETRIC_REPRESENTATION_CONTEXT(2) 
PARAMETRIC_REPRESENTATION_CONTEXT() REPRESENTATION_CONTEXT('2D SPACE',''
  ) );
#2045 = PCURVE('',#1994,#2046);
#2046 = DEFINITIONAL_REPRESENTATION('',(#2047),#2050);
#2047 = B_SPLINE_CURVE_WITH_KNOTS('',1,(#2048,#2049),.UNSPECIFIED.,.F.,
  .F.,(2,2),(-10.0000006,6.000000070117E-07),.PIECEWISE_BEZIER_KNOTS.);
#2048 = CARTESIAN_POINT('',(-3.275324243,-10.0000006));
#2049 = CARTESIAN_POINT('',(-3.275324243,6.000000070117E-07));
#2050 = ( GEOMETRIC_REPRESENTATION_CONTEXT(2) 
PARAMETRIC_REPRESENTATION_CONTEXT() REPRESENTATION_CONTEXT('2D SPACE',''
  ) );
#2051 = ORIENTED_EDGE('',*,*,#2052,.F.);
#2052 = EDGE_CURVE('',#2053,#2032,#2055,.T.);
#2053 = VERTEX_POINT('',#2054);
#2054 = CARTESIAN_POINT('',(-79.,80.,0.));
#2055 = SURFACE_CURVE('',#2056,(#2060,#2067),.PCURVE_S1.);
#2056 = LINE('',#2057,#2058);
#2057 = CARTESIAN_POINT('',(-90.,80.,0.));
#2058 = VECTOR('',#2059,1.);
#2059 = DIRECTION('',(1.,0.,0.));
#2060 = PCURVE('',#122,#2061);
#2061 = DEFINITIONAL_REPRESENTATION('',(#2062),#2066);
#2062 = LINE('',#2063,#2064);
#2063 = CARTESIAN_POINT('',(0.,160.));
#2064 = VECTOR('',#2065,1.);
#2065 = DIRECTION('',(1.,0.));
#2066 = ( GEOMETRIC_REPRESENTATION_CONTEXT(2) 
PARAMETRIC_REPRESENTATION_CONTEXT() REPRESENTATION_CONTEXT('2D SPACE',''
  ) );
#2067 = PCURVE('',#1967,#2068);
#2068 = DEFINITIONAL_REPRESENTATION('',(#2069),#2073);
#2069 = LINE('',#2070,#2071);
#2070 = CARTESIAN_POINT('',(0.,0.));
#2071 = VECTOR('',#2072,1.);
#2072 = DIRECTION('',(0.,1.));
#2073 = ( GEOMETRIC_REPRESENTATION_CONTEXT(2) 
PARAMETRIC_REPRESENTATION_CONTEXT() REPRESENTATION_CONTEXT('2D SPACE',''
  ) );
#2074 = ORIENTED_EDGE('',*,*,#2075,.T.);
#2075 = EDGE_CURVE('',#2053,#2076,#2078,.T.);
#2076 = VERTEX_POINT('',#2077);
#2077 = CARTESIAN_POINT('',(-79.,54.,0.));
#2078 = SURFACE_CURVE('',#2079,(#2083,#2089),.PCURVE_S1.);
#2079 = LINE('',#2080,#2081);
#2080 = CARTESIAN_POINT('',(-79.,2.,0.));
#2081 = VECTOR('',#2082,1.);
#2082 = DIRECTION('',(-1.110223024625E-16,-1.,0.));
#2083 = PCURVE('',#122,#2084);
#2084 = DEFINITIONAL_REPRESENTATION('',(#2085),#2088);
#2085 = B_SPLINE_CURVE_WITH_KNOTS('',1,(#2086,#2087),.UNSPECIFIED.,.F.,
  .F.,(2,2),(-78.,-52.),.PIECEWISE_BEZIER_KNOTS.);
#2086 = CARTESIAN_POINT('',(11.,160.));
#2087 = CARTESIAN_POINT('',(11.,134.));
#2088 = ( GEOMETRIC_REPRESENTATION_CONTEXT(2) 
PARAMETRIC_REPRESENTATION_CONTEXT() REPRESENTATION_CONTEXT('2D SPACE',''
  ) );
#2089 = PCURVE('',#856,#2090);
#2090 = DEFINITIONAL_REPRESENTATION('',(#2091),#2094);
#2091 = B_SPLINE_CURVE_WITH_KNOTS('',1,(#2092,#2093),.UNSPECIFIED.,.F.,
  .F.,(2,2),(-78.,-52.),.PIECEWISE_BEZIER_KNOTS.);
#2092 = CARTESIAN_POINT('',(4.,-200.0000003));
#2093 = CARTESIAN_POINT('',(30.,-200.0000003));
#2094 = ( GEOMETRIC_REPRESENTATION_CONTEXT(2) 
PARAMETRIC_REPRESENTATION_CONTEXT() REPRESENTATION_CONTEXT('2D SPACE',''
  ) );
#2095 = ORIENTED_EDGE('',*,*,#2096,.F.);
#2096 = EDGE_CURVE('',#2097,#2076,#2099,.T.);
#2097 = VERTEX_POINT('',#2098);
#2098 = CARTESIAN_POINT('',(-83.,54.,0.));
#2099 = SURFACE_CURVE('',#2100,(#2105,#2112),.PCURVE_S1.);
#2100 = CIRCLE('',#2101,2.);
#2101 = AXIS2_PLACEMENT_3D('',#2102,#2103,#2104);
#2102 = CARTESIAN_POINT('',(-81.,54.,0.));
#2103 = DIRECTION('',(0.,-0.,1.));
#2104 = DIRECTION('',(1.,-1.110223024625E-16,-0.));
#2105 = PCURVE('',#122,#2106);
#2106 = DEFINITIONAL_REPRESENTATION('',(#2107),#2111);
#2107 = CIRCLE('',#2108,2.);
#2108 = AXIS2_PLACEMENT_2D('',#2109,#2110);
#2109 = CARTESIAN_POINT('',(9.,134.));
#2110 = DIRECTION('',(1.,-1.110223024625E-16));
#2111 = ( GEOMETRIC_REPRESENTATION_CONTEXT(2) 
PARAMETRIC_REPRESENTATION_CONTEXT() REPRESENTATION_CONTEXT('2D SPACE',''
  ) );
#2112 = PCURVE('',#884,#2113);
#2113 = DEFINITIONAL_REPRESENTATION('',(#2114),#2118);
#2114 = LINE('',#2115,#2116);
#2115 = CARTESIAN_POINT('',(-6.28318530718,-200.0000003));
#2116 = VECTOR('',#2117,1.);
#2117 = DIRECTION('',(1.,-0.));
#2118 = ( GEOMETRIC_REPRESENTATION_CONTEXT(2) 
PARAMETRIC_REPRESENTATION_CONTEXT() REPRESENTATION_CONTEXT('2D SPACE',''
  ) );
#2119 = ORIENTED_EDGE('',*,*,#2120,.T.);
#2120 = EDGE_CURVE('',#2097,#2121,#2123,.T.);
#2121 = VERTEX_POINT('',#2122);
#2122 = CARTESIAN_POINT('',(-83.,80.,0.));
#2123 = SURFACE_CURVE('',#2124,(#2128,#2134),.PCURVE_S1.);
#2124 = LINE('',#2125,#2126);
#2125 = CARTESIAN_POINT('',(-83.,-13.,0.));
#2126 = VECTOR('',#2127,1.);
#2127 = DIRECTION('',(1.110223024625E-16,1.,-0.));
#2128 = PCURVE('',#122,#2129);
#2129 = DEFINITIONAL_REPRESENTATION('',(#2130),#2133);
#2130 = B_SPLINE_CURVE_WITH_KNOTS('',1,(#2131,#2132),.UNSPECIFIED.,.F.,
  .F.,(2,2),(67.,93.),.PIECEWISE_BEZIER_KNOTS.);
#2131 = CARTESIAN_POINT('',(7.,134.));
#2132 = CARTESIAN_POINT('',(7.,160.));
#2133 = ( GEOMETRIC_REPRESENTATION_CONTEXT(2) 
PARAMETRIC_REPRESENTATION_CONTEXT() REPRESENTATION_CONTEXT('2D SPACE',''
  ) );
#2134 = PCURVE('',#911,#2135);
#2135 = DEFINITIONAL_REPRESENTATION('',(#2136),#2139);
#2136 = B_SPLINE_CURVE_WITH_KNOTS('',1,(#2137,#2138),.UNSPECIFIED.,.F.,
  .F.,(2,2),(67.,93.),.PIECEWISE_BEZIER_KNOTS.);
#2137 = CARTESIAN_POINT('',(0.,-200.0000003));
#2138 = CARTESIAN_POINT('',(26.,-200.0000003));
#2139 = ( GEOMETRIC_REPRESENTATION_CONTEXT(2) 
PARAMETRIC_REPRESENTATION_CONTEXT() REPRESENTATION_CONTEXT('2D SPACE',''
  ) );
#2140 = ORIENTED_EDGE('',*,*,#2141,.F.);
#2141 = EDGE_CURVE('',#1511,#2121,#2142,.T.);
#2142 = SURFACE_CURVE('',#2143,(#2147,#2154),.PCURVE_S1.);
#2143 = LINE('',#2144,#2145);
#2144 = CARTESIAN_POINT('',(-90.,80.,0.));
#2145 = VECTOR('',#2146,1.);
#2146 = DIRECTION('',(1.,0.,0.));
#2147 = PCURVE('',#122,#2148);
#2148 = DEFINITIONAL_REPRESENTATION('',(#2149),#2153);
#2149 = LINE('',#2150,#2151);
#2150 = CARTESIAN_POINT('',(0.,160.));
#2151 = VECTOR('',#2152,1.);
#2152 = DIRECTION('',(1.,0.));
#2153 = ( GEOMETRIC_REPRESENTATION_CONTEXT(2) 
PARAMETRIC_REPRESENTATION_CONTEXT() REPRESENTATION_CONTEXT('2D SPACE',''
  ) );
#2154 = PCURVE('',#1552,#2155);
#2155 = DEFINITIONAL_REPRESENTATION('',(#2156),#2160);
#2156 = LINE('',#2157,#2158);
#2157 = CARTESIAN_POINT('',(0.,0.));
#2158 = VECTOR('',#2159,1.);
#2159 = DIRECTION('',(0.,1.));
#2160 = ( GEOMETRIC_REPRESENTATION_CONTEXT(2) 
PARAMETRIC_REPRESENTATION_CONTEXT() REPRESENTATION_CONTEXT('2D SPACE',''
  ) );
#2161 = ORIENTED_EDGE('',*,*,#1510,.F.);
#2162 = FACE_BOUND('',#2163,.F.);
#2163 = EDGE_LOOP('',(#2164,#2190,#2211,#2235));
#2164 = ORIENTED_EDGE('',*,*,#2165,.F.);
#2165 = EDGE_CURVE('',#2166,#2168,#2170,.T.);
#2166 = VERTEX_POINT('',#2167);
#2167 = CARTESIAN_POINT('',(-83.,-38.,0.));
#2168 = VERTEX_POINT('',#2169);
#2169 = CARTESIAN_POINT('',(-79.,-38.,0.));
#2170 = SURFACE_CURVE('',#2171,(#2176,#2183),.PCURVE_S1.);
#2171 = CIRCLE('',#2172,2.);
#2172 = AXIS2_PLACEMENT_3D('',#2173,#2174,#2175);
#2173 = CARTESIAN_POINT('',(-81.,-38.,0.));
#2174 = DIRECTION('',(0.,-0.,1.));
#2175 = DIRECTION('',(1.,-1.110223024625E-16,-0.));
#2176 = PCURVE('',#122,#2177);
#2177 = DEFINITIONAL_REPRESENTATION('',(#2178),#2182);
#2178 = CIRCLE('',#2179,2.);
#2179 = AXIS2_PLACEMENT_2D('',#2180,#2181);
#2180 = CARTESIAN_POINT('',(9.,42.));
#2181 = DIRECTION('',(1.,-1.110223024625E-16));
#2182 = ( GEOMETRIC_REPRESENTATION_CONTEXT(2) 
PARAMETRIC_REPRESENTATION_CONTEXT() REPRESENTATION_CONTEXT('2D SPACE',''
  ) );
#2183 = PCURVE('',#1025,#2184);
#2184 = DEFINITIONAL_REPRESENTATION('',(#2185),#2189);
#2185 = LINE('',#2186,#2187);
#2186 = CARTESIAN_POINT('',(-6.28318530718,-200.0000003));
#2187 = VECTOR('',#2188,1.);
#2188 = DIRECTION('',(1.,-0.));
#2189 = ( GEOMETRIC_REPRESENTATION_CONTEXT(2) 
PARAMETRIC_REPRESENTATION_CONTEXT() REPRESENTATION_CONTEXT('2D SPACE',''
  ) );
#2190 = ORIENTED_EDGE('',*,*,#2191,.T.);
#2191 = EDGE_CURVE('',#2166,#2192,#2194,.T.);
#2192 = VERTEX_POINT('',#2193);
#2193 = CARTESIAN_POINT('',(-83.,-8.,0.));
#2194 = SURFACE_CURVE('',#2195,(#2199,#2205),.PCURVE_S1.);
#2195 = LINE('',#2196,#2197);
#2196 = CARTESIAN_POINT('',(-83.,-59.,0.));
#2197 = VECTOR('',#2198,1.);
#2198 = DIRECTION('',(1.110223024625E-16,1.,-0.));
#2199 = PCURVE('',#122,#2200);
#2200 = DEFINITIONAL_REPRESENTATION('',(#2201),#2204);
#2201 = B_SPLINE_CURVE_WITH_KNOTS('',1,(#2202,#2203),.UNSPECIFIED.,.F.,
  .F.,(2,2),(21.,51.),.PIECEWISE_BEZIER_KNOTS.);
#2202 = CARTESIAN_POINT('',(7.,42.));
#2203 = CARTESIAN_POINT('',(7.,72.));
#2204 = ( GEOMETRIC_REPRESENTATION_CONTEXT(2) 
PARAMETRIC_REPRESENTATION_CONTEXT() REPRESENTATION_CONTEXT('2D SPACE',''
  ) );
#2205 = PCURVE('',#1052,#2206);
#2206 = DEFINITIONAL_REPRESENTATION('',(#2207),#2210);
#2207 = B_SPLINE_CURVE_WITH_KNOTS('',1,(#2208,#2209),.UNSPECIFIED.,.F.,
  .F.,(2,2),(21.,51.),.PIECEWISE_BEZIER_KNOTS.);
#2208 = CARTESIAN_POINT('',(0.,-200.0000003));
#2209 = CARTESIAN_POINT('',(30.,-200.0000003));
#2210 = ( GEOMETRIC_REPRESENTATION_CONTEXT(2) 
PARAMETRIC_REPRESENTATION_CONTEXT() REPRESENTATION_CONTEXT('2D SPACE',''
  ) );
#2211 = ORIENTED_EDGE('',*,*,#2212,.F.);
#2212 = EDGE_CURVE('',#2213,#2192,#2215,.T.);
#2213 = VERTEX_POINT('',#2214);
#2214 = CARTESIAN_POINT('',(-79.,-8.,0.));
#2215 = SURFACE_CURVE('',#2216,(#2221,#2228),.PCURVE_S1.);
#2216 = CIRCLE('',#2217,2.);
#2217 = AXIS2_PLACEMENT_3D('',#2218,#2219,#2220);
#2218 = CARTESIAN_POINT('',(-81.,-8.,0.));
#2219 = DIRECTION('',(0.,0.,1.));
#2220 = DIRECTION('',(-1.,1.110223024625E-16,0.));
#2221 = PCURVE('',#122,#2222);
#2222 = DEFINITIONAL_REPRESENTATION('',(#2223),#2227);
#2223 = CIRCLE('',#2224,2.);
#2224 = AXIS2_PLACEMENT_2D('',#2225,#2226);
#2225 = CARTESIAN_POINT('',(9.,72.));
#2226 = DIRECTION('',(-1.,1.110223024625E-16));
#2227 = ( GEOMETRIC_REPRESENTATION_CONTEXT(2) 
PARAMETRIC_REPRESENTATION_CONTEXT() REPRESENTATION_CONTEXT('2D SPACE',''
  ) );
#2228 = PCURVE('',#1080,#2229);
#2229 = DEFINITIONAL_REPRESENTATION('',(#2230),#2234);
#2230 = LINE('',#2231,#2232);
#2231 = CARTESIAN_POINT('',(-6.28318530718,-200.0000003));
#2232 = VECTOR('',#2233,1.);
#2233 = DIRECTION('',(1.,-0.));
#2234 = ( GEOMETRIC_REPRESENTATION_CONTEXT(2) 
PARAMETRIC_REPRESENTATION_CONTEXT() REPRESENTATION_CONTEXT('2D SPACE',''
  ) );
#2235 = ORIENTED_EDGE('',*,*,#2236,.T.);
#2236 = EDGE_CURVE('',#2213,#2168,#2237,.T.);
#2237 = SURFACE_CURVE('',#2238,(#2242,#2248),.PCURVE_S1.);
#2238 = LINE('',#2239,#2240);
#2239 = CARTESIAN_POINT('',(-79.,-44.,0.));
#2240 = VECTOR('',#2241,1.);
#2241 = DIRECTION('',(-1.110223024625E-16,-1.,0.));
#2242 = PCURVE('',#122,#2243);
#2243 = DEFINITIONAL_REPRESENTATION('',(#2244),#2247);
#2244 = B_SPLINE_CURVE_WITH_KNOTS('',1,(#2245,#2246),.UNSPECIFIED.,.F.,
  .F.,(2,2),(-36.,-6.),.PIECEWISE_BEZIER_KNOTS.);
#2245 = CARTESIAN_POINT('',(11.,72.));
#2246 = CARTESIAN_POINT('',(11.,42.));
#2247 = ( GEOMETRIC_REPRESENTATION_CONTEXT(2) 
PARAMETRIC_REPRESENTATION_CONTEXT() REPRESENTATION_CONTEXT('2D SPACE',''
  ) );
#2248 = PCURVE('',#1105,#2249);
#2249 = DEFINITIONAL_REPRESENTATION('',(#2250),#2253);
#2250 = B_SPLINE_CURVE_WITH_KNOTS('',1,(#2251,#2252),.UNSPECIFIED.,.F.,
  .F.,(2,2),(-36.,-6.),.PIECEWISE_BEZIER_KNOTS.);
#2251 = CARTESIAN_POINT('',(0.,-200.0000003));
#2252 = CARTESIAN_POINT('',(30.,-200.0000003));
#2253 = ( GEOMETRIC_REPRESENTATION_CONTEXT(2) 
PARAMETRIC_REPRESENTATION_CONTEXT() REPRESENTATION_CONTEXT('2D SPACE',''
  ) );
#2254 = FACE_BOUND('',#2255,.F.);
#2255 = EDGE_LOOP('',(#2256,#2282,#2303,#2327));
#2256 = ORIENTED_EDGE('',*,*,#2257,.F.);
#2257 = EDGE_CURVE('',#2258,#2260,#2262,.T.);
#2258 = VERTEX_POINT('',#2259);
#2259 = CARTESIAN_POINT('',(79.,-38.,0.));
#2260 = VERTEX_POINT('',#2261);
#2261 = CARTESIAN_POINT('',(83.,-38.,0.));
#2262 = SURFACE_CURVE('',#2263,(#2268,#2275),.PCURVE_S1.);
#2263 = CIRCLE('',#2264,2.);
#2264 = AXIS2_PLACEMENT_3D('',#2265,#2266,#2267);
#2265 = CARTESIAN_POINT('',(81.,-38.,0.));
#2266 = DIRECTION('',(0.,-0.,1.));
#2267 = DIRECTION('',(1.,-1.110223024625E-16,-0.));
#2268 = PCURVE('',#122,#2269);
#2269 = DEFINITIONAL_REPRESENTATION('',(#2270),#2274);
#2270 = CIRCLE('',#2271,2.);
#2271 = AXIS2_PLACEMENT_2D('',#2272,#2273);
#2272 = CARTESIAN_POINT('',(171.,42.));
#2273 = DIRECTION('',(1.,-1.110223024625E-16));
#2274 = ( GEOMETRIC_REPRESENTATION_CONTEXT(2) 
PARAMETRIC_REPRESENTATION_CONTEXT() REPRESENTATION_CONTEXT('2D SPACE',''
  ) );
#2275 = PCURVE('',#1137,#2276);
#2276 = DEFINITIONAL_REPRESENTATION('',(#2277),#2281);
#2277 = LINE('',#2278,#2279);
#2278 = CARTESIAN_POINT('',(-6.28318530718,-200.0000003));
#2279 = VECTOR('',#2280,1.);
#2280 = DIRECTION('',(1.,-0.));
#2281 = ( GEOMETRIC_REPRESENTATION_CONTEXT(2) 
PARAMETRIC_REPRESENTATION_CONTEXT() REPRESENTATION_CONTEXT('2D SPACE',''
  ) );
#2282 = ORIENTED_EDGE('',*,*,#2283,.T.);
#2283 = EDGE_CURVE('',#2258,#2284,#2286,.T.);
#2284 = VERTEX_POINT('',#2285);
#2285 = CARTESIAN_POINT('',(79.,-8.,0.));
#2286 = SURFACE_CURVE('',#2287,(#2291,#2297),.PCURVE_S1.);
#2287 = LINE('',#2288,#2289);
#2288 = CARTESIAN_POINT('',(79.,-59.,0.));
#2289 = VECTOR('',#2290,1.);
#2290 = DIRECTION('',(1.110223024625E-16,1.,-0.));
#2291 = PCURVE('',#122,#2292);
#2292 = DEFINITIONAL_REPRESENTATION('',(#2293),#2296);
#2293 = B_SPLINE_CURVE_WITH_KNOTS('',1,(#2294,#2295),.UNSPECIFIED.,.F.,
  .F.,(2,2),(21.,51.),.PIECEWISE_BEZIER_KNOTS.);
#2294 = CARTESIAN_POINT('',(169.,42.));
#2295 = CARTESIAN_POINT('',(169.,72.));
#2296 = ( GEOMETRIC_REPRESENTATION_CONTEXT(2) 
PARAMETRIC_REPRESENTATION_CONTEXT() REPRESENTATION_CONTEXT('2D SPACE',''
  ) );
#2297 = PCURVE('',#1164,#2298);
#2298 = DEFINITIONAL_REPRESENTATION('',(#2299),#2302);
#2299 = B_SPLINE_CURVE_WITH_KNOTS('',1,(#2300,#2301),.UNSPECIFIED.,.F.,
  .F.,(2,2),(21.,51.),.PIECEWISE_BEZIER_KNOTS.);
#2300 = CARTESIAN_POINT('',(0.,-200.0000003));
#2301 = CARTESIAN_POINT('',(30.,-200.0000003));
#2302 = ( GEOMETRIC_REPRESENTATION_CONTEXT(2) 
PARAMETRIC_REPRESENTATION_CONTEXT() REPRESENTATION_CONTEXT('2D SPACE',''
  ) );
#2303 = ORIENTED_EDGE('',*,*,#2304,.F.);
#2304 = EDGE_CURVE('',#2305,#2284,#2307,.T.);
#2305 = VERTEX_POINT('',#2306);
#2306 = CARTESIAN_POINT('',(83.,-8.,0.));
#2307 = SURFACE_CURVE('',#2308,(#2313,#2320),.PCURVE_S1.);
#2308 = CIRCLE('',#2309,2.);
#2309 = AXIS2_PLACEMENT_3D('',#2310,#2311,#2312);
#2310 = CARTESIAN_POINT('',(81.,-8.,0.));
#2311 = DIRECTION('',(0.,0.,1.));
#2312 = DIRECTION('',(-1.,1.110223024625E-16,0.));
#2313 = PCURVE('',#122,#2314);
#2314 = DEFINITIONAL_REPRESENTATION('',(#2315),#2319);
#2315 = CIRCLE('',#2316,2.);
#2316 = AXIS2_PLACEMENT_2D('',#2317,#2318);
#2317 = CARTESIAN_POINT('',(171.,72.));
#2318 = DIRECTION('',(-1.,1.110223024625E-16));
#2319 = ( GEOMETRIC_REPRESENTATION_CONTEXT(2) 
PARAMETRIC_REPRESENTATION_CONTEXT() REPRESENTATION_CONTEXT('2D SPACE',''
  ) );
#2320 = PCURVE('',#1192,#2321);
#2321 = DEFINITIONAL_REPRESENTATION('',(#2322),#2326);
#2322 = LINE('',#2323,#2324);
#2323 = CARTESIAN_POINT('',(-6.28318530718,-200.0000003));
#2324 = VECTOR('',#2325,1.);
#2325 = DIRECTION('',(1.,-0.));
#2326 = ( GEOMETRIC_REPRESENTATION_CONTEXT(2) 
PARAMETRIC_REPRESENTATION_CONTEXT() REPRESENTATION_CONTEXT('2D SPACE',''
  ) );
#2327 = ORIENTED_EDGE('',*,*,#2328,.T.);
#2328 = EDGE_CURVE('',#2305,#2260,#2329,.T.);
#2329 = SURFACE_CURVE('',#2330,(#2334,#2340),.PCURVE_S1.);
#2330 = LINE('',#2331,#2332);
#2331 = CARTESIAN_POINT('',(83.,-44.,0.));
#2332 = VECTOR('',#2333,1.);
#2333 = DIRECTION('',(-1.110223024625E-16,-1.,0.));
#2334 = PCURVE('',#122,#2335);
#2335 = DEFINITIONAL_REPRESENTATION('',(#2336),#2339);
#2336 = B_SPLINE_CURVE_WITH_KNOTS('',1,(#2337,#2338),.UNSPECIFIED.,.F.,
  .F.,(2,2),(-36.,-6.),.PIECEWISE_BEZIER_KNOTS.);
#2337 = CARTESIAN_POINT('',(173.,72.));
#2338 = CARTESIAN_POINT('',(173.,42.));
#2339 = ( GEOMETRIC_REPRESENTATION_CONTEXT(2) 
PARAMETRIC_REPRESENTATION_CONTEXT() REPRESENTATION_CONTEXT('2D SPACE',''
  ) );
#2340 = PCURVE('',#1217,#2341);
#2341 = DEFINITIONAL_REPRESENTATION('',(#2342),#2345);
#2342 = B_SPLINE_CURVE_WITH_KNOTS('',1,(#2343,#2344),.UNSPECIFIED.,.F.,
  .F.,(2,2),(-36.,-6.),.PIECEWISE_BEZIER_KNOTS.);
#2343 = CARTESIAN_POINT('',(0.,-200.0000003));
#2344 = CARTESIAN_POINT('',(30.,-200.0000003));
#2345 = ( GEOMETRIC_REPRESENTATION_CONTEXT(2) 
PARAMETRIC_REPRESENTATION_CONTEXT() REPRESENTATION_CONTEXT('2D SPACE',''
  ) );
#2346 = FACE_BOUND('',#2347,.F.);
#2347 = EDGE_LOOP('',(#2348,#2374,#2395,#2419));
#2348 = ORIENTED_EDGE('',*,*,#2349,.F.);
#2349 = EDGE_CURVE('',#2350,#2352,#2354,.T.);
#2350 = VERTEX_POINT('',#2351);
#2351 = CARTESIAN_POINT('',(-83.,8.,0.));
#2352 = VERTEX_POINT('',#2353);
#2353 = CARTESIAN_POINT('',(-79.,8.,0.));
#2354 = SURFACE_CURVE('',#2355,(#2360,#2367),.PCURVE_S1.);
#2355 = CIRCLE('',#2356,2.);
#2356 = AXIS2_PLACEMENT_3D('',#2357,#2358,#2359);
#2357 = CARTESIAN_POINT('',(-81.,8.,0.));
#2358 = DIRECTION('',(0.,-0.,1.));
#2359 = DIRECTION('',(1.,-1.110223024625E-16,-0.));
#2360 = PCURVE('',#122,#2361);
#2361 = DEFINITIONAL_REPRESENTATION('',(#2362),#2366);
#2362 = CIRCLE('',#2363,2.);
#2363 = AXIS2_PLACEMENT_2D('',#2364,#2365);
#2364 = CARTESIAN_POINT('',(9.,88.));
#2365 = DIRECTION('',(1.,-1.110223024625E-16));
#2366 = ( GEOMETRIC_REPRESENTATION_CONTEXT(2) 
PARAMETRIC_REPRESENTATION_CONTEXT() REPRESENTATION_CONTEXT('2D SPACE',''
  ) );
#2367 = PCURVE('',#1249,#2368);
#2368 = DEFINITIONAL_REPRESENTATION('',(#2369),#2373);
#2369 = LINE('',#2370,#2371);
#2370 = CARTESIAN_POINT('',(-6.28318530718,-200.0000003));
#2371 = VECTOR('',#2372,1.);
#2372 = DIRECTION('',(1.,-0.));
#2373 = ( GEOMETRIC_REPRESENTATION_CONTEXT(2) 
PARAMETRIC_REPRESENTATION_CONTEXT() REPRESENTATION_CONTEXT('2D SPACE',''
  ) );
#2374 = ORIENTED_EDGE('',*,*,#2375,.T.);
#2375 = EDGE_CURVE('',#2350,#2376,#2378,.T.);
#2376 = VERTEX_POINT('',#2377);
#2377 = CARTESIAN_POINT('',(-83.,38.,0.));
#2378 = SURFACE_CURVE('',#2379,(#2383,#2389),.PCURVE_S1.);
#2379 = LINE('',#2380,#2381);
#2380 = CARTESIAN_POINT('',(-83.,-36.,0.));
#2381 = VECTOR('',#2382,1.);
#2382 = DIRECTION('',(1.110223024625E-16,1.,-0.));
#2383 = PCURVE('',#122,#2384);
#2384 = DEFINITIONAL_REPRESENTATION('',(#2385),#2388);
#2385 = B_SPLINE_CURVE_WITH_KNOTS('',1,(#2386,#2387),.UNSPECIFIED.,.F.,
  .F.,(2,2),(44.,74.),.PIECEWISE_BEZIER_KNOTS.);
#2386 = CARTESIAN_POINT('',(7.,88.));
#2387 = CARTESIAN_POINT('',(7.,118.));
#2388 = ( GEOMETRIC_REPRESENTATION_CONTEXT(2) 
PARAMETRIC_REPRESENTATION_CONTEXT() REPRESENTATION_CONTEXT('2D SPACE',''
  ) );
#2389 = PCURVE('',#1276,#2390);
#2390 = DEFINITIONAL_REPRESENTATION('',(#2391),#2394);
#2391 = B_SPLINE_CURVE_WITH_KNOTS('',1,(#2392,#2393),.UNSPECIFIED.,.F.,
  .F.,(2,2),(44.,74.),.PIECEWISE_BEZIER_KNOTS.);
#2392 = CARTESIAN_POINT('',(0.,-200.0000003));
#2393 = CARTESIAN_POINT('',(30.,-200.0000003));
#2394 = ( GEOMETRIC_REPRESENTATION_CONTEXT(2) 
PARAMETRIC_REPRESENTATION_CONTEXT() REPRESENTATION_CONTEXT('2D SPACE',''
  ) );
#2395 = ORIENTED_EDGE('',*,*,#2396,.F.);
#2396 = EDGE_CURVE('',#2397,#2376,#2399,.T.);
#2397 = VERTEX_POINT('',#2398);
#2398 = CARTESIAN_POINT('',(-79.,38.,0.));
#2399 = SURFACE_CURVE('',#2400,(#2405,#2412),.PCURVE_S1.);
#2400 = CIRCLE('',#2401,2.);
#2401 = AXIS2_PLACEMENT_3D('',#2402,#2403,#2404);
#2402 = CARTESIAN_POINT('',(-81.,38.,0.));
#2403 = DIRECTION('',(0.,0.,1.));
#2404 = DIRECTION('',(-1.,1.110223024625E-16,0.));
#2405 = PCURVE('',#122,#2406);
#2406 = DEFINITIONAL_REPRESENTATION('',(#2407),#2411);
#2407 = CIRCLE('',#2408,2.);
#2408 = AXIS2_PLACEMENT_2D('',#2409,#2410);
#2409 = CARTESIAN_POINT('',(9.,118.));
#2410 = DIRECTION('',(-1.,1.110223024625E-16));
#2411 = ( GEOMETRIC_REPRESENTATION_CONTEXT(2) 
PARAMETRIC_REPRESENTATION_CONTEXT() REPRESENTATION_CONTEXT('2D SPACE',''
  ) );
#2412 = PCURVE('',#1304,#2413);
#2413 = DEFINITIONAL_REPRESENTATION('',(#2414),#2418);
#2414 = LINE('',#2415,#2416);
#2415 = CARTESIAN_POINT('',(-6.28318530718,-200.0000003));
#2416 = VECTOR('',#2417,1.);
#2417 = DIRECTION('',(1.,-0.));
#2418 = ( GEOMETRIC_REPRESENTATION_CONTEXT(2) 
PARAMETRIC_REPRESENTATION_CONTEXT() REPRESENTATION_CONTEXT('2D SPACE',''
  ) );
#2419 = ORIENTED_EDGE('',*,*,#2420,.T.);
#2420 = EDGE_CURVE('',#2397,#2352,#2421,.T.);
#2421 = SURFACE_CURVE('',#2422,(#2426,#2432),.PCURVE_S1.);
#2422 = LINE('',#2423,#2424);
#2423 = CARTESIAN_POINT('',(-79.,-21.,0.));
#2424 = VECTOR('',#2425,1.);
#2425 = DIRECTION('',(-1.110223024625E-16,-1.,0.));
#2426 = PCURVE('',#122,#2427);
#2427 = DEFINITIONAL_REPRESENTATION('',(#2428),#2431);
#2428 = B_SPLINE_CURVE_WITH_KNOTS('',1,(#2429,#2430),.UNSPECIFIED.,.F.,
  .F.,(2,2),(-59.,-29.),.PIECEWISE_BEZIER_KNOTS.);
#2429 = CARTESIAN_POINT('',(11.,118.));
#2430 = CARTESIAN_POINT('',(11.,88.));
#2431 = ( GEOMETRIC_REPRESENTATION_CONTEXT(2) 
PARAMETRIC_REPRESENTATION_CONTEXT() REPRESENTATION_CONTEXT('2D SPACE',''
  ) );
#2432 = PCURVE('',#1329,#2433);
#2433 = DEFINITIONAL_REPRESENTATION('',(#2434),#2437);
#2434 = B_SPLINE_CURVE_WITH_KNOTS('',1,(#2435,#2436),.UNSPECIFIED.,.F.,
  .F.,(2,2),(-59.,-29.),.PIECEWISE_BEZIER_KNOTS.);
#2435 = CARTESIAN_POINT('',(0.,-200.0000003));
#2436 = CARTESIAN_POINT('',(30.,-200.0000003));
#2437 = ( GEOMETRIC_REPRESENTATION_CONTEXT(2) 
PARAMETRIC_REPRESENTATION_CONTEXT() REPRESENTATION_CONTEXT('2D SPACE',''
  ) );
#2438 = FACE_BOUND('',#2439,.F.);
#2439 = EDGE_LOOP('',(#2440,#2466,#2487,#2511));
#2440 = ORIENTED_EDGE('',*,*,#2441,.F.);
#2441 = EDGE_CURVE('',#2442,#2444,#2446,.T.);
#2442 = VERTEX_POINT('',#2443);
#2443 = CARTESIAN_POINT('',(79.,8.,0.));
#2444 = VERTEX_POINT('',#2445);
#2445 = CARTESIAN_POINT('',(83.,8.,0.));
#2446 = SURFACE_CURVE('',#2447,(#2452,#2459),.PCURVE_S1.);
#2447 = CIRCLE('',#2448,2.);
#2448 = AXIS2_PLACEMENT_3D('',#2449,#2450,#2451);
#2449 = CARTESIAN_POINT('',(81.,8.,0.));
#2450 = DIRECTION('',(0.,-0.,1.));
#2451 = DIRECTION('',(1.,-1.110223024625E-16,-0.));
#2452 = PCURVE('',#122,#2453);
#2453 = DEFINITIONAL_REPRESENTATION('',(#2454),#2458);
#2454 = CIRCLE('',#2455,2.);
#2455 = AXIS2_PLACEMENT_2D('',#2456,#2457);
#2456 = CARTESIAN_POINT('',(171.,88.));
#2457 = DIRECTION('',(1.,-1.110223024625E-16));
#2458 = ( GEOMETRIC_REPRESENTATION_CONTEXT(2) 
PARAMETRIC_REPRESENTATION_CONTEXT() REPRESENTATION_CONTEXT('2D SPACE',''
  ) );
#2459 = PCURVE('',#1361,#2460);
#2460 = DEFINITIONAL_REPRESENTATION('',(#2461),#2465);
#2461 = LINE('',#2462,#2463);
#2462 = CARTESIAN_POINT('',(-6.28318530718,-200.0000003));
#2463 = VECTOR('',#2464,1.);
#2464 = DIRECTION('',(1.,-0.));
#2465 = ( GEOMETRIC_REPRESENTATION_CONTEXT(2) 
PARAMETRIC_REPRESENTATION_CONTEXT() REPRESENTATION_CONTEXT('2D SPACE',''
  ) );
#2466 = ORIENTED_EDGE('',*,*,#2467,.T.);
#2467 = EDGE_CURVE('',#2442,#2468,#2470,.T.);
#2468 = VERTEX_POINT('',#2469);
#2469 = CARTESIAN_POINT('',(79.,38.,0.));
#2470 = SURFACE_CURVE('',#2471,(#2475,#2481),.PCURVE_S1.);
#2471 = LINE('',#2472,#2473);
#2472 = CARTESIAN_POINT('',(79.,-36.,0.));
#2473 = VECTOR('',#2474,1.);
#2474 = DIRECTION('',(1.110223024625E-16,1.,-0.));
#2475 = PCURVE('',#122,#2476);
#2476 = DEFINITIONAL_REPRESENTATION('',(#2477),#2480);
#2477 = B_SPLINE_CURVE_WITH_KNOTS('',1,(#2478,#2479),.UNSPECIFIED.,.F.,
  .F.,(2,2),(44.,74.),.PIECEWISE_BEZIER_KNOTS.);
#2478 = CARTESIAN_POINT('',(169.,88.));
#2479 = CARTESIAN_POINT('',(169.,118.));
#2480 = ( GEOMETRIC_REPRESENTATION_CONTEXT(2) 
PARAMETRIC_REPRESENTATION_CONTEXT() REPRESENTATION_CONTEXT('2D SPACE',''
  ) );
#2481 = PCURVE('',#1388,#2482);
#2482 = DEFINITIONAL_REPRESENTATION('',(#2483),#2486);
#2483 = B_SPLINE_CURVE_WITH_KNOTS('',1,(#2484,#2485),.UNSPECIFIED.,.F.,
  .F.,(2,2),(44.,74.),.PIECEWISE_BEZIER_KNOTS.);
#2484 = CARTESIAN_POINT('',(0.,-200.0000003));
#2485 = CARTESIAN_POINT('',(30.,-200.0000003));
#2486 = ( GEOMETRIC_REPRESENTATION_CONTEXT(2) 
PARAMETRIC_REPRESENTATION_CONTEXT() REPRESENTATION_CONTEXT('2D SPACE',''
  ) );
#2487 = ORIENTED_EDGE('',*,*,#2488,.F.);
#2488 = EDGE_CURVE('',#2489,#2468,#2491,.T.);
#2489 = VERTEX_POINT('',#2490);
#2490 = CARTESIAN_POINT('',(83.,38.,0.));
#2491 = SURFACE_CURVE('',#2492,(#2497,#2504),.PCURVE_S1.);
#2492 = CIRCLE('',#2493,2.);
#2493 = AXIS2_PLACEMENT_3D('',#2494,#2495,#2496);
#2494 = CARTESIAN_POINT('',(81.,38.,0.));
#2495 = DIRECTION('',(0.,0.,1.));
#2496 = DIRECTION('',(-1.,1.110223024625E-16,0.));
#2497 = PCURVE('',#122,#2498);
#2498 = DEFINITIONAL_REPRESENTATION('',(#2499),#2503);
#2499 = CIRCLE('',#2500,2.);
#2500 = AXIS2_PLACEMENT_2D('',#2501,#2502);
#2501 = CARTESIAN_POINT('',(171.,118.));
#2502 = DIRECTION('',(-1.,1.110223024625E-16));
#2503 = ( GEOMETRIC_REPRESENTATION_CONTEXT(2) 
PARAMETRIC_REPRESENTATION_CONTEXT() REPRESENTATION_CONTEXT('2D SPACE',''
  ) );
#2504 = PCURVE('',#1416,#2505);
#2505 = DEFINITIONAL_REPRESENTATION('',(#2506),#2510);
#2506 = LINE('',#2507,#2508);
#2507 = CARTESIAN_POINT('',(-6.28318530718,-200.0000003));
#2508 = VECTOR('',#2509,1.);
#2509 = DIRECTION('',(1.,-0.));
#2510 = ( GEOMETRIC_REPRESENTATION_CONTEXT(2) 
PARAMETRIC_REPRESENTATION_CONTEXT() REPRESENTATION_CONTEXT('2D SPACE',''
  ) );
#2511 = ORIENTED_EDGE('',*,*,#2512,.T.);
#2512 = EDGE_CURVE('',#2489,#2444,#2513,.T.);
#2513 = SURFACE_CURVE('',#2514,(#2518,#2524),.PCURVE_S1.);
#2514 = LINE('',#2515,#2516);
#2515 = CARTESIAN_POINT('',(83.,-21.,0.));
#2516 = VECTOR('',#2517,1.);
#2517 = DIRECTION('',(-1.110223024625E-16,-1.,0.));
#2518 = PCURVE('',#122,#2519);
#2519 = DEFINITIONAL_REPRESENTATION('',(#2520),#2523);
#2520 = B_SPLINE_CURVE_WITH_KNOTS('',1,(#2521,#2522),.UNSPECIFIED.,.F.,
  .F.,(2,2),(-59.,-29.),.PIECEWISE_BEZIER_KNOTS.);
#2521 = CARTESIAN_POINT('',(173.,118.));
#2522 = CARTESIAN_POINT('',(173.,88.));
#2523 = ( GEOMETRIC_REPRESENTATION_CONTEXT(2) 
PARAMETRIC_REPRESENTATION_CONTEXT() REPRESENTATION_CONTEXT('2D SPACE',''
  ) );
#2524 = PCURVE('',#1441,#2525);
#2525 = DEFINITIONAL_REPRESENTATION('',(#2526),#2529);
#2526 = B_SPLINE_CURVE_WITH_KNOTS('',1,(#2527,#2528),.UNSPECIFIED.,.F.,
  .F.,(2,2),(-59.,-29.),.PIECEWISE_BEZIER_KNOTS.);
#2527 = CARTESIAN_POINT('',(0.,-200.0000003));
#2528 = CARTESIAN_POINT('',(30.,-200.0000003));
#2529 = ( GEOMETRIC_REPRESENTATION_CONTEXT(2) 
PARAMETRIC_REPRESENTATION_CONTEXT() REPRESENTATION_CONTEXT('2D SPACE',''
  ) );
#2530 = ADVANCED_FACE('',(#2531),#966,.F.);
#2531 = FACE_BOUND('',#2532,.F.);
#2532 = EDGE_LOOP('',(#2533,#2556,#2557,#2580));
#2533 = ORIENTED_EDGE('',*,*,#2534,.F.);
#2534 = EDGE_CURVE('',#923,#2535,#2537,.T.);
#2535 = VERTEX_POINT('',#2536);
#2536 = CARTESIAN_POINT('',(-84.,77.,20.));
#2537 = SURFACE_CURVE('',#2538,(#2542,#2549),.PCURVE_S1.);
#2538 = LINE('',#2539,#2540);
#2539 = CARTESIAN_POINT('',(-84.,77.,4.));
#2540 = VECTOR('',#2541,1.);
#2541 = DIRECTION('',(0.,0.,1.));
#2542 = PCURVE('',#966,#2543);
#2543 = DEFINITIONAL_REPRESENTATION('',(#2544),#2548);
#2544 = LINE('',#2545,#2546);
#2545 = CARTESIAN_POINT('',(0.,0.));
#2546 = VECTOR('',#2547,1.);
#2547 = DIRECTION('',(1.,0.));
#2548 = ( GEOMETRIC_REPRESENTATION_CONTEXT(2) 
PARAMETRIC_REPRESENTATION_CONTEXT() REPRESENTATION_CONTEXT('2D SPACE',''
  ) );
#2549 = PCURVE('',#938,#2550);
#2550 = DEFINITIONAL_REPRESENTATION('',(#2551),#2555);
#2551 = LINE('',#2552,#2553);
#2552 = CARTESIAN_POINT('',(0.,0.));
#2553 = VECTOR('',#2554,1.);
#2554 = DIRECTION('',(1.,0.));
#2555 = ( GEOMETRIC_REPRESENTATION_CONTEXT(2) 
PARAMETRIC_REPRESENTATION_CONTEXT() REPRESENTATION_CONTEXT('2D SPACE',''
  ) );
#2556 = ORIENTED_EDGE('',*,*,#950,.T.);
#2557 = ORIENTED_EDGE('',*,*,#2558,.T.);
#2558 = EDGE_CURVE('',#951,#2559,#2561,.T.);
#2559 = VERTEX_POINT('',#2560);
#2560 = CARTESIAN_POINT('',(-84.,80.,20.));
#2561 = SURFACE_CURVE('',#2562,(#2566,#2573),.PCURVE_S1.);
#2562 = LINE('',#2563,#2564);
#2563 = CARTESIAN_POINT('',(-84.,80.,4.));
#2564 = VECTOR('',#2565,1.);
#2565 = DIRECTION('',(0.,0.,1.));
#2566 = PCURVE('',#966,#2567);
#2567 = DEFINITIONAL_REPRESENTATION('',(#2568),#2572);
#2568 = LINE('',#2569,#2570);
#2569 = CARTESIAN_POINT('',(0.,-3.));
#2570 = VECTOR('',#2571,1.);
#2571 = DIRECTION('',(1.,0.));
#2572 = ( GEOMETRIC_REPRESENTATION_CONTEXT(2) 
PARAMETRIC_REPRESENTATION_CONTEXT() REPRESENTATION_CONTEXT('2D SPACE',''
  ) );
#2573 = PCURVE('',#1552,#2574);
#2574 = DEFINITIONAL_REPRESENTATION('',(#2575),#2579);
#2575 = LINE('',#2576,#2577);
#2576 = CARTESIAN_POINT('',(4.,6.));
#2577 = VECTOR('',#2578,1.);
#2578 = DIRECTION('',(1.,0.));
#2579 = ( GEOMETRIC_REPRESENTATION_CONTEXT(2) 
PARAMETRIC_REPRESENTATION_CONTEXT() REPRESENTATION_CONTEXT('2D SPACE',''
  ) );
#2580 = ORIENTED_EDGE('',*,*,#2581,.F.);
#2581 = EDGE_CURVE('',#2535,#2559,#2582,.T.);
#2582 = SURFACE_CURVE('',#2583,(#2587,#2594),.PCURVE_S1.);
#2583 = LINE('',#2584,#2585);
#2584 = CARTESIAN_POINT('',(-84.,77.,20.));
#2585 = VECTOR('',#2586,1.);
#2586 = DIRECTION('',(0.,1.,0.));
#2587 = PCURVE('',#966,#2588);
#2588 = DEFINITIONAL_REPRESENTATION('',(#2589),#2593);
#2589 = LINE('',#2590,#2591);
#2590 = CARTESIAN_POINT('',(16.,0.));
#2591 = VECTOR('',#2592,1.);
#2592 = DIRECTION('',(0.,-1.));
#2593 = ( GEOMETRIC_REPRESENTATION_CONTEXT(2) 
PARAMETRIC_REPRESENTATION_CONTEXT() REPRESENTATION_CONTEXT('2D SPACE',''
  ) );
#2594 = PCURVE('',#2595,#2600);
#2595 = PLANE('',#2596);
#2596 = AXIS2_PLACEMENT_3D('',#2597,#2598,#2599);
#2597 = CARTESIAN_POINT('',(-84.,77.,20.));
#2598 = DIRECTION('',(0.,0.,1.));
#2599 = DIRECTION('',(1.,0.,0.));
#2600 = DEFINITIONAL_REPRESENTATION('',(#2601),#2605);
#2601 = LINE('',#2602,#2603);
#2602 = CARTESIAN_POINT('',(0.,0.));
#2603 = VECTOR('',#2604,1.);
#2604 = DIRECTION('',(0.,1.));
#2605 = ( GEOMETRIC_REPRESENTATION_CONTEXT(2) 
PARAMETRIC_REPRESENTATION_CONTEXT() REPRESENTATION_CONTEXT('2D SPACE',''
  ) );
#2606 = ADVANCED_FACE('',(#2607),#938,.F.);
#2607 = FACE_BOUND('',#2608,.F.);
#2608 = EDGE_LOOP('',(#2609,#2610,#2611,#2634));
#2609 = ORIENTED_EDGE('',*,*,#922,.F.);
#2610 = ORIENTED_EDGE('',*,*,#2534,.T.);
#2611 = ORIENTED_EDGE('',*,*,#2612,.T.);
#2612 = EDGE_CURVE('',#2535,#2613,#2615,.T.);
#2613 = VERTEX_POINT('',#2614);
#2614 = CARTESIAN_POINT('',(-83.,77.,20.));
#2615 = SURFACE_CURVE('',#2616,(#2620,#2627),.PCURVE_S1.);
#2616 = LINE('',#2617,#2618);
#2617 = CARTESIAN_POINT('',(-84.,77.,20.));
#2618 = VECTOR('',#2619,1.);
#2619 = DIRECTION('',(1.,0.,0.));
#2620 = PCURVE('',#938,#2621);
#2621 = DEFINITIONAL_REPRESENTATION('',(#2622),#2626);
#2622 = LINE('',#2623,#2624);
#2623 = CARTESIAN_POINT('',(16.,0.));
#2624 = VECTOR('',#2625,1.);
#2625 = DIRECTION('',(0.,1.));
#2626 = ( GEOMETRIC_REPRESENTATION_CONTEXT(2) 
PARAMETRIC_REPRESENTATION_CONTEXT() REPRESENTATION_CONTEXT('2D SPACE',''
  ) );
#2627 = PCURVE('',#2595,#2628);
#2628 = DEFINITIONAL_REPRESENTATION('',(#2629),#2633);
#2629 = LINE('',#2630,#2631);
#2630 = CARTESIAN_POINT('',(0.,0.));
#2631 = VECTOR('',#2632,1.);
#2632 = DIRECTION('',(1.,0.));
#2633 = ( GEOMETRIC_REPRESENTATION_CONTEXT(2) 
PARAMETRIC_REPRESENTATION_CONTEXT() REPRESENTATION_CONTEXT('2D SPACE',''
  ) );
#2634 = ORIENTED_EDGE('',*,*,#2635,.T.);
#2635 = EDGE_CURVE('',#2613,#897,#2636,.T.);
#2636 = SURFACE_CURVE('',#2637,(#2641,#2647),.PCURVE_S1.);
#2637 = LINE('',#2638,#2639);
#2638 = CARTESIAN_POINT('',(-83.,77.,102.00000015));
#2639 = VECTOR('',#2640,1.);
#2640 = DIRECTION('',(0.,0.,-1.));
#2641 = PCURVE('',#938,#2642);
#2642 = DEFINITIONAL_REPRESENTATION('',(#2643),#2646);
#2643 = B_SPLINE_CURVE_WITH_KNOTS('',1,(#2644,#2645),.UNSPECIFIED.,.F.,
  .F.,(2,2),(82.00000015,98.00000015),.PIECEWISE_BEZIER_KNOTS.);
#2644 = CARTESIAN_POINT('',(16.,1.));
#2645 = CARTESIAN_POINT('',(0.,1.));
#2646 = ( GEOMETRIC_REPRESENTATION_CONTEXT(2) 
PARAMETRIC_REPRESENTATION_CONTEXT() REPRESENTATION_CONTEXT('2D SPACE',''
  ) );
#2647 = PCURVE('',#911,#2648);
#2648 = DEFINITIONAL_REPRESENTATION('',(#2649),#2652);
#2649 = B_SPLINE_CURVE_WITH_KNOTS('',1,(#2650,#2651),.UNSPECIFIED.,.F.,
  .F.,(2,2),(82.00000015,98.00000015),.PIECEWISE_BEZIER_KNOTS.);
#2650 = CARTESIAN_POINT('',(23.,-180.0000003));
#2651 = CARTESIAN_POINT('',(23.,-196.0000003));
#2652 = ( GEOMETRIC_REPRESENTATION_CONTEXT(2) 
PARAMETRIC_REPRESENTATION_CONTEXT() REPRESENTATION_CONTEXT('2D SPACE',''
  ) );
#2653 = ADVANCED_FACE('',(#2654),#911,.T.);
#2654 = FACE_BOUND('',#2655,.T.);
#2655 = EDGE_LOOP('',(#2656,#2657,#2678,#2679,#2700,#2719));
#2656 = ORIENTED_EDGE('',*,*,#896,.F.);
#2657 = ORIENTED_EDGE('',*,*,#2658,.T.);
#2658 = EDGE_CURVE('',#868,#2097,#2659,.T.);
#2659 = SURFACE_CURVE('',#2660,(#2664,#2671),.PCURVE_S1.);
#2660 = LINE('',#2661,#2662);
#2661 = CARTESIAN_POINT('',(-83.,54.,200.0000003));
#2662 = VECTOR('',#2663,1.);
#2663 = DIRECTION('',(0.,0.,-1.));
#2664 = PCURVE('',#911,#2665);
#2665 = DEFINITIONAL_REPRESENTATION('',(#2666),#2670);
#2666 = LINE('',#2667,#2668);
#2667 = CARTESIAN_POINT('',(0.,0.));
#2668 = VECTOR('',#2669,1.);
#2669 = DIRECTION('',(0.,-1.));
#2670 = ( GEOMETRIC_REPRESENTATION_CONTEXT(2) 
PARAMETRIC_REPRESENTATION_CONTEXT() REPRESENTATION_CONTEXT('2D SPACE',''
  ) );
#2671 = PCURVE('',#884,#2672);
#2672 = DEFINITIONAL_REPRESENTATION('',(#2673),#2677);
#2673 = LINE('',#2674,#2675);
#2674 = CARTESIAN_POINT('',(-3.14159265359,0.));
#2675 = VECTOR('',#2676,1.);
#2676 = DIRECTION('',(-0.,-1.));
#2677 = ( GEOMETRIC_REPRESENTATION_CONTEXT(2) 
PARAMETRIC_REPRESENTATION_CONTEXT() REPRESENTATION_CONTEXT('2D SPACE',''
  ) );
#2678 = ORIENTED_EDGE('',*,*,#2120,.T.);
#2679 = ORIENTED_EDGE('',*,*,#2680,.F.);
#2680 = EDGE_CURVE('',#2681,#2121,#2683,.T.);
#2681 = VERTEX_POINT('',#2682);
#2682 = CARTESIAN_POINT('',(-83.,80.,20.));
#2683 = SURFACE_CURVE('',#2684,(#2688,#2694),.PCURVE_S1.);
#2684 = LINE('',#2685,#2686);
#2685 = CARTESIAN_POINT('',(-83.,80.,100.00000015));
#2686 = VECTOR('',#2687,1.);
#2687 = DIRECTION('',(0.,0.,-1.));
#2688 = PCURVE('',#911,#2689);
#2689 = DEFINITIONAL_REPRESENTATION('',(#2690),#2693);
#2690 = B_SPLINE_CURVE_WITH_KNOTS('',1,(#2691,#2692),.UNSPECIFIED.,.F.,
  .F.,(2,2),(80.00000015,100.00000015),.PIECEWISE_BEZIER_KNOTS.);
#2691 = CARTESIAN_POINT('',(26.,-180.0000003));
#2692 = CARTESIAN_POINT('',(26.,-200.0000003));
#2693 = ( GEOMETRIC_REPRESENTATION_CONTEXT(2) 
PARAMETRIC_REPRESENTATION_CONTEXT() REPRESENTATION_CONTEXT('2D SPACE',''
  ) );
#2694 = PCURVE('',#1552,#2695);
#2695 = DEFINITIONAL_REPRESENTATION('',(#2696),#2699);
#2696 = B_SPLINE_CURVE_WITH_KNOTS('',1,(#2697,#2698),.UNSPECIFIED.,.F.,
  .F.,(2,2),(80.00000015,100.00000015),.PIECEWISE_BEZIER_KNOTS.);
#2697 = CARTESIAN_POINT('',(20.,7.));
#2698 = CARTESIAN_POINT('',(0.,7.));
#2699 = ( GEOMETRIC_REPRESENTATION_CONTEXT(2) 
PARAMETRIC_REPRESENTATION_CONTEXT() REPRESENTATION_CONTEXT('2D SPACE',''
  ) );
#2700 = ORIENTED_EDGE('',*,*,#2701,.F.);
#2701 = EDGE_CURVE('',#2613,#2681,#2702,.T.);
#2702 = SURFACE_CURVE('',#2703,(#2707,#2713),.PCURVE_S1.);
#2703 = LINE('',#2704,#2705);
#2704 = CARTESIAN_POINT('',(-83.,65.5,20.));
#2705 = VECTOR('',#2706,1.);
#2706 = DIRECTION('',(1.110223024625E-16,1.,-0.));
#2707 = PCURVE('',#911,#2708);
#2708 = DEFINITIONAL_REPRESENTATION('',(#2709),#2712);
#2709 = B_SPLINE_CURVE_WITH_KNOTS('',1,(#2710,#2711),.UNSPECIFIED.,.F.,
  .F.,(2,2),(11.5,14.5),.PIECEWISE_BEZIER_KNOTS.);
#2710 = CARTESIAN_POINT('',(23.,-180.0000003));
#2711 = CARTESIAN_POINT('',(26.,-180.0000003));
#2712 = ( GEOMETRIC_REPRESENTATION_CONTEXT(2) 
PARAMETRIC_REPRESENTATION_CONTEXT() REPRESENTATION_CONTEXT('2D SPACE',''
  ) );
#2713 = PCURVE('',#2595,#2714);
#2714 = DEFINITIONAL_REPRESENTATION('',(#2715),#2718);
#2715 = B_SPLINE_CURVE_WITH_KNOTS('',1,(#2716,#2717),.UNSPECIFIED.,.F.,
  .F.,(2,2),(11.5,14.5),.PIECEWISE_BEZIER_KNOTS.);
#2716 = CARTESIAN_POINT('',(1.,0.));
#2717 = CARTESIAN_POINT('',(1.,3.));
#2718 = ( GEOMETRIC_REPRESENTATION_CONTEXT(2) 
PARAMETRIC_REPRESENTATION_CONTEXT() REPRESENTATION_CONTEXT('2D SPACE',''
  ) );
#2719 = ORIENTED_EDGE('',*,*,#2635,.T.);
#2720 = ADVANCED_FACE('',(#2721),#884,.F.);
#2721 = FACE_BOUND('',#2722,.T.);
#2722 = EDGE_LOOP('',(#2723,#2724,#2745,#2746));
#2723 = ORIENTED_EDGE('',*,*,#867,.T.);
#2724 = ORIENTED_EDGE('',*,*,#2725,.T.);
#2725 = EDGE_CURVE('',#842,#2076,#2726,.T.);
#2726 = SURFACE_CURVE('',#2727,(#2731,#2738),.PCURVE_S1.);
#2727 = LINE('',#2728,#2729);
#2728 = CARTESIAN_POINT('',(-79.,54.,200.0000003));
#2729 = VECTOR('',#2730,1.);
#2730 = DIRECTION('',(0.,0.,-1.));
#2731 = PCURVE('',#884,#2732);
#2732 = DEFINITIONAL_REPRESENTATION('',(#2733),#2737);
#2733 = LINE('',#2734,#2735);
#2734 = CARTESIAN_POINT('',(-0.,0.));
#2735 = VECTOR('',#2736,1.);
#2736 = DIRECTION('',(-0.,-1.));
#2737 = ( GEOMETRIC_REPRESENTATION_CONTEXT(2) 
PARAMETRIC_REPRESENTATION_CONTEXT() REPRESENTATION_CONTEXT('2D SPACE',''
  ) );
#2738 = PCURVE('',#856,#2739);
#2739 = DEFINITIONAL_REPRESENTATION('',(#2740),#2744);
#2740 = LINE('',#2741,#2742);
#2741 = CARTESIAN_POINT('',(30.,0.));
#2742 = VECTOR('',#2743,1.);
#2743 = DIRECTION('',(0.,-1.));
#2744 = ( GEOMETRIC_REPRESENTATION_CONTEXT(2) 
PARAMETRIC_REPRESENTATION_CONTEXT() REPRESENTATION_CONTEXT('2D SPACE',''
  ) );
#2745 = ORIENTED_EDGE('',*,*,#2096,.F.);
#2746 = ORIENTED_EDGE('',*,*,#2658,.F.);
#2747 = ADVANCED_FACE('',(#2748),#856,.T.);
#2748 = FACE_BOUND('',#2749,.T.);
#2749 = EDGE_LOOP('',(#2750,#2751,#2752,#2773,#2799,#2818));
#2750 = ORIENTED_EDGE('',*,*,#2725,.F.);
#2751 = ORIENTED_EDGE('',*,*,#841,.F.);
#2752 = ORIENTED_EDGE('',*,*,#2753,.T.);
#2753 = EDGE_CURVE('',#819,#2754,#2756,.T.);
#2754 = VERTEX_POINT('',#2755);
#2755 = CARTESIAN_POINT('',(-79.,77.,20.));
#2756 = SURFACE_CURVE('',#2757,(#2761,#2767),.PCURVE_S1.);
#2757 = LINE('',#2758,#2759);
#2758 = CARTESIAN_POINT('',(-79.,77.,102.00000015));
#2759 = VECTOR('',#2760,1.);
#2760 = DIRECTION('',(0.,-0.,1.));
#2761 = PCURVE('',#856,#2762);
#2762 = DEFINITIONAL_REPRESENTATION('',(#2763),#2766);
#2763 = B_SPLINE_CURVE_WITH_KNOTS('',1,(#2764,#2765),.UNSPECIFIED.,.F.,
  .F.,(2,2),(-98.00000015,-82.00000015),.PIECEWISE_BEZIER_KNOTS.);
#2764 = CARTESIAN_POINT('',(7.,-196.0000003));
#2765 = CARTESIAN_POINT('',(7.,-180.0000003));
#2766 = ( GEOMETRIC_REPRESENTATION_CONTEXT(2) 
PARAMETRIC_REPRESENTATION_CONTEXT() REPRESENTATION_CONTEXT('2D SPACE',''
  ) );
#2767 = PCURVE('',#733,#2768);
#2768 = DEFINITIONAL_REPRESENTATION('',(#2769),#2772);
#2769 = B_SPLINE_CURVE_WITH_KNOTS('',1,(#2770,#2771),.UNSPECIFIED.,.F.,
  .F.,(2,2),(-98.00000015,-82.00000015),.PIECEWISE_BEZIER_KNOTS.);
#2770 = CARTESIAN_POINT('',(0.,5.));
#2771 = CARTESIAN_POINT('',(16.,5.));
#2772 = ( GEOMETRIC_REPRESENTATION_CONTEXT(2) 
PARAMETRIC_REPRESENTATION_CONTEXT() REPRESENTATION_CONTEXT('2D SPACE',''
  ) );
#2773 = ORIENTED_EDGE('',*,*,#2774,.F.);
#2774 = EDGE_CURVE('',#2775,#2754,#2777,.T.);
#2775 = VERTEX_POINT('',#2776);
#2776 = CARTESIAN_POINT('',(-79.,80.,20.));
#2777 = SURFACE_CURVE('',#2778,(#2782,#2788),.PCURVE_S1.);
#2778 = LINE('',#2779,#2780);
#2779 = CARTESIAN_POINT('',(-79.,80.5,20.));
#2780 = VECTOR('',#2781,1.);
#2781 = DIRECTION('',(-1.110223024625E-16,-1.,0.));
#2782 = PCURVE('',#856,#2783);
#2783 = DEFINITIONAL_REPRESENTATION('',(#2784),#2787);
#2784 = B_SPLINE_CURVE_WITH_KNOTS('',1,(#2785,#2786),.UNSPECIFIED.,.F.,
  .F.,(2,2),(0.5,3.5),.PIECEWISE_BEZIER_KNOTS.);
#2785 = CARTESIAN_POINT('',(4.,-180.0000003));
#2786 = CARTESIAN_POINT('',(7.,-180.0000003));
#2787 = ( GEOMETRIC_REPRESENTATION_CONTEXT(2) 
PARAMETRIC_REPRESENTATION_CONTEXT() REPRESENTATION_CONTEXT('2D SPACE',''
  ) );
#2788 = PCURVE('',#2789,#2794);
#2789 = PLANE('',#2790);
#2790 = AXIS2_PLACEMENT_3D('',#2791,#2792,#2793);
#2791 = CARTESIAN_POINT('',(-84.,77.,20.));
#2792 = DIRECTION('',(0.,0.,1.));
#2793 = DIRECTION('',(1.,0.,0.));
#2794 = DEFINITIONAL_REPRESENTATION('',(#2795),#2798);
#2795 = B_SPLINE_CURVE_WITH_KNOTS('',1,(#2796,#2797),.UNSPECIFIED.,.F.,
  .F.,(2,2),(0.5,3.5),.PIECEWISE_BEZIER_KNOTS.);
#2796 = CARTESIAN_POINT('',(5.,3.));
#2797 = CARTESIAN_POINT('',(5.,0.));
#2798 = ( GEOMETRIC_REPRESENTATION_CONTEXT(2) 
PARAMETRIC_REPRESENTATION_CONTEXT() REPRESENTATION_CONTEXT('2D SPACE',''
  ) );
#2799 = ORIENTED_EDGE('',*,*,#2800,.F.);
#2800 = EDGE_CURVE('',#2053,#2775,#2801,.T.);
#2801 = SURFACE_CURVE('',#2802,(#2806,#2812),.PCURVE_S1.);
#2802 = LINE('',#2803,#2804);
#2803 = CARTESIAN_POINT('',(-79.,80.,100.00000015));
#2804 = VECTOR('',#2805,1.);
#2805 = DIRECTION('',(0.,-0.,1.));
#2806 = PCURVE('',#856,#2807);
#2807 = DEFINITIONAL_REPRESENTATION('',(#2808),#2811);
#2808 = B_SPLINE_CURVE_WITH_KNOTS('',1,(#2809,#2810),.UNSPECIFIED.,.F.,
  .F.,(2,2),(-100.00000015,-80.00000015),.PIECEWISE_BEZIER_KNOTS.);
#2809 = CARTESIAN_POINT('',(4.,-200.0000003));
#2810 = CARTESIAN_POINT('',(4.,-180.0000003));
#2811 = ( GEOMETRIC_REPRESENTATION_CONTEXT(2) 
PARAMETRIC_REPRESENTATION_CONTEXT() REPRESENTATION_CONTEXT('2D SPACE',''
  ) );
#2812 = PCURVE('',#1967,#2813);
#2813 = DEFINITIONAL_REPRESENTATION('',(#2814),#2817);
#2814 = B_SPLINE_CURVE_WITH_KNOTS('',1,(#2815,#2816),.UNSPECIFIED.,.F.,
  .F.,(2,2),(-100.00000015,-80.00000015),.PIECEWISE_BEZIER_KNOTS.);
#2815 = CARTESIAN_POINT('',(0.,11.));
#2816 = CARTESIAN_POINT('',(20.,11.));
#2817 = ( GEOMETRIC_REPRESENTATION_CONTEXT(2) 
PARAMETRIC_REPRESENTATION_CONTEXT() REPRESENTATION_CONTEXT('2D SPACE',''
  ) );
#2818 = ORIENTED_EDGE('',*,*,#2075,.T.);
#2819 = ADVANCED_FACE('',(#2820),#733,.F.);
#2820 = FACE_BOUND('',#2821,.F.);
#2821 = EDGE_LOOP('',(#2822,#2823,#2824,#2847,#2866,#2867));
#2822 = ORIENTED_EDGE('',*,*,#818,.F.);
#2823 = ORIENTED_EDGE('',*,*,#2753,.T.);
#2824 = ORIENTED_EDGE('',*,*,#2825,.T.);
#2825 = EDGE_CURVE('',#2754,#2826,#2828,.T.);
#2826 = VERTEX_POINT('',#2827);
#2827 = CARTESIAN_POINT('',(79.,77.,20.));
#2828 = SURFACE_CURVE('',#2829,(#2833,#2840),.PCURVE_S1.);
#2829 = LINE('',#2830,#2831);
#2830 = CARTESIAN_POINT('',(-84.,77.,20.));
#2831 = VECTOR('',#2832,1.);
#2832 = DIRECTION('',(1.,0.,0.));
#2833 = PCURVE('',#733,#2834);
#2834 = DEFINITIONAL_REPRESENTATION('',(#2835),#2839);
#2835 = LINE('',#2836,#2837);
#2836 = CARTESIAN_POINT('',(16.,0.));
#2837 = VECTOR('',#2838,1.);
#2838 = DIRECTION('',(0.,1.));
#2839 = ( GEOMETRIC_REPRESENTATION_CONTEXT(2) 
PARAMETRIC_REPRESENTATION_CONTEXT() REPRESENTATION_CONTEXT('2D SPACE',''
  ) );
#2840 = PCURVE('',#2789,#2841);
#2841 = DEFINITIONAL_REPRESENTATION('',(#2842),#2846);
#2842 = LINE('',#2843,#2844);
#2843 = CARTESIAN_POINT('',(0.,0.));
#2844 = VECTOR('',#2845,1.);
#2845 = DIRECTION('',(1.,0.));
#2846 = ( GEOMETRIC_REPRESENTATION_CONTEXT(2) 
PARAMETRIC_REPRESENTATION_CONTEXT() REPRESENTATION_CONTEXT('2D SPACE',''
  ) );
#2847 = ORIENTED_EDGE('',*,*,#2848,.T.);
#2848 = EDGE_CURVE('',#2826,#692,#2849,.T.);
#2849 = SURFACE_CURVE('',#2850,(#2854,#2860),.PCURVE_S1.);
#2850 = LINE('',#2851,#2852);
#2851 = CARTESIAN_POINT('',(79.,77.,102.00000015));
#2852 = VECTOR('',#2853,1.);
#2853 = DIRECTION('',(0.,0.,-1.));
#2854 = PCURVE('',#733,#2855);
#2855 = DEFINITIONAL_REPRESENTATION('',(#2856),#2859);
#2856 = B_SPLINE_CURVE_WITH_KNOTS('',1,(#2857,#2858),.UNSPECIFIED.,.F.,
  .F.,(2,2),(82.00000015,98.00000015),.PIECEWISE_BEZIER_KNOTS.);
#2857 = CARTESIAN_POINT('',(16.,163.));
#2858 = CARTESIAN_POINT('',(0.,163.));
#2859 = ( GEOMETRIC_REPRESENTATION_CONTEXT(2) 
PARAMETRIC_REPRESENTATION_CONTEXT() REPRESENTATION_CONTEXT('2D SPACE',''
  ) );
#2860 = PCURVE('',#706,#2861);
#2861 = DEFINITIONAL_REPRESENTATION('',(#2862),#2865);
#2862 = B_SPLINE_CURVE_WITH_KNOTS('',1,(#2863,#2864),.UNSPECIFIED.,.F.,
  .F.,(2,2),(82.00000015,98.00000015),.PIECEWISE_BEZIER_KNOTS.);
#2863 = CARTESIAN_POINT('',(23.,-180.0000003));
#2864 = CARTESIAN_POINT('',(23.,-196.0000003));
#2865 = ( GEOMETRIC_REPRESENTATION_CONTEXT(2) 
PARAMETRIC_REPRESENTATION_CONTEXT() REPRESENTATION_CONTEXT('2D SPACE',''
  ) );
#2866 = ORIENTED_EDGE('',*,*,#717,.F.);
#2867 = ORIENTED_EDGE('',*,*,#2868,.F.);
#2868 = EDGE_CURVE('',#798,#718,#2869,.T.);
#2869 = SURFACE_CURVE('',#2870,(#2875,#2882),.PCURVE_S1.);
#2870 = CIRCLE('',#2871,15.);
#2871 = AXIS2_PLACEMENT_3D('',#2872,#2873,#2874);
#2872 = CARTESIAN_POINT('',(0.,77.,2.));
#2873 = DIRECTION('',(-0.,1.,0.));
#2874 = DIRECTION('',(1.,0.,0.));
#2875 = PCURVE('',#733,#2876);
#2876 = DEFINITIONAL_REPRESENTATION('',(#2877),#2881);
#2877 = CIRCLE('',#2878,15.);
#2878 = AXIS2_PLACEMENT_2D('',#2879,#2880);
#2879 = CARTESIAN_POINT('',(-2.,84.));
#2880 = DIRECTION('',(0.,1.));
#2881 = ( GEOMETRIC_REPRESENTATION_CONTEXT(2) 
PARAMETRIC_REPRESENTATION_CONTEXT() REPRESENTATION_CONTEXT('2D SPACE',''
  ) );
#2882 = PCURVE('',#760,#2883);
#2883 = DEFINITIONAL_REPRESENTATION('',(#2884),#2888);
#2884 = LINE('',#2885,#2886);
#2885 = CARTESIAN_POINT('',(-6.28318530718,-8.));
#2886 = VECTOR('',#2887,1.);
#2887 = DIRECTION('',(1.,-0.));
#2888 = ( GEOMETRIC_REPRESENTATION_CONTEXT(2) 
PARAMETRIC_REPRESENTATION_CONTEXT() REPRESENTATION_CONTEXT('2D SPACE',''
  ) );
#2889 = ADVANCED_FACE('',(#2890),#760,.T.);
#2890 = FACE_BOUND('',#2891,.F.);
#2891 = EDGE_LOOP('',(#2892,#2893,#2915,#2916));
#2892 = ORIENTED_EDGE('',*,*,#745,.F.);
#2893 = ORIENTED_EDGE('',*,*,#2894,.T.);
#2894 = EDGE_CURVE('',#746,#772,#2895,.T.);
#2895 = SURFACE_CURVE('',#2896,(#2901,#2908),.PCURVE_S1.);
#2896 = CIRCLE('',#2897,15.);
#2897 = AXIS2_PLACEMENT_3D('',#2898,#2899,#2900);
#2898 = CARTESIAN_POINT('',(0.,75.,2.));
#2899 = DIRECTION('',(0.,-1.,0.));
#2900 = DIRECTION('',(1.,0.,0.));
#2901 = PCURVE('',#760,#2902);
#2902 = DEFINITIONAL_REPRESENTATION('',(#2903),#2907);
#2903 = LINE('',#2904,#2905);
#2904 = CARTESIAN_POINT('',(-0.,-10.));
#2905 = VECTOR('',#2906,1.);
#2906 = DIRECTION('',(-1.,0.));
#2907 = ( GEOMETRIC_REPRESENTATION_CONTEXT(2) 
PARAMETRIC_REPRESENTATION_CONTEXT() REPRESENTATION_CONTEXT('2D SPACE',''
  ) );
#2908 = PCURVE('',#786,#2909);
#2909 = DEFINITIONAL_REPRESENTATION('',(#2910),#2914);
#2910 = CIRCLE('',#2911,15.);
#2911 = AXIS2_PLACEMENT_2D('',#2912,#2913);
#2912 = CARTESIAN_POINT('',(0.,7.29301404021E-16));
#2913 = DIRECTION('',(0.,1.));
#2914 = ( GEOMETRIC_REPRESENTATION_CONTEXT(2) 
PARAMETRIC_REPRESENTATION_CONTEXT() REPRESENTATION_CONTEXT('2D SPACE',''
  ) );
#2915 = ORIENTED_EDGE('',*,*,#797,.T.);
#2916 = ORIENTED_EDGE('',*,*,#2868,.T.);
#2917 = ADVANCED_FACE('',(#2918),#786,.T.);
#2918 = FACE_BOUND('',#2919,.T.);
#2919 = EDGE_LOOP('',(#2920,#2921));
#2920 = ORIENTED_EDGE('',*,*,#771,.T.);
#2921 = ORIENTED_EDGE('',*,*,#2894,.T.);
#2922 = ADVANCED_FACE('',(#2923),#706,.T.);
#2923 = FACE_BOUND('',#2924,.T.);
#2924 = EDGE_LOOP('',(#2925,#2926,#2947,#2948,#2969,#2988));
#2925 = ORIENTED_EDGE('',*,*,#691,.F.);
#2926 = ORIENTED_EDGE('',*,*,#2927,.T.);
#2927 = EDGE_CURVE('',#663,#1907,#2928,.T.);
#2928 = SURFACE_CURVE('',#2929,(#2933,#2940),.PCURVE_S1.);
#2929 = LINE('',#2930,#2931);
#2930 = CARTESIAN_POINT('',(79.,54.,200.0000003));
#2931 = VECTOR('',#2932,1.);
#2932 = DIRECTION('',(0.,0.,-1.));
#2933 = PCURVE('',#706,#2934);
#2934 = DEFINITIONAL_REPRESENTATION('',(#2935),#2939);
#2935 = LINE('',#2936,#2937);
#2936 = CARTESIAN_POINT('',(0.,0.));
#2937 = VECTOR('',#2938,1.);
#2938 = DIRECTION('',(0.,-1.));
#2939 = ( GEOMETRIC_REPRESENTATION_CONTEXT(2) 
PARAMETRIC_REPRESENTATION_CONTEXT() REPRESENTATION_CONTEXT('2D SPACE',''
  ) );
#2940 = PCURVE('',#679,#2941);
#2941 = DEFINITIONAL_REPRESENTATION('',(#2942),#2946);
#2942 = LINE('',#2943,#2944);
#2943 = CARTESIAN_POINT('',(-3.14159265359,0.));
#2944 = VECTOR('',#2945,1.);
#2945 = DIRECTION('',(-0.,-1.));
#2946 = ( GEOMETRIC_REPRESENTATION_CONTEXT(2) 
PARAMETRIC_REPRESENTATION_CONTEXT() REPRESENTATION_CONTEXT('2D SPACE',''
  ) );
#2947 = ORIENTED_EDGE('',*,*,#1930,.T.);
#2948 = ORIENTED_EDGE('',*,*,#2949,.F.);
#2949 = EDGE_CURVE('',#2950,#1931,#2952,.T.);
#2950 = VERTEX_POINT('',#2951);
#2951 = CARTESIAN_POINT('',(79.,80.,20.));
#2952 = SURFACE_CURVE('',#2953,(#2957,#2963),.PCURVE_S1.);
#2953 = LINE('',#2954,#2955);
#2954 = CARTESIAN_POINT('',(79.,80.,100.00000015));
#2955 = VECTOR('',#2956,1.);
#2956 = DIRECTION('',(0.,0.,-1.));
#2957 = PCURVE('',#706,#2958);
#2958 = DEFINITIONAL_REPRESENTATION('',(#2959),#2962);
#2959 = B_SPLINE_CURVE_WITH_KNOTS('',1,(#2960,#2961),.UNSPECIFIED.,.F.,
  .F.,(2,2),(80.00000015,100.00000015),.PIECEWISE_BEZIER_KNOTS.);
#2960 = CARTESIAN_POINT('',(26.,-180.0000003));
#2961 = CARTESIAN_POINT('',(26.,-200.0000003));
#2962 = ( GEOMETRIC_REPRESENTATION_CONTEXT(2) 
PARAMETRIC_REPRESENTATION_CONTEXT() REPRESENTATION_CONTEXT('2D SPACE',''
  ) );
#2963 = PCURVE('',#1967,#2964);
#2964 = DEFINITIONAL_REPRESENTATION('',(#2965),#2968);
#2965 = B_SPLINE_CURVE_WITH_KNOTS('',1,(#2966,#2967),.UNSPECIFIED.,.F.,
  .F.,(2,2),(80.00000015,100.00000015),.PIECEWISE_BEZIER_KNOTS.);
#2966 = CARTESIAN_POINT('',(20.,169.));
#2967 = CARTESIAN_POINT('',(0.,169.));
#2968 = ( GEOMETRIC_REPRESENTATION_CONTEXT(2) 
PARAMETRIC_REPRESENTATION_CONTEXT() REPRESENTATION_CONTEXT('2D SPACE',''
  ) );
#2969 = ORIENTED_EDGE('',*,*,#2970,.F.);
#2970 = EDGE_CURVE('',#2826,#2950,#2971,.T.);
#2971 = SURFACE_CURVE('',#2972,(#2976,#2982),.PCURVE_S1.);
#2972 = LINE('',#2973,#2974);
#2973 = CARTESIAN_POINT('',(79.,65.5,20.));
#2974 = VECTOR('',#2975,1.);
#2975 = DIRECTION('',(1.110223024625E-16,1.,-0.));
#2976 = PCURVE('',#706,#2977);
#2977 = DEFINITIONAL_REPRESENTATION('',(#2978),#2981);
#2978 = B_SPLINE_CURVE_WITH_KNOTS('',1,(#2979,#2980),.UNSPECIFIED.,.F.,
  .F.,(2,2),(11.5,14.5),.PIECEWISE_BEZIER_KNOTS.);
#2979 = CARTESIAN_POINT('',(23.,-180.0000003));
#2980 = CARTESIAN_POINT('',(26.,-180.0000003));
#2981 = ( GEOMETRIC_REPRESENTATION_CONTEXT(2) 
PARAMETRIC_REPRESENTATION_CONTEXT() REPRESENTATION_CONTEXT('2D SPACE',''
  ) );
#2982 = PCURVE('',#2789,#2983);
#2983 = DEFINITIONAL_REPRESENTATION('',(#2984),#2987);
#2984 = B_SPLINE_CURVE_WITH_KNOTS('',1,(#2985,#2986),.UNSPECIFIED.,.F.,
  .F.,(2,2),(11.5,14.5),.PIECEWISE_BEZIER_KNOTS.);
#2985 = CARTESIAN_POINT('',(163.,0.));
#2986 = CARTESIAN_POINT('',(163.,3.));
#2987 = ( GEOMETRIC_REPRESENTATION_CONTEXT(2) 
PARAMETRIC_REPRESENTATION_CONTEXT() REPRESENTATION_CONTEXT('2D SPACE',''
  ) );
#2988 = ORIENTED_EDGE('',*,*,#2848,.T.);
#2989 = ADVANCED_FACE('',(#2990),#679,.F.);
#2990 = FACE_BOUND('',#2991,.T.);
#2991 = EDGE_LOOP('',(#2992,#2993,#3014,#3015));
#2992 = ORIENTED_EDGE('',*,*,#662,.T.);
#2993 = ORIENTED_EDGE('',*,*,#2994,.T.);
#2994 = EDGE_CURVE('',#637,#1886,#2995,.T.);
#2995 = SURFACE_CURVE('',#2996,(#3000,#3007),.PCURVE_S1.);
#2996 = LINE('',#2997,#2998);
#2997 = CARTESIAN_POINT('',(83.,54.,200.0000003));
#2998 = VECTOR('',#2999,1.);
#2999 = DIRECTION('',(0.,0.,-1.));
#3000 = PCURVE('',#679,#3001);
#3001 = DEFINITIONAL_REPRESENTATION('',(#3002),#3006);
#3002 = LINE('',#3003,#3004);
#3003 = CARTESIAN_POINT('',(-0.,0.));
#3004 = VECTOR('',#3005,1.);
#3005 = DIRECTION('',(-0.,-1.));
#3006 = ( GEOMETRIC_REPRESENTATION_CONTEXT(2) 
PARAMETRIC_REPRESENTATION_CONTEXT() REPRESENTATION_CONTEXT('2D SPACE',''
  ) );
#3007 = PCURVE('',#651,#3008);
#3008 = DEFINITIONAL_REPRESENTATION('',(#3009),#3013);
#3009 = LINE('',#3010,#3011);
#3010 = CARTESIAN_POINT('',(30.,0.));
#3011 = VECTOR('',#3012,1.);
#3012 = DIRECTION('',(0.,-1.));
#3013 = ( GEOMETRIC_REPRESENTATION_CONTEXT(2) 
PARAMETRIC_REPRESENTATION_CONTEXT() REPRESENTATION_CONTEXT('2D SPACE',''
  ) );
#3014 = ORIENTED_EDGE('',*,*,#1906,.F.);
#3015 = ORIENTED_EDGE('',*,*,#2927,.F.);
#3016 = ADVANCED_FACE('',(#3017),#651,.T.);
#3017 = FACE_BOUND('',#3018,.T.);
#3018 = EDGE_LOOP('',(#3019,#3020,#3021,#3042,#3068,#3087));
#3019 = ORIENTED_EDGE('',*,*,#2994,.F.);
#3020 = ORIENTED_EDGE('',*,*,#636,.F.);
#3021 = ORIENTED_EDGE('',*,*,#3022,.T.);
#3022 = EDGE_CURVE('',#609,#3023,#3025,.T.);
#3023 = VERTEX_POINT('',#3024);
#3024 = CARTESIAN_POINT('',(83.,77.,20.));
#3025 = SURFACE_CURVE('',#3026,(#3030,#3036),.PCURVE_S1.);
#3026 = LINE('',#3027,#3028);
#3027 = CARTESIAN_POINT('',(83.,77.,102.00000015));
#3028 = VECTOR('',#3029,1.);
#3029 = DIRECTION('',(0.,-0.,1.));
#3030 = PCURVE('',#651,#3031);
#3031 = DEFINITIONAL_REPRESENTATION('',(#3032),#3035);
#3032 = B_SPLINE_CURVE_WITH_KNOTS('',1,(#3033,#3034),.UNSPECIFIED.,.F.,
  .F.,(2,2),(-98.00000015,-82.00000015),.PIECEWISE_BEZIER_KNOTS.);
#3033 = CARTESIAN_POINT('',(7.,-196.0000003));
#3034 = CARTESIAN_POINT('',(7.,-180.0000003));
#3035 = ( GEOMETRIC_REPRESENTATION_CONTEXT(2) 
PARAMETRIC_REPRESENTATION_CONTEXT() REPRESENTATION_CONTEXT('2D SPACE',''
  ) );
#3036 = PCURVE('',#624,#3037);
#3037 = DEFINITIONAL_REPRESENTATION('',(#3038),#3041);
#3038 = B_SPLINE_CURVE_WITH_KNOTS('',1,(#3039,#3040),.UNSPECIFIED.,.F.,
  .F.,(2,2),(-98.00000015,-82.00000015),.PIECEWISE_BEZIER_KNOTS.);
#3039 = CARTESIAN_POINT('',(0.,167.));
#3040 = CARTESIAN_POINT('',(16.,167.));
#3041 = ( GEOMETRIC_REPRESENTATION_CONTEXT(2) 
PARAMETRIC_REPRESENTATION_CONTEXT() REPRESENTATION_CONTEXT('2D SPACE',''
  ) );
#3042 = ORIENTED_EDGE('',*,*,#3043,.F.);
#3043 = EDGE_CURVE('',#3044,#3023,#3046,.T.);
#3044 = VERTEX_POINT('',#3045);
#3045 = CARTESIAN_POINT('',(83.,80.,20.));
#3046 = SURFACE_CURVE('',#3047,(#3051,#3057),.PCURVE_S1.);
#3047 = LINE('',#3048,#3049);
#3048 = CARTESIAN_POINT('',(83.,80.5,20.));
#3049 = VECTOR('',#3050,1.);
#3050 = DIRECTION('',(-1.110223024625E-16,-1.,0.));
#3051 = PCURVE('',#651,#3052);
#3052 = DEFINITIONAL_REPRESENTATION('',(#3053),#3056);
#3053 = B_SPLINE_CURVE_WITH_KNOTS('',1,(#3054,#3055),.UNSPECIFIED.,.F.,
  .F.,(2,2),(0.5,3.5),.PIECEWISE_BEZIER_KNOTS.);
#3054 = CARTESIAN_POINT('',(4.,-180.0000003));
#3055 = CARTESIAN_POINT('',(7.,-180.0000003));
#3056 = ( GEOMETRIC_REPRESENTATION_CONTEXT(2) 
PARAMETRIC_REPRESENTATION_CONTEXT() REPRESENTATION_CONTEXT('2D SPACE',''
  ) );
#3057 = PCURVE('',#3058,#3063);
#3058 = PLANE('',#3059);
#3059 = AXIS2_PLACEMENT_3D('',#3060,#3061,#3062);
#3060 = CARTESIAN_POINT('',(-84.,77.,20.));
#3061 = DIRECTION('',(0.,0.,1.));
#3062 = DIRECTION('',(1.,0.,0.));
#3063 = DEFINITIONAL_REPRESENTATION('',(#3064),#3067);
#3064 = B_SPLINE_CURVE_WITH_KNOTS('',1,(#3065,#3066),.UNSPECIFIED.,.F.,
  .F.,(2,2),(0.5,3.5),.PIECEWISE_BEZIER_KNOTS.);
#3065 = CARTESIAN_POINT('',(167.,3.));
#3066 = CARTESIAN_POINT('',(167.,0.));
#3067 = ( GEOMETRIC_REPRESENTATION_CONTEXT(2) 
PARAMETRIC_REPRESENTATION_CONTEXT() REPRESENTATION_CONTEXT('2D SPACE',''
  ) );
#3068 = ORIENTED_EDGE('',*,*,#3069,.F.);
#3069 = EDGE_CURVE('',#1858,#3044,#3070,.T.);
#3070 = SURFACE_CURVE('',#3071,(#3075,#3081),.PCURVE_S1.);
#3071 = LINE('',#3072,#3073);
#3072 = CARTESIAN_POINT('',(83.,80.,100.00000015));
#3073 = VECTOR('',#3074,1.);
#3074 = DIRECTION('',(0.,-0.,1.));
#3075 = PCURVE('',#651,#3076);
#3076 = DEFINITIONAL_REPRESENTATION('',(#3077),#3080);
#3077 = B_SPLINE_CURVE_WITH_KNOTS('',1,(#3078,#3079),.UNSPECIFIED.,.F.,
  .F.,(2,2),(-100.00000015,-80.00000015),.PIECEWISE_BEZIER_KNOTS.);
#3078 = CARTESIAN_POINT('',(4.,-200.0000003));
#3079 = CARTESIAN_POINT('',(4.,-180.0000003));
#3080 = ( GEOMETRIC_REPRESENTATION_CONTEXT(2) 
PARAMETRIC_REPRESENTATION_CONTEXT() REPRESENTATION_CONTEXT('2D SPACE',''
  ) );
#3081 = PCURVE('',#1873,#3082);
#3082 = DEFINITIONAL_REPRESENTATION('',(#3083),#3086);
#3083 = B_SPLINE_CURVE_WITH_KNOTS('',1,(#3084,#3085),.UNSPECIFIED.,.F.,
  .F.,(2,2),(-100.00000015,-80.00000015),.PIECEWISE_BEZIER_KNOTS.);
#3084 = CARTESIAN_POINT('',(0.,173.));
#3085 = CARTESIAN_POINT('',(20.,173.));
#3086 = ( GEOMETRIC_REPRESENTATION_CONTEXT(2) 
PARAMETRIC_REPRESENTATION_CONTEXT() REPRESENTATION_CONTEXT('2D SPACE',''
  ) );
#3087 = ORIENTED_EDGE('',*,*,#1885,.T.);
#3088 = ADVANCED_FACE('',(#3089),#624,.F.);
#3089 = FACE_BOUND('',#3090,.F.);
#3090 = EDGE_LOOP('',(#3091,#3092,#3093,#3116));
#3091 = ORIENTED_EDGE('',*,*,#608,.F.);
#3092 = ORIENTED_EDGE('',*,*,#3022,.T.);
#3093 = ORIENTED_EDGE('',*,*,#3094,.T.);
#3094 = EDGE_CURVE('',#3023,#3095,#3097,.T.);
#3095 = VERTEX_POINT('',#3096);
#3096 = CARTESIAN_POINT('',(84.,77.,20.));
#3097 = SURFACE_CURVE('',#3098,(#3102,#3109),.PCURVE_S1.);
#3098 = LINE('',#3099,#3100);
#3099 = CARTESIAN_POINT('',(-84.,77.,20.));
#3100 = VECTOR('',#3101,1.);
#3101 = DIRECTION('',(1.,0.,0.));
#3102 = PCURVE('',#624,#3103);
#3103 = DEFINITIONAL_REPRESENTATION('',(#3104),#3108);
#3104 = LINE('',#3105,#3106);
#3105 = CARTESIAN_POINT('',(16.,0.));
#3106 = VECTOR('',#3107,1.);
#3107 = DIRECTION('',(0.,1.));
#3108 = ( GEOMETRIC_REPRESENTATION_CONTEXT(2) 
PARAMETRIC_REPRESENTATION_CONTEXT() REPRESENTATION_CONTEXT('2D SPACE',''
  ) );
#3109 = PCURVE('',#3058,#3110);
#3110 = DEFINITIONAL_REPRESENTATION('',(#3111),#3115);
#3111 = LINE('',#3112,#3113);
#3112 = CARTESIAN_POINT('',(0.,0.));
#3113 = VECTOR('',#3114,1.);
#3114 = DIRECTION('',(1.,0.));
#3115 = ( GEOMETRIC_REPRESENTATION_CONTEXT(2) 
PARAMETRIC_REPRESENTATION_CONTEXT() REPRESENTATION_CONTEXT('2D SPACE',''
  ) );
#3116 = ORIENTED_EDGE('',*,*,#3117,.F.);
#3117 = EDGE_CURVE('',#581,#3095,#3118,.T.);
#3118 = SURFACE_CURVE('',#3119,(#3123,#3130),.PCURVE_S1.);
#3119 = LINE('',#3120,#3121);
#3120 = CARTESIAN_POINT('',(84.,77.,4.));
#3121 = VECTOR('',#3122,1.);
#3122 = DIRECTION('',(0.,0.,1.));
#3123 = PCURVE('',#624,#3124);
#3124 = DEFINITIONAL_REPRESENTATION('',(#3125),#3129);
#3125 = LINE('',#3126,#3127);
#3126 = CARTESIAN_POINT('',(0.,168.));
#3127 = VECTOR('',#3128,1.);
#3128 = DIRECTION('',(1.,0.));
#3129 = ( GEOMETRIC_REPRESENTATION_CONTEXT(2) 
PARAMETRIC_REPRESENTATION_CONTEXT() REPRESENTATION_CONTEXT('2D SPACE',''
  ) );
#3130 = PCURVE('',#596,#3131);
#3131 = DEFINITIONAL_REPRESENTATION('',(#3132),#3136);
#3132 = LINE('',#3133,#3134);
#3133 = CARTESIAN_POINT('',(0.,0.));
#3134 = VECTOR('',#3135,1.);
#3135 = DIRECTION('',(1.,0.));
#3136 = ( GEOMETRIC_REPRESENTATION_CONTEXT(2) 
PARAMETRIC_REPRESENTATION_CONTEXT() REPRESENTATION_CONTEXT('2D SPACE',''
  ) );
#3137 = ADVANCED_FACE('',(#3138),#596,.T.);
#3138 = FACE_BOUND('',#3139,.T.);
#3139 = EDGE_LOOP('',(#3140,#3141,#3142,#3165));
#3140 = ORIENTED_EDGE('',*,*,#3117,.F.);
#3141 = ORIENTED_EDGE('',*,*,#580,.T.);
#3142 = ORIENTED_EDGE('',*,*,#3143,.T.);
#3143 = EDGE_CURVE('',#552,#3144,#3146,.T.);
#3144 = VERTEX_POINT('',#3145);
#3145 = CARTESIAN_POINT('',(84.,80.,20.));
#3146 = SURFACE_CURVE('',#3147,(#3151,#3158),.PCURVE_S1.);
#3147 = LINE('',#3148,#3149);
#3148 = CARTESIAN_POINT('',(84.,80.,4.));
#3149 = VECTOR('',#3150,1.);
#3150 = DIRECTION('',(0.,0.,1.));
#3151 = PCURVE('',#596,#3152);
#3152 = DEFINITIONAL_REPRESENTATION('',(#3153),#3157);
#3153 = LINE('',#3154,#3155);
#3154 = CARTESIAN_POINT('',(0.,-3.));
#3155 = VECTOR('',#3156,1.);
#3156 = DIRECTION('',(1.,0.));
#3157 = ( GEOMETRIC_REPRESENTATION_CONTEXT(2) 
PARAMETRIC_REPRESENTATION_CONTEXT() REPRESENTATION_CONTEXT('2D SPACE',''
  ) );
#3158 = PCURVE('',#1873,#3159);
#3159 = DEFINITIONAL_REPRESENTATION('',(#3160),#3164);
#3160 = LINE('',#3161,#3162);
#3161 = CARTESIAN_POINT('',(4.,174.));
#3162 = VECTOR('',#3163,1.);
#3163 = DIRECTION('',(1.,0.));
#3164 = ( GEOMETRIC_REPRESENTATION_CONTEXT(2) 
PARAMETRIC_REPRESENTATION_CONTEXT() REPRESENTATION_CONTEXT('2D SPACE',''
  ) );
#3165 = ORIENTED_EDGE('',*,*,#3166,.F.);
#3166 = EDGE_CURVE('',#3095,#3144,#3167,.T.);
#3167 = SURFACE_CURVE('',#3168,(#3172,#3179),.PCURVE_S1.);
#3168 = LINE('',#3169,#3170);
#3169 = CARTESIAN_POINT('',(84.,77.,20.));
#3170 = VECTOR('',#3171,1.);
#3171 = DIRECTION('',(0.,1.,0.));
#3172 = PCURVE('',#596,#3173);
#3173 = DEFINITIONAL_REPRESENTATION('',(#3174),#3178);
#3174 = LINE('',#3175,#3176);
#3175 = CARTESIAN_POINT('',(16.,0.));
#3176 = VECTOR('',#3177,1.);
#3177 = DIRECTION('',(0.,-1.));
#3178 = ( GEOMETRIC_REPRESENTATION_CONTEXT(2) 
PARAMETRIC_REPRESENTATION_CONTEXT() REPRESENTATION_CONTEXT('2D SPACE',''
  ) );
#3179 = PCURVE('',#3058,#3180);
#3180 = DEFINITIONAL_REPRESENTATION('',(#3181),#3185);
#3181 = LINE('',#3182,#3183);
#3182 = CARTESIAN_POINT('',(168.,0.));
#3183 = VECTOR('',#3184,1.);
#3184 = DIRECTION('',(0.,1.));
#3185 = ( GEOMETRIC_REPRESENTATION_CONTEXT(2) 
PARAMETRIC_REPRESENTATION_CONTEXT() REPRESENTATION_CONTEXT('2D SPACE',''
  ) );
#3186 = ADVANCED_FACE('',(#3187),#568,.T.);
#3187 = FACE_BOUND('',#3188,.T.);
#3188 = EDGE_LOOP('',(#3189,#3190,#3211,#3212));
#3189 = ORIENTED_EDGE('',*,*,#1833,.T.);
#3190 = ORIENTED_EDGE('',*,*,#3191,.T.);
#3191 = EDGE_CURVE('',#1834,#552,#3192,.T.);
#3192 = SURFACE_CURVE('',#3193,(#3197,#3204),.PCURVE_S1.);
#3193 = LINE('',#3194,#3195);
#3194 = CARTESIAN_POINT('',(84.,80.,0.));
#3195 = VECTOR('',#3196,1.);
#3196 = DIRECTION('',(0.,0.,1.));
#3197 = PCURVE('',#568,#3198);
#3198 = DEFINITIONAL_REPRESENTATION('',(#3199),#3203);
#3199 = LINE('',#3200,#3201);
#3200 = CARTESIAN_POINT('',(1.570796326795,0.));
#3201 = VECTOR('',#3202,1.);
#3202 = DIRECTION('',(0.,1.));
#3203 = ( GEOMETRIC_REPRESENTATION_CONTEXT(2) 
PARAMETRIC_REPRESENTATION_CONTEXT() REPRESENTATION_CONTEXT('2D SPACE',''
  ) );
#3204 = PCURVE('',#1873,#3205);
#3205 = DEFINITIONAL_REPRESENTATION('',(#3206),#3210);
#3206 = LINE('',#3207,#3208);
#3207 = CARTESIAN_POINT('',(0.,174.));
#3208 = VECTOR('',#3209,1.);
#3209 = DIRECTION('',(1.,0.));
#3210 = ( GEOMETRIC_REPRESENTATION_CONTEXT(2) 
PARAMETRIC_REPRESENTATION_CONTEXT() REPRESENTATION_CONTEXT('2D SPACE',''
  ) );
#3211 = ORIENTED_EDGE('',*,*,#551,.F.);
#3212 = ORIENTED_EDGE('',*,*,#3213,.F.);
#3213 = EDGE_CURVE('',#1811,#524,#3214,.T.);
#3214 = SURFACE_CURVE('',#3215,(#3219,#3226),.PCURVE_S1.);
#3215 = LINE('',#3216,#3217);
#3216 = CARTESIAN_POINT('',(90.,74.,0.));
#3217 = VECTOR('',#3218,1.);
#3218 = DIRECTION('',(0.,0.,1.));
#3219 = PCURVE('',#568,#3220);
#3220 = DEFINITIONAL_REPRESENTATION('',(#3221),#3225);
#3221 = LINE('',#3222,#3223);
#3222 = CARTESIAN_POINT('',(0.,0.));
#3223 = VECTOR('',#3224,1.);
#3224 = DIRECTION('',(0.,1.));
#3225 = ( GEOMETRIC_REPRESENTATION_CONTEXT(2) 
PARAMETRIC_REPRESENTATION_CONTEXT() REPRESENTATION_CONTEXT('2D SPACE',''
  ) );
#3226 = PCURVE('',#539,#3227);
#3227 = DEFINITIONAL_REPRESENTATION('',(#3228),#3232);
#3228 = LINE('',#3229,#3230);
#3229 = CARTESIAN_POINT('',(0.,-154.));
#3230 = VECTOR('',#3231,1.);
#3231 = DIRECTION('',(1.,0.));
#3232 = ( GEOMETRIC_REPRESENTATION_CONTEXT(2) 
PARAMETRIC_REPRESENTATION_CONTEXT() REPRESENTATION_CONTEXT('2D SPACE',''
  ) );
#3233 = ADVANCED_FACE('',(#3234),#539,.T.);
#3234 = FACE_BOUND('',#3235,.T.);
#3235 = EDGE_LOOP('',(#3236,#3237,#3258,#3259));
#3236 = ORIENTED_EDGE('',*,*,#523,.F.);
#3237 = ORIENTED_EDGE('',*,*,#3238,.F.);
#3238 = EDGE_CURVE('',#1783,#491,#3239,.T.);
#3239 = SURFACE_CURVE('',#3240,(#3244,#3251),.PCURVE_S1.);
#3240 = LINE('',#3241,#3242);
#3241 = CARTESIAN_POINT('',(90.,-74.,0.));
#3242 = VECTOR('',#3243,1.);
#3243 = DIRECTION('',(0.,0.,1.));
#3244 = PCURVE('',#539,#3245);
#3245 = DEFINITIONAL_REPRESENTATION('',(#3246),#3250);
#3246 = LINE('',#3247,#3248);
#3247 = CARTESIAN_POINT('',(0.,-6.));
#3248 = VECTOR('',#3249,1.);
#3249 = DIRECTION('',(1.,0.));
#3250 = ( GEOMETRIC_REPRESENTATION_CONTEXT(2) 
PARAMETRIC_REPRESENTATION_CONTEXT() REPRESENTATION_CONTEXT('2D SPACE',''
  ) );
#3251 = PCURVE('',#511,#3252);
#3252 = DEFINITIONAL_REPRESENTATION('',(#3253),#3257);
#3253 = LINE('',#3254,#3255);
#3254 = CARTESIAN_POINT('',(-0.,0.));
#3255 = VECTOR('',#3256,1.);
#3256 = DIRECTION('',(-0.,1.));
#3257 = ( GEOMETRIC_REPRESENTATION_CONTEXT(2) 
PARAMETRIC_REPRESENTATION_CONTEXT() REPRESENTATION_CONTEXT('2D SPACE',''
  ) );
#3258 = ORIENTED_EDGE('',*,*,#1810,.T.);
#3259 = ORIENTED_EDGE('',*,*,#3213,.T.);
#3260 = ADVANCED_FACE('',(#3261),#511,.T.);
#3261 = FACE_BOUND('',#3262,.F.);
#3262 = EDGE_LOOP('',(#3263,#3264,#3285,#3286));
#3263 = ORIENTED_EDGE('',*,*,#1782,.T.);
#3264 = ORIENTED_EDGE('',*,*,#3265,.T.);
#3265 = EDGE_CURVE('',#1755,#463,#3266,.T.);
#3266 = SURFACE_CURVE('',#3267,(#3271,#3278),.PCURVE_S1.);
#3267 = LINE('',#3268,#3269);
#3268 = CARTESIAN_POINT('',(84.,-80.,0.));
#3269 = VECTOR('',#3270,1.);
#3270 = DIRECTION('',(0.,0.,1.));
#3271 = PCURVE('',#511,#3272);
#3272 = DEFINITIONAL_REPRESENTATION('',(#3273),#3277);
#3273 = LINE('',#3274,#3275);
#3274 = CARTESIAN_POINT('',(-1.570796326795,0.));
#3275 = VECTOR('',#3276,1.);
#3276 = DIRECTION('',(-0.,1.));
#3277 = ( GEOMETRIC_REPRESENTATION_CONTEXT(2) 
PARAMETRIC_REPRESENTATION_CONTEXT() REPRESENTATION_CONTEXT('2D SPACE',''
  ) );
#3278 = PCURVE('',#1770,#3279);
#3279 = DEFINITIONAL_REPRESENTATION('',(#3280),#3284);
#3280 = LINE('',#3281,#3282);
#3281 = CARTESIAN_POINT('',(0.,174.));
#3282 = VECTOR('',#3283,1.);
#3283 = DIRECTION('',(1.,0.));
#3284 = ( GEOMETRIC_REPRESENTATION_CONTEXT(2) 
PARAMETRIC_REPRESENTATION_CONTEXT() REPRESENTATION_CONTEXT('2D SPACE',''
  ) );
#3285 = ORIENTED_EDGE('',*,*,#490,.F.);
#3286 = ORIENTED_EDGE('',*,*,#3238,.F.);
#3287 = ADVANCED_FACE('',(#3288),#478,.T.);
#3288 = FACE_BOUND('',#3289,.T.);
#3289 = EDGE_LOOP('',(#3290,#3313,#3314,#3337));
#3290 = ORIENTED_EDGE('',*,*,#3291,.F.);
#3291 = EDGE_CURVE('',#463,#3292,#3294,.T.);
#3292 = VERTEX_POINT('',#3293);
#3293 = CARTESIAN_POINT('',(84.,-80.,20.));
#3294 = SURFACE_CURVE('',#3295,(#3299,#3306),.PCURVE_S1.);
#3295 = LINE('',#3296,#3297);
#3296 = CARTESIAN_POINT('',(84.,-80.,4.));
#3297 = VECTOR('',#3298,1.);
#3298 = DIRECTION('',(0.,0.,1.));
#3299 = PCURVE('',#478,#3300);
#3300 = DEFINITIONAL_REPRESENTATION('',(#3301),#3305);
#3301 = LINE('',#3302,#3303);
#3302 = CARTESIAN_POINT('',(0.,0.));
#3303 = VECTOR('',#3304,1.);
#3304 = DIRECTION('',(1.,0.));
#3305 = ( GEOMETRIC_REPRESENTATION_CONTEXT(2) 
PARAMETRIC_REPRESENTATION_CONTEXT() REPRESENTATION_CONTEXT('2D SPACE',''
  ) );
#3306 = PCURVE('',#1770,#3307);
#3307 = DEFINITIONAL_REPRESENTATION('',(#3308),#3312);
#3308 = LINE('',#3309,#3310);
#3309 = CARTESIAN_POINT('',(4.,174.));
#3310 = VECTOR('',#3311,1.);
#3311 = DIRECTION('',(1.,0.));
#3312 = ( GEOMETRIC_REPRESENTATION_CONTEXT(2) 
PARAMETRIC_REPRESENTATION_CONTEXT() REPRESENTATION_CONTEXT('2D SPACE',''
  ) );
#3313 = ORIENTED_EDGE('',*,*,#462,.T.);
#3314 = ORIENTED_EDGE('',*,*,#3315,.T.);
#3315 = EDGE_CURVE('',#435,#3316,#3318,.T.);
#3316 = VERTEX_POINT('',#3317);
#3317 = CARTESIAN_POINT('',(84.,-77.,20.));
#3318 = SURFACE_CURVE('',#3319,(#3323,#3330),.PCURVE_S1.);
#3319 = LINE('',#3320,#3321);
#3320 = CARTESIAN_POINT('',(84.,-77.,4.));
#3321 = VECTOR('',#3322,1.);
#3322 = DIRECTION('',(0.,0.,1.));
#3323 = PCURVE('',#478,#3324);
#3324 = DEFINITIONAL_REPRESENTATION('',(#3325),#3329);
#3325 = LINE('',#3326,#3327);
#3326 = CARTESIAN_POINT('',(0.,-3.));
#3327 = VECTOR('',#3328,1.);
#3328 = DIRECTION('',(1.,0.));
#3329 = ( GEOMETRIC_REPRESENTATION_CONTEXT(2) 
PARAMETRIC_REPRESENTATION_CONTEXT() REPRESENTATION_CONTEXT('2D SPACE',''
  ) );
#3330 = PCURVE('',#450,#3331);
#3331 = DEFINITIONAL_REPRESENTATION('',(#3332),#3336);
#3332 = LINE('',#3333,#3334);
#3333 = CARTESIAN_POINT('',(0.,168.));
#3334 = VECTOR('',#3335,1.);
#3335 = DIRECTION('',(1.,0.));
#3336 = ( GEOMETRIC_REPRESENTATION_CONTEXT(2) 
PARAMETRIC_REPRESENTATION_CONTEXT() REPRESENTATION_CONTEXT('2D SPACE',''
  ) );
#3337 = ORIENTED_EDGE('',*,*,#3338,.F.);
#3338 = EDGE_CURVE('',#3292,#3316,#3339,.T.);
#3339 = SURFACE_CURVE('',#3340,(#3344,#3351),.PCURVE_S1.);
#3340 = LINE('',#3341,#3342);
#3341 = CARTESIAN_POINT('',(84.,-80.,20.));
#3342 = VECTOR('',#3343,1.);
#3343 = DIRECTION('',(0.,1.,0.));
#3344 = PCURVE('',#478,#3345);
#3345 = DEFINITIONAL_REPRESENTATION('',(#3346),#3350);
#3346 = LINE('',#3347,#3348);
#3347 = CARTESIAN_POINT('',(16.,0.));
#3348 = VECTOR('',#3349,1.);
#3349 = DIRECTION('',(0.,-1.));
#3350 = ( GEOMETRIC_REPRESENTATION_CONTEXT(2) 
PARAMETRIC_REPRESENTATION_CONTEXT() REPRESENTATION_CONTEXT('2D SPACE',''
  ) );
#3351 = PCURVE('',#3352,#3357);
#3352 = PLANE('',#3353);
#3353 = AXIS2_PLACEMENT_3D('',#3354,#3355,#3356);
#3354 = CARTESIAN_POINT('',(-84.,-80.,20.));
#3355 = DIRECTION('',(0.,0.,1.));
#3356 = DIRECTION('',(1.,0.,0.));
#3357 = DEFINITIONAL_REPRESENTATION('',(#3358),#3362);
#3358 = LINE('',#3359,#3360);
#3359 = CARTESIAN_POINT('',(168.,0.));
#3360 = VECTOR('',#3361,1.);
#3361 = DIRECTION('',(0.,1.));
#3362 = ( GEOMETRIC_REPRESENTATION_CONTEXT(2) 
PARAMETRIC_REPRESENTATION_CONTEXT() REPRESENTATION_CONTEXT('2D SPACE',''
  ) );
#3363 = ADVANCED_FACE('',(#3364),#450,.T.);
#3364 = FACE_BOUND('',#3365,.T.);
#3365 = EDGE_LOOP('',(#3366,#3367,#3388,#3409));
#3366 = ORIENTED_EDGE('',*,*,#434,.F.);
#3367 = ORIENTED_EDGE('',*,*,#3368,.T.);
#3368 = EDGE_CURVE('',#409,#3369,#3371,.T.);
#3369 = VERTEX_POINT('',#3370);
#3370 = CARTESIAN_POINT('',(83.,-77.,20.));
#3371 = SURFACE_CURVE('',#3372,(#3376,#3382),.PCURVE_S1.);
#3372 = LINE('',#3373,#3374);
#3373 = CARTESIAN_POINT('',(83.,-77.,102.0000001));
#3374 = VECTOR('',#3375,1.);
#3375 = DIRECTION('',(0.,-0.,1.));
#3376 = PCURVE('',#450,#3377);
#3377 = DEFINITIONAL_REPRESENTATION('',(#3378),#3381);
#3378 = B_SPLINE_CURVE_WITH_KNOTS('',1,(#3379,#3380),.UNSPECIFIED.,.F.,
  .F.,(2,2),(-98.0000001,-82.0000001),.PIECEWISE_BEZIER_KNOTS.);
#3379 = CARTESIAN_POINT('',(0.,167.));
#3380 = CARTESIAN_POINT('',(16.,167.));
#3381 = ( GEOMETRIC_REPRESENTATION_CONTEXT(2) 
PARAMETRIC_REPRESENTATION_CONTEXT() REPRESENTATION_CONTEXT('2D SPACE',''
  ) );
#3382 = PCURVE('',#423,#3383);
#3383 = DEFINITIONAL_REPRESENTATION('',(#3384),#3387);
#3384 = B_SPLINE_CURVE_WITH_KNOTS('',1,(#3385,#3386),.UNSPECIFIED.,.F.,
  .F.,(2,2),(-98.0000001,-82.0000001),.PIECEWISE_BEZIER_KNOTS.);
#3385 = CARTESIAN_POINT('',(23.,-196.0000002));
#3386 = CARTESIAN_POINT('',(23.,-180.0000002));
#3387 = ( GEOMETRIC_REPRESENTATION_CONTEXT(2) 
PARAMETRIC_REPRESENTATION_CONTEXT() REPRESENTATION_CONTEXT('2D SPACE',''
  ) );
#3388 = ORIENTED_EDGE('',*,*,#3389,.T.);
#3389 = EDGE_CURVE('',#3369,#3316,#3390,.T.);
#3390 = SURFACE_CURVE('',#3391,(#3395,#3402),.PCURVE_S1.);
#3391 = LINE('',#3392,#3393);
#3392 = CARTESIAN_POINT('',(-84.,-77.,20.));
#3393 = VECTOR('',#3394,1.);
#3394 = DIRECTION('',(1.,0.,0.));
#3395 = PCURVE('',#450,#3396);
#3396 = DEFINITIONAL_REPRESENTATION('',(#3397),#3401);
#3397 = LINE('',#3398,#3399);
#3398 = CARTESIAN_POINT('',(16.,0.));
#3399 = VECTOR('',#3400,1.);
#3400 = DIRECTION('',(0.,1.));
#3401 = ( GEOMETRIC_REPRESENTATION_CONTEXT(2) 
PARAMETRIC_REPRESENTATION_CONTEXT() REPRESENTATION_CONTEXT('2D SPACE',''
  ) );
#3402 = PCURVE('',#3352,#3403);
#3403 = DEFINITIONAL_REPRESENTATION('',(#3404),#3408);
#3404 = LINE('',#3405,#3406);
#3405 = CARTESIAN_POINT('',(0.,3.));
#3406 = VECTOR('',#3407,1.);
#3407 = DIRECTION('',(1.,0.));
#3408 = ( GEOMETRIC_REPRESENTATION_CONTEXT(2) 
PARAMETRIC_REPRESENTATION_CONTEXT() REPRESENTATION_CONTEXT('2D SPACE',''
  ) );
#3409 = ORIENTED_EDGE('',*,*,#3315,.F.);
#3410 = ADVANCED_FACE('',(#3411),#423,.T.);
#3411 = FACE_BOUND('',#3412,.T.);
#3412 = EDGE_LOOP('',(#3413,#3414,#3435,#3436,#3457,#3476));
#3413 = ORIENTED_EDGE('',*,*,#408,.F.);
#3414 = ORIENTED_EDGE('',*,*,#3415,.T.);
#3415 = EDGE_CURVE('',#380,#1710,#3416,.T.);
#3416 = SURFACE_CURVE('',#3417,(#3421,#3428),.PCURVE_S1.);
#3417 = LINE('',#3418,#3419);
#3418 = CARTESIAN_POINT('',(83.,-54.,200.0000002));
#3419 = VECTOR('',#3420,1.);
#3420 = DIRECTION('',(0.,0.,-1.));
#3421 = PCURVE('',#423,#3422);
#3422 = DEFINITIONAL_REPRESENTATION('',(#3423),#3427);
#3423 = LINE('',#3424,#3425);
#3424 = CARTESIAN_POINT('',(0.,0.));
#3425 = VECTOR('',#3426,1.);
#3426 = DIRECTION('',(0.,-1.));
#3427 = ( GEOMETRIC_REPRESENTATION_CONTEXT(2) 
PARAMETRIC_REPRESENTATION_CONTEXT() REPRESENTATION_CONTEXT('2D SPACE',''
  ) );
#3428 = PCURVE('',#396,#3429);
#3429 = DEFINITIONAL_REPRESENTATION('',(#3430),#3434);
#3430 = LINE('',#3431,#3432);
#3431 = CARTESIAN_POINT('',(-3.14159265359,0.));
#3432 = VECTOR('',#3433,1.);
#3433 = DIRECTION('',(-0.,-1.));
#3434 = ( GEOMETRIC_REPRESENTATION_CONTEXT(2) 
PARAMETRIC_REPRESENTATION_CONTEXT() REPRESENTATION_CONTEXT('2D SPACE',''
  ) );
#3435 = ORIENTED_EDGE('',*,*,#1733,.T.);
#3436 = ORIENTED_EDGE('',*,*,#3437,.T.);
#3437 = EDGE_CURVE('',#1734,#3438,#3440,.T.);
#3438 = VERTEX_POINT('',#3439);
#3439 = CARTESIAN_POINT('',(83.,-80.,20.));
#3440 = SURFACE_CURVE('',#3441,(#3445,#3451),.PCURVE_S1.);
#3441 = LINE('',#3442,#3443);
#3442 = CARTESIAN_POINT('',(83.,-80.,100.0000001));
#3443 = VECTOR('',#3444,1.);
#3444 = DIRECTION('',(0.,-0.,1.));
#3445 = PCURVE('',#423,#3446);
#3446 = DEFINITIONAL_REPRESENTATION('',(#3447),#3450);
#3447 = B_SPLINE_CURVE_WITH_KNOTS('',1,(#3448,#3449),.UNSPECIFIED.,.F.,
  .F.,(2,2),(-100.0000001,-80.0000001),.PIECEWISE_BEZIER_KNOTS.);
#3448 = CARTESIAN_POINT('',(26.,-200.0000002));
#3449 = CARTESIAN_POINT('',(26.,-180.0000002));
#3450 = ( GEOMETRIC_REPRESENTATION_CONTEXT(2) 
PARAMETRIC_REPRESENTATION_CONTEXT() REPRESENTATION_CONTEXT('2D SPACE',''
  ) );
#3451 = PCURVE('',#1770,#3452);
#3452 = DEFINITIONAL_REPRESENTATION('',(#3453),#3456);
#3453 = B_SPLINE_CURVE_WITH_KNOTS('',1,(#3454,#3455),.UNSPECIFIED.,.F.,
  .F.,(2,2),(-100.0000001,-80.0000001),.PIECEWISE_BEZIER_KNOTS.);
#3454 = CARTESIAN_POINT('',(0.,173.));
#3455 = CARTESIAN_POINT('',(20.,173.));
#3456 = ( GEOMETRIC_REPRESENTATION_CONTEXT(2) 
PARAMETRIC_REPRESENTATION_CONTEXT() REPRESENTATION_CONTEXT('2D SPACE',''
  ) );
#3457 = ORIENTED_EDGE('',*,*,#3458,.F.);
#3458 = EDGE_CURVE('',#3369,#3438,#3459,.T.);
#3459 = SURFACE_CURVE('',#3460,(#3464,#3470),.PCURVE_S1.);
#3460 = LINE('',#3461,#3462);
#3461 = CARTESIAN_POINT('',(83.,-67.,20.));
#3462 = VECTOR('',#3463,1.);
#3463 = DIRECTION('',(-1.110223024625E-16,-1.,0.));
#3464 = PCURVE('',#423,#3465);
#3465 = DEFINITIONAL_REPRESENTATION('',(#3466),#3469);
#3466 = B_SPLINE_CURVE_WITH_KNOTS('',1,(#3467,#3468),.UNSPECIFIED.,.F.,
  .F.,(2,2),(10.,13.),.PIECEWISE_BEZIER_KNOTS.);
#3467 = CARTESIAN_POINT('',(23.,-180.0000002));
#3468 = CARTESIAN_POINT('',(26.,-180.0000002));
#3469 = ( GEOMETRIC_REPRESENTATION_CONTEXT(2) 
PARAMETRIC_REPRESENTATION_CONTEXT() REPRESENTATION_CONTEXT('2D SPACE',''
  ) );
#3470 = PCURVE('',#3352,#3471);
#3471 = DEFINITIONAL_REPRESENTATION('',(#3472),#3475);
#3472 = B_SPLINE_CURVE_WITH_KNOTS('',1,(#3473,#3474),.UNSPECIFIED.,.F.,
  .F.,(2,2),(10.,13.),.PIECEWISE_BEZIER_KNOTS.);
#3473 = CARTESIAN_POINT('',(167.,3.));
#3474 = CARTESIAN_POINT('',(167.,0.));
#3475 = ( GEOMETRIC_REPRESENTATION_CONTEXT(2) 
PARAMETRIC_REPRESENTATION_CONTEXT() REPRESENTATION_CONTEXT('2D SPACE',''
  ) );
#3476 = ORIENTED_EDGE('',*,*,#3368,.F.);
#3477 = ADVANCED_FACE('',(#3478),#396,.F.);
#3478 = FACE_BOUND('',#3479,.T.);
#3479 = EDGE_LOOP('',(#3480,#3481,#3502,#3503));
#3480 = ORIENTED_EDGE('',*,*,#379,.T.);
#3481 = ORIENTED_EDGE('',*,*,#3482,.T.);
#3482 = EDGE_CURVE('',#354,#1689,#3483,.T.);
#3483 = SURFACE_CURVE('',#3484,(#3488,#3495),.PCURVE_S1.);
#3484 = LINE('',#3485,#3486);
#3485 = CARTESIAN_POINT('',(79.,-54.,200.0000002));
#3486 = VECTOR('',#3487,1.);
#3487 = DIRECTION('',(0.,0.,-1.));
#3488 = PCURVE('',#396,#3489);
#3489 = DEFINITIONAL_REPRESENTATION('',(#3490),#3494);
#3490 = LINE('',#3491,#3492);
#3491 = CARTESIAN_POINT('',(-0.,0.));
#3492 = VECTOR('',#3493,1.);
#3493 = DIRECTION('',(-0.,-1.));
#3494 = ( GEOMETRIC_REPRESENTATION_CONTEXT(2) 
PARAMETRIC_REPRESENTATION_CONTEXT() REPRESENTATION_CONTEXT('2D SPACE',''
  ) );
#3495 = PCURVE('',#368,#3496);
#3496 = DEFINITIONAL_REPRESENTATION('',(#3497),#3501);
#3497 = LINE('',#3498,#3499);
#3498 = CARTESIAN_POINT('',(30.,0.));
#3499 = VECTOR('',#3500,1.);
#3500 = DIRECTION('',(0.,-1.));
#3501 = ( GEOMETRIC_REPRESENTATION_CONTEXT(2) 
PARAMETRIC_REPRESENTATION_CONTEXT() REPRESENTATION_CONTEXT('2D SPACE',''
  ) );
#3502 = ORIENTED_EDGE('',*,*,#1709,.F.);
#3503 = ORIENTED_EDGE('',*,*,#3415,.F.);
#3504 = ADVANCED_FACE('',(#3505),#368,.T.);
#3505 = FACE_BOUND('',#3506,.T.);
#3506 = EDGE_LOOP('',(#3507,#3508,#3509,#3530,#3556,#3575));
#3507 = ORIENTED_EDGE('',*,*,#3482,.F.);
#3508 = ORIENTED_EDGE('',*,*,#353,.F.);
#3509 = ORIENTED_EDGE('',*,*,#3510,.F.);
#3510 = EDGE_CURVE('',#3511,#326,#3513,.T.);
#3511 = VERTEX_POINT('',#3512);
#3512 = CARTESIAN_POINT('',(79.,-77.,20.));
#3513 = SURFACE_CURVE('',#3514,(#3518,#3524),.PCURVE_S1.);
#3514 = LINE('',#3515,#3516);
#3515 = CARTESIAN_POINT('',(79.,-77.,102.0000001));
#3516 = VECTOR('',#3517,1.);
#3517 = DIRECTION('',(0.,0.,-1.));
#3518 = PCURVE('',#368,#3519);
#3519 = DEFINITIONAL_REPRESENTATION('',(#3520),#3523);
#3520 = B_SPLINE_CURVE_WITH_KNOTS('',1,(#3521,#3522),.UNSPECIFIED.,.F.,
  .F.,(2,2),(82.0000001,98.0000001),.PIECEWISE_BEZIER_KNOTS.);
#3521 = CARTESIAN_POINT('',(7.,-180.0000002));
#3522 = CARTESIAN_POINT('',(7.,-196.0000002));
#3523 = ( GEOMETRIC_REPRESENTATION_CONTEXT(2) 
PARAMETRIC_REPRESENTATION_CONTEXT() REPRESENTATION_CONTEXT('2D SPACE',''
  ) );
#3524 = PCURVE('',#341,#3525);
#3525 = DEFINITIONAL_REPRESENTATION('',(#3526),#3529);
#3526 = B_SPLINE_CURVE_WITH_KNOTS('',1,(#3527,#3528),.UNSPECIFIED.,.F.,
  .F.,(2,2),(82.0000001,98.0000001),.PIECEWISE_BEZIER_KNOTS.);
#3527 = CARTESIAN_POINT('',(16.,163.));
#3528 = CARTESIAN_POINT('',(0.,163.));
#3529 = ( GEOMETRIC_REPRESENTATION_CONTEXT(2) 
PARAMETRIC_REPRESENTATION_CONTEXT() REPRESENTATION_CONTEXT('2D SPACE',''
  ) );
#3530 = ORIENTED_EDGE('',*,*,#3531,.F.);
#3531 = EDGE_CURVE('',#3532,#3511,#3534,.T.);
#3532 = VERTEX_POINT('',#3533);
#3533 = CARTESIAN_POINT('',(79.,-80.,20.));
#3534 = SURFACE_CURVE('',#3535,(#3539,#3545),.PCURVE_S1.);
#3535 = LINE('',#3536,#3537);
#3536 = CARTESIAN_POINT('',(79.,-82.,20.));
#3537 = VECTOR('',#3538,1.);
#3538 = DIRECTION('',(1.110223024625E-16,1.,-0.));
#3539 = PCURVE('',#368,#3540);
#3540 = DEFINITIONAL_REPRESENTATION('',(#3541),#3544);
#3541 = B_SPLINE_CURVE_WITH_KNOTS('',1,(#3542,#3543),.UNSPECIFIED.,.F.,
  .F.,(2,2),(2.,5.),.PIECEWISE_BEZIER_KNOTS.);
#3542 = CARTESIAN_POINT('',(4.,-180.0000002));
#3543 = CARTESIAN_POINT('',(7.,-180.0000002));
#3544 = ( GEOMETRIC_REPRESENTATION_CONTEXT(2) 
PARAMETRIC_REPRESENTATION_CONTEXT() REPRESENTATION_CONTEXT('2D SPACE',''
  ) );
#3545 = PCURVE('',#3546,#3551);
#3546 = PLANE('',#3547);
#3547 = AXIS2_PLACEMENT_3D('',#3548,#3549,#3550);
#3548 = CARTESIAN_POINT('',(-84.,-80.,20.));
#3549 = DIRECTION('',(0.,0.,1.));
#3550 = DIRECTION('',(1.,0.,0.));
#3551 = DEFINITIONAL_REPRESENTATION('',(#3552),#3555);
#3552 = B_SPLINE_CURVE_WITH_KNOTS('',1,(#3553,#3554),.UNSPECIFIED.,.F.,
  .F.,(2,2),(2.,5.),.PIECEWISE_BEZIER_KNOTS.);
#3553 = CARTESIAN_POINT('',(163.,0.));
#3554 = CARTESIAN_POINT('',(163.,3.));
#3555 = ( GEOMETRIC_REPRESENTATION_CONTEXT(2) 
PARAMETRIC_REPRESENTATION_CONTEXT() REPRESENTATION_CONTEXT('2D SPACE',''
  ) );
#3556 = ORIENTED_EDGE('',*,*,#3557,.T.);
#3557 = EDGE_CURVE('',#3532,#1661,#3558,.T.);
#3558 = SURFACE_CURVE('',#3559,(#3563,#3569),.PCURVE_S1.);
#3559 = LINE('',#3560,#3561);
#3560 = CARTESIAN_POINT('',(79.,-80.,100.0000001));
#3561 = VECTOR('',#3562,1.);
#3562 = DIRECTION('',(0.,0.,-1.));
#3563 = PCURVE('',#368,#3564);
#3564 = DEFINITIONAL_REPRESENTATION('',(#3565),#3568);
#3565 = B_SPLINE_CURVE_WITH_KNOTS('',1,(#3566,#3567),.UNSPECIFIED.,.F.,
  .F.,(2,2),(80.0000001,100.0000001),.PIECEWISE_BEZIER_KNOTS.);
#3566 = CARTESIAN_POINT('',(4.,-180.0000002));
#3567 = CARTESIAN_POINT('',(4.,-200.0000002));
#3568 = ( GEOMETRIC_REPRESENTATION_CONTEXT(2) 
PARAMETRIC_REPRESENTATION_CONTEXT() REPRESENTATION_CONTEXT('2D SPACE',''
  ) );
#3569 = PCURVE('',#1676,#3570);
#3570 = DEFINITIONAL_REPRESENTATION('',(#3571),#3574);
#3571 = B_SPLINE_CURVE_WITH_KNOTS('',1,(#3572,#3573),.UNSPECIFIED.,.F.,
  .F.,(2,2),(80.0000001,100.0000001),.PIECEWISE_BEZIER_KNOTS.);
#3572 = CARTESIAN_POINT('',(20.,169.));
#3573 = CARTESIAN_POINT('',(0.,169.));
#3574 = ( GEOMETRIC_REPRESENTATION_CONTEXT(2) 
PARAMETRIC_REPRESENTATION_CONTEXT() REPRESENTATION_CONTEXT('2D SPACE',''
  ) );
#3575 = ORIENTED_EDGE('',*,*,#1688,.T.);
#3576 = ADVANCED_FACE('',(#3577),#341,.T.);
#3577 = FACE_BOUND('',#3578,.T.);
#3578 = EDGE_LOOP('',(#3579,#3580,#3601,#3622));
#3579 = ORIENTED_EDGE('',*,*,#325,.F.);
#3580 = ORIENTED_EDGE('',*,*,#3581,.T.);
#3581 = EDGE_CURVE('',#300,#3582,#3584,.T.);
#3582 = VERTEX_POINT('',#3583);
#3583 = CARTESIAN_POINT('',(-79.,-77.,20.));
#3584 = SURFACE_CURVE('',#3585,(#3589,#3595),.PCURVE_S1.);
#3585 = LINE('',#3586,#3587);
#3586 = CARTESIAN_POINT('',(-79.,-77.,102.00000015));
#3587 = VECTOR('',#3588,1.);
#3588 = DIRECTION('',(0.,-0.,1.));
#3589 = PCURVE('',#341,#3590);
#3590 = DEFINITIONAL_REPRESENTATION('',(#3591),#3594);
#3591 = B_SPLINE_CURVE_WITH_KNOTS('',1,(#3592,#3593),.UNSPECIFIED.,.F.,
  .F.,(2,2),(-98.00000015,-82.00000015),.PIECEWISE_BEZIER_KNOTS.);
#3592 = CARTESIAN_POINT('',(0.,5.));
#3593 = CARTESIAN_POINT('',(16.,5.));
#3594 = ( GEOMETRIC_REPRESENTATION_CONTEXT(2) 
PARAMETRIC_REPRESENTATION_CONTEXT() REPRESENTATION_CONTEXT('2D SPACE',''
  ) );
#3595 = PCURVE('',#314,#3596);
#3596 = DEFINITIONAL_REPRESENTATION('',(#3597),#3600);
#3597 = B_SPLINE_CURVE_WITH_KNOTS('',1,(#3598,#3599),.UNSPECIFIED.,.F.,
  .F.,(2,2),(-98.00000015,-82.00000015),.PIECEWISE_BEZIER_KNOTS.);
#3598 = CARTESIAN_POINT('',(23.,-196.0000003));
#3599 = CARTESIAN_POINT('',(23.,-180.0000003));
#3600 = ( GEOMETRIC_REPRESENTATION_CONTEXT(2) 
PARAMETRIC_REPRESENTATION_CONTEXT() REPRESENTATION_CONTEXT('2D SPACE',''
  ) );
#3601 = ORIENTED_EDGE('',*,*,#3602,.T.);
#3602 = EDGE_CURVE('',#3582,#3511,#3603,.T.);
#3603 = SURFACE_CURVE('',#3604,(#3608,#3615),.PCURVE_S1.);
#3604 = LINE('',#3605,#3606);
#3605 = CARTESIAN_POINT('',(-84.,-77.,20.));
#3606 = VECTOR('',#3607,1.);
#3607 = DIRECTION('',(1.,0.,0.));
#3608 = PCURVE('',#341,#3609);
#3609 = DEFINITIONAL_REPRESENTATION('',(#3610),#3614);
#3610 = LINE('',#3611,#3612);
#3611 = CARTESIAN_POINT('',(16.,0.));
#3612 = VECTOR('',#3613,1.);
#3613 = DIRECTION('',(0.,1.));
#3614 = ( GEOMETRIC_REPRESENTATION_CONTEXT(2) 
PARAMETRIC_REPRESENTATION_CONTEXT() REPRESENTATION_CONTEXT('2D SPACE',''
  ) );
#3615 = PCURVE('',#3546,#3616);
#3616 = DEFINITIONAL_REPRESENTATION('',(#3617),#3621);
#3617 = LINE('',#3618,#3619);
#3618 = CARTESIAN_POINT('',(0.,3.));
#3619 = VECTOR('',#3620,1.);
#3620 = DIRECTION('',(1.,0.));
#3621 = ( GEOMETRIC_REPRESENTATION_CONTEXT(2) 
PARAMETRIC_REPRESENTATION_CONTEXT() REPRESENTATION_CONTEXT('2D SPACE',''
  ) );
#3622 = ORIENTED_EDGE('',*,*,#3510,.T.);
#3623 = ADVANCED_FACE('',(#3624),#314,.T.);
#3624 = FACE_BOUND('',#3625,.T.);
#3625 = EDGE_LOOP('',(#3626,#3627,#3648,#3649,#3670,#3689));
#3626 = ORIENTED_EDGE('',*,*,#299,.F.);
#3627 = ORIENTED_EDGE('',*,*,#3628,.T.);
#3628 = EDGE_CURVE('',#271,#1616,#3629,.T.);
#3629 = SURFACE_CURVE('',#3630,(#3634,#3641),.PCURVE_S1.);
#3630 = LINE('',#3631,#3632);
#3631 = CARTESIAN_POINT('',(-79.,-54.,200.0000003));
#3632 = VECTOR('',#3633,1.);
#3633 = DIRECTION('',(0.,0.,-1.));
#3634 = PCURVE('',#314,#3635);
#3635 = DEFINITIONAL_REPRESENTATION('',(#3636),#3640);
#3636 = LINE('',#3637,#3638);
#3637 = CARTESIAN_POINT('',(0.,0.));
#3638 = VECTOR('',#3639,1.);
#3639 = DIRECTION('',(0.,-1.));
#3640 = ( GEOMETRIC_REPRESENTATION_CONTEXT(2) 
PARAMETRIC_REPRESENTATION_CONTEXT() REPRESENTATION_CONTEXT('2D SPACE',''
  ) );
#3641 = PCURVE('',#287,#3642);
#3642 = DEFINITIONAL_REPRESENTATION('',(#3643),#3647);
#3643 = LINE('',#3644,#3645);
#3644 = CARTESIAN_POINT('',(-3.14159265359,0.));
#3645 = VECTOR('',#3646,1.);
#3646 = DIRECTION('',(-0.,-1.));
#3647 = ( GEOMETRIC_REPRESENTATION_CONTEXT(2) 
PARAMETRIC_REPRESENTATION_CONTEXT() REPRESENTATION_CONTEXT('2D SPACE',''
  ) );
#3648 = ORIENTED_EDGE('',*,*,#1639,.T.);
#3649 = ORIENTED_EDGE('',*,*,#3650,.T.);
#3650 = EDGE_CURVE('',#1640,#3651,#3653,.T.);
#3651 = VERTEX_POINT('',#3652);
#3652 = CARTESIAN_POINT('',(-79.,-80.,20.));
#3653 = SURFACE_CURVE('',#3654,(#3658,#3664),.PCURVE_S1.);
#3654 = LINE('',#3655,#3656);
#3655 = CARTESIAN_POINT('',(-79.,-80.,100.00000015));
#3656 = VECTOR('',#3657,1.);
#3657 = DIRECTION('',(0.,-0.,1.));
#3658 = PCURVE('',#314,#3659);
#3659 = DEFINITIONAL_REPRESENTATION('',(#3660),#3663);
#3660 = B_SPLINE_CURVE_WITH_KNOTS('',1,(#3661,#3662),.UNSPECIFIED.,.F.,
  .F.,(2,2),(-100.00000015,-80.00000015),.PIECEWISE_BEZIER_KNOTS.);
#3661 = CARTESIAN_POINT('',(26.,-200.0000003));
#3662 = CARTESIAN_POINT('',(26.,-180.0000003));
#3663 = ( GEOMETRIC_REPRESENTATION_CONTEXT(2) 
PARAMETRIC_REPRESENTATION_CONTEXT() REPRESENTATION_CONTEXT('2D SPACE',''
  ) );
#3664 = PCURVE('',#1676,#3665);
#3665 = DEFINITIONAL_REPRESENTATION('',(#3666),#3669);
#3666 = B_SPLINE_CURVE_WITH_KNOTS('',1,(#3667,#3668),.UNSPECIFIED.,.F.,
  .F.,(2,2),(-100.00000015,-80.00000015),.PIECEWISE_BEZIER_KNOTS.);
#3667 = CARTESIAN_POINT('',(0.,11.));
#3668 = CARTESIAN_POINT('',(20.,11.));
#3669 = ( GEOMETRIC_REPRESENTATION_CONTEXT(2) 
PARAMETRIC_REPRESENTATION_CONTEXT() REPRESENTATION_CONTEXT('2D SPACE',''
  ) );
#3670 = ORIENTED_EDGE('',*,*,#3671,.F.);
#3671 = EDGE_CURVE('',#3582,#3651,#3672,.T.);
#3672 = SURFACE_CURVE('',#3673,(#3677,#3683),.PCURVE_S1.);
#3673 = LINE('',#3674,#3675);
#3674 = CARTESIAN_POINT('',(-79.,-67.,20.));
#3675 = VECTOR('',#3676,1.);
#3676 = DIRECTION('',(-1.110223024625E-16,-1.,0.));
#3677 = PCURVE('',#314,#3678);
#3678 = DEFINITIONAL_REPRESENTATION('',(#3679),#3682);
#3679 = B_SPLINE_CURVE_WITH_KNOTS('',1,(#3680,#3681),.UNSPECIFIED.,.F.,
  .F.,(2,2),(10.,13.),.PIECEWISE_BEZIER_KNOTS.);
#3680 = CARTESIAN_POINT('',(23.,-180.0000003));
#3681 = CARTESIAN_POINT('',(26.,-180.0000003));
#3682 = ( GEOMETRIC_REPRESENTATION_CONTEXT(2) 
PARAMETRIC_REPRESENTATION_CONTEXT() REPRESENTATION_CONTEXT('2D SPACE',''
  ) );
#3683 = PCURVE('',#3546,#3684);
#3684 = DEFINITIONAL_REPRESENTATION('',(#3685),#3688);
#3685 = B_SPLINE_CURVE_WITH_KNOTS('',1,(#3686,#3687),.UNSPECIFIED.,.F.,
  .F.,(2,2),(10.,13.),.PIECEWISE_BEZIER_KNOTS.);
#3686 = CARTESIAN_POINT('',(5.,3.));
#3687 = CARTESIAN_POINT('',(5.,0.));
#3688 = ( GEOMETRIC_REPRESENTATION_CONTEXT(2) 
PARAMETRIC_REPRESENTATION_CONTEXT() REPRESENTATION_CONTEXT('2D SPACE',''
  ) );
#3689 = ORIENTED_EDGE('',*,*,#3581,.F.);
#3690 = ADVANCED_FACE('',(#3691),#287,.F.);
#3691 = FACE_BOUND('',#3692,.T.);
#3692 = EDGE_LOOP('',(#3693,#3694,#3715,#3716));
#3693 = ORIENTED_EDGE('',*,*,#270,.T.);
#3694 = ORIENTED_EDGE('',*,*,#3695,.T.);
#3695 = EDGE_CURVE('',#245,#1595,#3696,.T.);
#3696 = SURFACE_CURVE('',#3697,(#3701,#3708),.PCURVE_S1.);
#3697 = LINE('',#3698,#3699);
#3698 = CARTESIAN_POINT('',(-83.,-54.,200.0000003));
#3699 = VECTOR('',#3700,1.);
#3700 = DIRECTION('',(0.,0.,-1.));
#3701 = PCURVE('',#287,#3702);
#3702 = DEFINITIONAL_REPRESENTATION('',(#3703),#3707);
#3703 = LINE('',#3704,#3705);
#3704 = CARTESIAN_POINT('',(-0.,0.));
#3705 = VECTOR('',#3706,1.);
#3706 = DIRECTION('',(-0.,-1.));
#3707 = ( GEOMETRIC_REPRESENTATION_CONTEXT(2) 
PARAMETRIC_REPRESENTATION_CONTEXT() REPRESENTATION_CONTEXT('2D SPACE',''
  ) );
#3708 = PCURVE('',#259,#3709);
#3709 = DEFINITIONAL_REPRESENTATION('',(#3710),#3714);
#3710 = LINE('',#3711,#3712);
#3711 = CARTESIAN_POINT('',(30.,0.));
#3712 = VECTOR('',#3713,1.);
#3713 = DIRECTION('',(0.,-1.));
#3714 = ( GEOMETRIC_REPRESENTATION_CONTEXT(2) 
PARAMETRIC_REPRESENTATION_CONTEXT() REPRESENTATION_CONTEXT('2D SPACE',''
  ) );
#3715 = ORIENTED_EDGE('',*,*,#1615,.F.);
#3716 = ORIENTED_EDGE('',*,*,#3628,.F.);
#3717 = ADVANCED_FACE('',(#3718),#259,.T.);
#3718 = FACE_BOUND('',#3719,.T.);
#3719 = EDGE_LOOP('',(#3720,#3721,#3722,#3743,#3769,#3788));
#3720 = ORIENTED_EDGE('',*,*,#3695,.F.);
#3721 = ORIENTED_EDGE('',*,*,#244,.F.);
#3722 = ORIENTED_EDGE('',*,*,#3723,.F.);
#3723 = EDGE_CURVE('',#3724,#217,#3726,.T.);
#3724 = VERTEX_POINT('',#3725);
#3725 = CARTESIAN_POINT('',(-83.,-77.,20.));
#3726 = SURFACE_CURVE('',#3727,(#3731,#3737),.PCURVE_S1.);
#3727 = LINE('',#3728,#3729);
#3728 = CARTESIAN_POINT('',(-83.,-77.,102.00000015));
#3729 = VECTOR('',#3730,1.);
#3730 = DIRECTION('',(0.,0.,-1.));
#3731 = PCURVE('',#259,#3732);
#3732 = DEFINITIONAL_REPRESENTATION('',(#3733),#3736);
#3733 = B_SPLINE_CURVE_WITH_KNOTS('',1,(#3734,#3735),.UNSPECIFIED.,.F.,
  .F.,(2,2),(82.00000015,98.00000015),.PIECEWISE_BEZIER_KNOTS.);
#3734 = CARTESIAN_POINT('',(7.,-180.0000003));
#3735 = CARTESIAN_POINT('',(7.,-196.0000003));
#3736 = ( GEOMETRIC_REPRESENTATION_CONTEXT(2) 
PARAMETRIC_REPRESENTATION_CONTEXT() REPRESENTATION_CONTEXT('2D SPACE',''
  ) );
#3737 = PCURVE('',#232,#3738);
#3738 = DEFINITIONAL_REPRESENTATION('',(#3739),#3742);
#3739 = B_SPLINE_CURVE_WITH_KNOTS('',1,(#3740,#3741),.UNSPECIFIED.,.F.,
  .F.,(2,2),(82.00000015,98.00000015),.PIECEWISE_BEZIER_KNOTS.);
#3740 = CARTESIAN_POINT('',(16.,1.));
#3741 = CARTESIAN_POINT('',(0.,1.));
#3742 = ( GEOMETRIC_REPRESENTATION_CONTEXT(2) 
PARAMETRIC_REPRESENTATION_CONTEXT() REPRESENTATION_CONTEXT('2D SPACE',''
  ) );
#3743 = ORIENTED_EDGE('',*,*,#3744,.F.);
#3744 = EDGE_CURVE('',#3745,#3724,#3747,.T.);
#3745 = VERTEX_POINT('',#3746);
#3746 = CARTESIAN_POINT('',(-83.,-80.,20.));
#3747 = SURFACE_CURVE('',#3748,(#3752,#3758),.PCURVE_S1.);
#3748 = LINE('',#3749,#3750);
#3749 = CARTESIAN_POINT('',(-83.,-82.,20.));
#3750 = VECTOR('',#3751,1.);
#3751 = DIRECTION('',(1.110223024625E-16,1.,-0.));
#3752 = PCURVE('',#259,#3753);
#3753 = DEFINITIONAL_REPRESENTATION('',(#3754),#3757);
#3754 = B_SPLINE_CURVE_WITH_KNOTS('',1,(#3755,#3756),.UNSPECIFIED.,.F.,
  .F.,(2,2),(2.,5.),.PIECEWISE_BEZIER_KNOTS.);
#3755 = CARTESIAN_POINT('',(4.,-180.0000003));
#3756 = CARTESIAN_POINT('',(7.,-180.0000003));
#3757 = ( GEOMETRIC_REPRESENTATION_CONTEXT(2) 
PARAMETRIC_REPRESENTATION_CONTEXT() REPRESENTATION_CONTEXT('2D SPACE',''
  ) );
#3758 = PCURVE('',#3759,#3764);
#3759 = PLANE('',#3760);
#3760 = AXIS2_PLACEMENT_3D('',#3761,#3762,#3763);
#3761 = CARTESIAN_POINT('',(-84.,-80.,20.));
#3762 = DIRECTION('',(0.,0.,1.));
#3763 = DIRECTION('',(1.,0.,0.));
#3764 = DEFINITIONAL_REPRESENTATION('',(#3765),#3768);
#3765 = B_SPLINE_CURVE_WITH_KNOTS('',1,(#3766,#3767),.UNSPECIFIED.,.F.,
  .F.,(2,2),(2.,5.),.PIECEWISE_BEZIER_KNOTS.);
#3766 = CARTESIAN_POINT('',(1.,0.));
#3767 = CARTESIAN_POINT('',(1.,3.));
#3768 = ( GEOMETRIC_REPRESENTATION_CONTEXT(2) 
PARAMETRIC_REPRESENTATION_CONTEXT() REPRESENTATION_CONTEXT('2D SPACE',''
  ) );
#3769 = ORIENTED_EDGE('',*,*,#3770,.T.);
#3770 = EDGE_CURVE('',#3745,#1572,#3771,.T.);
#3771 = SURFACE_CURVE('',#3772,(#3776,#3782),.PCURVE_S1.);
#3772 = LINE('',#3773,#3774);
#3773 = CARTESIAN_POINT('',(-83.,-80.,100.00000015));
#3774 = VECTOR('',#3775,1.);
#3775 = DIRECTION('',(0.,0.,-1.));
#3776 = PCURVE('',#259,#3777);
#3777 = DEFINITIONAL_REPRESENTATION('',(#3778),#3781);
#3778 = B_SPLINE_CURVE_WITH_KNOTS('',1,(#3779,#3780),.UNSPECIFIED.,.F.,
  .F.,(2,2),(80.00000015,100.00000015),.PIECEWISE_BEZIER_KNOTS.);
#3779 = CARTESIAN_POINT('',(4.,-180.0000003));
#3780 = CARTESIAN_POINT('',(4.,-200.0000003));
#3781 = ( GEOMETRIC_REPRESENTATION_CONTEXT(2) 
PARAMETRIC_REPRESENTATION_CONTEXT() REPRESENTATION_CONTEXT('2D SPACE',''
  ) );
#3782 = PCURVE('',#1493,#3783);
#3783 = DEFINITIONAL_REPRESENTATION('',(#3784),#3787);
#3784 = B_SPLINE_CURVE_WITH_KNOTS('',1,(#3785,#3786),.UNSPECIFIED.,.F.,
  .F.,(2,2),(80.00000015,100.00000015),.PIECEWISE_BEZIER_KNOTS.);
#3785 = CARTESIAN_POINT('',(20.,7.));
#3786 = CARTESIAN_POINT('',(0.,7.));
#3787 = ( GEOMETRIC_REPRESENTATION_CONTEXT(2) 
PARAMETRIC_REPRESENTATION_CONTEXT() REPRESENTATION_CONTEXT('2D SPACE',''
  ) );
#3788 = ORIENTED_EDGE('',*,*,#1594,.T.);
#3789 = ADVANCED_FACE('',(#3790),#232,.T.);
#3790 = FACE_BOUND('',#3791,.T.);
#3791 = EDGE_LOOP('',(#3792,#3793,#3816,#3837));
#3792 = ORIENTED_EDGE('',*,*,#216,.F.);
#3793 = ORIENTED_EDGE('',*,*,#3794,.T.);
#3794 = EDGE_CURVE('',#189,#3795,#3797,.T.);
#3795 = VERTEX_POINT('',#3796);
#3796 = CARTESIAN_POINT('',(-84.,-77.,20.));
#3797 = SURFACE_CURVE('',#3798,(#3802,#3809),.PCURVE_S1.);
#3798 = LINE('',#3799,#3800);
#3799 = CARTESIAN_POINT('',(-84.,-77.,4.));
#3800 = VECTOR('',#3801,1.);
#3801 = DIRECTION('',(0.,0.,1.));
#3802 = PCURVE('',#232,#3803);
#3803 = DEFINITIONAL_REPRESENTATION('',(#3804),#3808);
#3804 = LINE('',#3805,#3806);
#3805 = CARTESIAN_POINT('',(0.,0.));
#3806 = VECTOR('',#3807,1.);
#3807 = DIRECTION('',(1.,0.));
#3808 = ( GEOMETRIC_REPRESENTATION_CONTEXT(2) 
PARAMETRIC_REPRESENTATION_CONTEXT() REPRESENTATION_CONTEXT('2D SPACE',''
  ) );
#3809 = PCURVE('',#204,#3810);
#3810 = DEFINITIONAL_REPRESENTATION('',(#3811),#3815);
#3811 = LINE('',#3812,#3813);
#3812 = CARTESIAN_POINT('',(0.,-3.));
#3813 = VECTOR('',#3814,1.);
#3814 = DIRECTION('',(1.,0.));
#3815 = ( GEOMETRIC_REPRESENTATION_CONTEXT(2) 
PARAMETRIC_REPRESENTATION_CONTEXT() REPRESENTATION_CONTEXT('2D SPACE',''
  ) );
#3816 = ORIENTED_EDGE('',*,*,#3817,.T.);
#3817 = EDGE_CURVE('',#3795,#3724,#3818,.T.);
#3818 = SURFACE_CURVE('',#3819,(#3823,#3830),.PCURVE_S1.);
#3819 = LINE('',#3820,#3821);
#3820 = CARTESIAN_POINT('',(-84.,-77.,20.));
#3821 = VECTOR('',#3822,1.);
#3822 = DIRECTION('',(1.,0.,0.));
#3823 = PCURVE('',#232,#3824);
#3824 = DEFINITIONAL_REPRESENTATION('',(#3825),#3829);
#3825 = LINE('',#3826,#3827);
#3826 = CARTESIAN_POINT('',(16.,0.));
#3827 = VECTOR('',#3828,1.);
#3828 = DIRECTION('',(0.,1.));
#3829 = ( GEOMETRIC_REPRESENTATION_CONTEXT(2) 
PARAMETRIC_REPRESENTATION_CONTEXT() REPRESENTATION_CONTEXT('2D SPACE',''
  ) );
#3830 = PCURVE('',#3759,#3831);
#3831 = DEFINITIONAL_REPRESENTATION('',(#3832),#3836);
#3832 = LINE('',#3833,#3834);
#3833 = CARTESIAN_POINT('',(0.,3.));
#3834 = VECTOR('',#3835,1.);
#3835 = DIRECTION('',(1.,0.));
#3836 = ( GEOMETRIC_REPRESENTATION_CONTEXT(2) 
PARAMETRIC_REPRESENTATION_CONTEXT() REPRESENTATION_CONTEXT('2D SPACE',''
  ) );
#3837 = ORIENTED_EDGE('',*,*,#3723,.T.);
#3838 = ADVANCED_FACE('',(#3839),#204,.F.);
#3839 = FACE_BOUND('',#3840,.F.);
#3840 = EDGE_LOOP('',(#3841,#3864,#3865,#3866));
#3841 = ORIENTED_EDGE('',*,*,#3842,.F.);
#3842 = EDGE_CURVE('',#165,#3843,#3845,.T.);
#3843 = VERTEX_POINT('',#3844);
#3844 = CARTESIAN_POINT('',(-84.,-80.,20.));
#3845 = SURFACE_CURVE('',#3846,(#3850,#3857),.PCURVE_S1.);
#3846 = LINE('',#3847,#3848);
#3847 = CARTESIAN_POINT('',(-84.,-80.,4.));
#3848 = VECTOR('',#3849,1.);
#3849 = DIRECTION('',(0.,0.,1.));
#3850 = PCURVE('',#204,#3851);
#3851 = DEFINITIONAL_REPRESENTATION('',(#3852),#3856);
#3852 = LINE('',#3853,#3854);
#3853 = CARTESIAN_POINT('',(0.,0.));
#3854 = VECTOR('',#3855,1.);
#3855 = DIRECTION('',(1.,0.));
#3856 = ( GEOMETRIC_REPRESENTATION_CONTEXT(2) 
PARAMETRIC_REPRESENTATION_CONTEXT() REPRESENTATION_CONTEXT('2D SPACE',''
  ) );
#3857 = PCURVE('',#1493,#3858);
#3858 = DEFINITIONAL_REPRESENTATION('',(#3859),#3863);
#3859 = LINE('',#3860,#3861);
#3860 = CARTESIAN_POINT('',(4.,6.));
#3861 = VECTOR('',#3862,1.);
#3862 = DIRECTION('',(1.,0.));
#3863 = ( GEOMETRIC_REPRESENTATION_CONTEXT(2) 
PARAMETRIC_REPRESENTATION_CONTEXT() REPRESENTATION_CONTEXT('2D SPACE',''
  ) );
#3864 = ORIENTED_EDGE('',*,*,#188,.T.);
#3865 = ORIENTED_EDGE('',*,*,#3794,.T.);
#3866 = ORIENTED_EDGE('',*,*,#3867,.F.);
#3867 = EDGE_CURVE('',#3843,#3795,#3868,.T.);
#3868 = SURFACE_CURVE('',#3869,(#3873,#3880),.PCURVE_S1.);
#3869 = LINE('',#3870,#3871);
#3870 = CARTESIAN_POINT('',(-84.,-80.,20.));
#3871 = VECTOR('',#3872,1.);
#3872 = DIRECTION('',(0.,1.,0.));
#3873 = PCURVE('',#204,#3874);
#3874 = DEFINITIONAL_REPRESENTATION('',(#3875),#3879);
#3875 = LINE('',#3876,#3877);
#3876 = CARTESIAN_POINT('',(16.,0.));
#3877 = VECTOR('',#3878,1.);
#3878 = DIRECTION('',(0.,-1.));
#3879 = ( GEOMETRIC_REPRESENTATION_CONTEXT(2) 
PARAMETRIC_REPRESENTATION_CONTEXT() REPRESENTATION_CONTEXT('2D SPACE',''
  ) );
#3880 = PCURVE('',#3759,#3881);
#3881 = DEFINITIONAL_REPRESENTATION('',(#3882),#3886);
#3882 = LINE('',#3883,#3884);
#3883 = CARTESIAN_POINT('',(0.,0.));
#3884 = VECTOR('',#3885,1.);
#3885 = DIRECTION('',(0.,1.));
#3886 = ( GEOMETRIC_REPRESENTATION_CONTEXT(2) 
PARAMETRIC_REPRESENTATION_CONTEXT() REPRESENTATION_CONTEXT('2D SPACE',''
  ) );
#3887 = ADVANCED_FACE('',(#3888),#1025,.F.);
#3888 = FACE_BOUND('',#3889,.T.);
#3889 = EDGE_LOOP('',(#3890,#3891,#3912,#3913));
#3890 = ORIENTED_EDGE('',*,*,#1006,.T.);
#3891 = ORIENTED_EDGE('',*,*,#3892,.T.);
#3892 = EDGE_CURVE('',#1009,#2168,#3893,.T.);
#3893 = SURFACE_CURVE('',#3894,(#3898,#3905),.PCURVE_S1.);
#3894 = LINE('',#3895,#3896);
#3895 = CARTESIAN_POINT('',(-79.,-38.,200.0000003));
#3896 = VECTOR('',#3897,1.);
#3897 = DIRECTION('',(0.,0.,-1.));
#3898 = PCURVE('',#1025,#3899);
#3899 = DEFINITIONAL_REPRESENTATION('',(#3900),#3904);
#3900 = LINE('',#3901,#3902);
#3901 = CARTESIAN_POINT('',(-0.,0.));
#3902 = VECTOR('',#3903,1.);
#3903 = DIRECTION('',(-0.,-1.));
#3904 = ( GEOMETRIC_REPRESENTATION_CONTEXT(2) 
PARAMETRIC_REPRESENTATION_CONTEXT() REPRESENTATION_CONTEXT('2D SPACE',''
  ) );
#3905 = PCURVE('',#1105,#3906);
#3906 = DEFINITIONAL_REPRESENTATION('',(#3907),#3911);
#3907 = LINE('',#3908,#3909);
#3908 = CARTESIAN_POINT('',(30.,0.));
#3909 = VECTOR('',#3910,1.);
#3910 = DIRECTION('',(0.,-1.));
#3911 = ( GEOMETRIC_REPRESENTATION_CONTEXT(2) 
PARAMETRIC_REPRESENTATION_CONTEXT() REPRESENTATION_CONTEXT('2D SPACE',''
  ) );
#3912 = ORIENTED_EDGE('',*,*,#2165,.F.);
#3913 = ORIENTED_EDGE('',*,*,#3914,.F.);
#3914 = EDGE_CURVE('',#1007,#2166,#3915,.T.);
#3915 = SURFACE_CURVE('',#3916,(#3920,#3927),.PCURVE_S1.);
#3916 = LINE('',#3917,#3918);
#3917 = CARTESIAN_POINT('',(-83.,-38.,200.0000003));
#3918 = VECTOR('',#3919,1.);
#3919 = DIRECTION('',(0.,0.,-1.));
#3920 = PCURVE('',#1025,#3921);
#3921 = DEFINITIONAL_REPRESENTATION('',(#3922),#3926);
#3922 = LINE('',#3923,#3924);
#3923 = CARTESIAN_POINT('',(-3.14159265359,0.));
#3924 = VECTOR('',#3925,1.);
#3925 = DIRECTION('',(-0.,-1.));
#3926 = ( GEOMETRIC_REPRESENTATION_CONTEXT(2) 
PARAMETRIC_REPRESENTATION_CONTEXT() REPRESENTATION_CONTEXT('2D SPACE',''
  ) );
#3927 = PCURVE('',#1052,#3928);
#3928 = DEFINITIONAL_REPRESENTATION('',(#3929),#3933);
#3929 = LINE('',#3930,#3931);
#3930 = CARTESIAN_POINT('',(0.,0.));
#3931 = VECTOR('',#3932,1.);
#3932 = DIRECTION('',(0.,-1.));
#3933 = ( GEOMETRIC_REPRESENTATION_CONTEXT(2) 
PARAMETRIC_REPRESENTATION_CONTEXT() REPRESENTATION_CONTEXT('2D SPACE',''
  ) );
#3934 = ADVANCED_FACE('',(#3935),#1052,.T.);
#3935 = FACE_BOUND('',#3936,.T.);
#3936 = EDGE_LOOP('',(#3937,#3938,#3939,#3940));
#3937 = ORIENTED_EDGE('',*,*,#1037,.F.);
#3938 = ORIENTED_EDGE('',*,*,#3914,.T.);
#3939 = ORIENTED_EDGE('',*,*,#2191,.T.);
#3940 = ORIENTED_EDGE('',*,*,#3941,.F.);
#3941 = EDGE_CURVE('',#1038,#2192,#3942,.T.);
#3942 = SURFACE_CURVE('',#3943,(#3947,#3954),.PCURVE_S1.);
#3943 = LINE('',#3944,#3945);
#3944 = CARTESIAN_POINT('',(-83.,-8.,200.0000003));
#3945 = VECTOR('',#3946,1.);
#3946 = DIRECTION('',(0.,0.,-1.));
#3947 = PCURVE('',#1052,#3948);
#3948 = DEFINITIONAL_REPRESENTATION('',(#3949),#3953);
#3949 = LINE('',#3950,#3951);
#3950 = CARTESIAN_POINT('',(30.,0.));
#3951 = VECTOR('',#3952,1.);
#3952 = DIRECTION('',(0.,-1.));
#3953 = ( GEOMETRIC_REPRESENTATION_CONTEXT(2) 
PARAMETRIC_REPRESENTATION_CONTEXT() REPRESENTATION_CONTEXT('2D SPACE',''
  ) );
#3954 = PCURVE('',#1080,#3955);
#3955 = DEFINITIONAL_REPRESENTATION('',(#3956),#3960);
#3956 = LINE('',#3957,#3958);
#3957 = CARTESIAN_POINT('',(-0.,0.));
#3958 = VECTOR('',#3959,1.);
#3959 = DIRECTION('',(-0.,-1.));
#3960 = ( GEOMETRIC_REPRESENTATION_CONTEXT(2) 
PARAMETRIC_REPRESENTATION_CONTEXT() REPRESENTATION_CONTEXT('2D SPACE',''
  ) );
#3961 = ADVANCED_FACE('',(#3962),#1105,.T.);
#3962 = FACE_BOUND('',#3963,.T.);
#3963 = EDGE_LOOP('',(#3964,#3965,#3986,#3987));
#3964 = ORIENTED_EDGE('',*,*,#1092,.F.);
#3965 = ORIENTED_EDGE('',*,*,#3966,.T.);
#3966 = EDGE_CURVE('',#1064,#2213,#3967,.T.);
#3967 = SURFACE_CURVE('',#3968,(#3972,#3979),.PCURVE_S1.);
#3968 = LINE('',#3969,#3970);
#3969 = CARTESIAN_POINT('',(-79.,-8.,200.0000003));
#3970 = VECTOR('',#3971,1.);
#3971 = DIRECTION('',(0.,0.,-1.));
#3972 = PCURVE('',#1105,#3973);
#3973 = DEFINITIONAL_REPRESENTATION('',(#3974),#3978);
#3974 = LINE('',#3975,#3976);
#3975 = CARTESIAN_POINT('',(0.,0.));
#3976 = VECTOR('',#3977,1.);
#3977 = DIRECTION('',(0.,-1.));
#3978 = ( GEOMETRIC_REPRESENTATION_CONTEXT(2) 
PARAMETRIC_REPRESENTATION_CONTEXT() REPRESENTATION_CONTEXT('2D SPACE',''
  ) );
#3979 = PCURVE('',#1080,#3980);
#3980 = DEFINITIONAL_REPRESENTATION('',(#3981),#3985);
#3981 = LINE('',#3982,#3983);
#3982 = CARTESIAN_POINT('',(-3.14159265359,0.));
#3983 = VECTOR('',#3984,1.);
#3984 = DIRECTION('',(-0.,-1.));
#3985 = ( GEOMETRIC_REPRESENTATION_CONTEXT(2) 
PARAMETRIC_REPRESENTATION_CONTEXT() REPRESENTATION_CONTEXT('2D SPACE',''
  ) );
#3986 = ORIENTED_EDGE('',*,*,#2236,.T.);
#3987 = ORIENTED_EDGE('',*,*,#3892,.F.);
#3988 = ADVANCED_FACE('',(#3989),#1080,.F.);
#3989 = FACE_BOUND('',#3990,.T.);
#3990 = EDGE_LOOP('',(#3991,#3992,#3993,#3994));
#3991 = ORIENTED_EDGE('',*,*,#1063,.T.);
#3992 = ORIENTED_EDGE('',*,*,#3941,.T.);
#3993 = ORIENTED_EDGE('',*,*,#2212,.F.);
#3994 = ORIENTED_EDGE('',*,*,#3966,.F.);
#3995 = ADVANCED_FACE('',(#3996),#1137,.F.);
#3996 = FACE_BOUND('',#3997,.T.);
#3997 = EDGE_LOOP('',(#3998,#3999,#4020,#4021));
#3998 = ORIENTED_EDGE('',*,*,#1118,.T.);
#3999 = ORIENTED_EDGE('',*,*,#4000,.T.);
#4000 = EDGE_CURVE('',#1121,#2260,#4001,.T.);
#4001 = SURFACE_CURVE('',#4002,(#4006,#4013),.PCURVE_S1.);
#4002 = LINE('',#4003,#4004);
#4003 = CARTESIAN_POINT('',(83.,-38.,200.0000003));
#4004 = VECTOR('',#4005,1.);
#4005 = DIRECTION('',(0.,0.,-1.));
#4006 = PCURVE('',#1137,#4007);
#4007 = DEFINITIONAL_REPRESENTATION('',(#4008),#4012);
#4008 = LINE('',#4009,#4010);
#4009 = CARTESIAN_POINT('',(-0.,0.));
#4010 = VECTOR('',#4011,1.);
#4011 = DIRECTION('',(-0.,-1.));
#4012 = ( GEOMETRIC_REPRESENTATION_CONTEXT(2) 
PARAMETRIC_REPRESENTATION_CONTEXT() REPRESENTATION_CONTEXT('2D SPACE',''
  ) );
#4013 = PCURVE('',#1217,#4014);
#4014 = DEFINITIONAL_REPRESENTATION('',(#4015),#4019);
#4015 = LINE('',#4016,#4017);
#4016 = CARTESIAN_POINT('',(30.,0.));
#4017 = VECTOR('',#4018,1.);
#4018 = DIRECTION('',(0.,-1.));
#4019 = ( GEOMETRIC_REPRESENTATION_CONTEXT(2) 
PARAMETRIC_REPRESENTATION_CONTEXT() REPRESENTATION_CONTEXT('2D SPACE',''
  ) );
#4020 = ORIENTED_EDGE('',*,*,#2257,.F.);
#4021 = ORIENTED_EDGE('',*,*,#4022,.F.);
#4022 = EDGE_CURVE('',#1119,#2258,#4023,.T.);
#4023 = SURFACE_CURVE('',#4024,(#4028,#4035),.PCURVE_S1.);
#4024 = LINE('',#4025,#4026);
#4025 = CARTESIAN_POINT('',(79.,-38.,200.0000003));
#4026 = VECTOR('',#4027,1.);
#4027 = DIRECTION('',(0.,0.,-1.));
#4028 = PCURVE('',#1137,#4029);
#4029 = DEFINITIONAL_REPRESENTATION('',(#4030),#4034);
#4030 = LINE('',#4031,#4032);
#4031 = CARTESIAN_POINT('',(-3.14159265359,0.));
#4032 = VECTOR('',#4033,1.);
#4033 = DIRECTION('',(-0.,-1.));
#4034 = ( GEOMETRIC_REPRESENTATION_CONTEXT(2) 
PARAMETRIC_REPRESENTATION_CONTEXT() REPRESENTATION_CONTEXT('2D SPACE',''
  ) );
#4035 = PCURVE('',#1164,#4036);
#4036 = DEFINITIONAL_REPRESENTATION('',(#4037),#4041);
#4037 = LINE('',#4038,#4039);
#4038 = CARTESIAN_POINT('',(0.,0.));
#4039 = VECTOR('',#4040,1.);
#4040 = DIRECTION('',(0.,-1.));
#4041 = ( GEOMETRIC_REPRESENTATION_CONTEXT(2) 
PARAMETRIC_REPRESENTATION_CONTEXT() REPRESENTATION_CONTEXT('2D SPACE',''
  ) );
#4042 = ADVANCED_FACE('',(#4043),#1164,.T.);
#4043 = FACE_BOUND('',#4044,.T.);
#4044 = EDGE_LOOP('',(#4045,#4046,#4047,#4048));
#4045 = ORIENTED_EDGE('',*,*,#1149,.F.);
#4046 = ORIENTED_EDGE('',*,*,#4022,.T.);
#4047 = ORIENTED_EDGE('',*,*,#2283,.T.);
#4048 = ORIENTED_EDGE('',*,*,#4049,.F.);
#4049 = EDGE_CURVE('',#1150,#2284,#4050,.T.);
#4050 = SURFACE_CURVE('',#4051,(#4055,#4062),.PCURVE_S1.);
#4051 = LINE('',#4052,#4053);
#4052 = CARTESIAN_POINT('',(79.,-8.,200.0000003));
#4053 = VECTOR('',#4054,1.);
#4054 = DIRECTION('',(0.,0.,-1.));
#4055 = PCURVE('',#1164,#4056);
#4056 = DEFINITIONAL_REPRESENTATION('',(#4057),#4061);
#4057 = LINE('',#4058,#4059);
#4058 = CARTESIAN_POINT('',(30.,0.));
#4059 = VECTOR('',#4060,1.);
#4060 = DIRECTION('',(0.,-1.));
#4061 = ( GEOMETRIC_REPRESENTATION_CONTEXT(2) 
PARAMETRIC_REPRESENTATION_CONTEXT() REPRESENTATION_CONTEXT('2D SPACE',''
  ) );
#4062 = PCURVE('',#1192,#4063);
#4063 = DEFINITIONAL_REPRESENTATION('',(#4064),#4068);
#4064 = LINE('',#4065,#4066);
#4065 = CARTESIAN_POINT('',(-0.,0.));
#4066 = VECTOR('',#4067,1.);
#4067 = DIRECTION('',(-0.,-1.));
#4068 = ( GEOMETRIC_REPRESENTATION_CONTEXT(2) 
PARAMETRIC_REPRESENTATION_CONTEXT() REPRESENTATION_CONTEXT('2D SPACE',''
  ) );
#4069 = ADVANCED_FACE('',(#4070),#1217,.T.);
#4070 = FACE_BOUND('',#4071,.T.);
#4071 = EDGE_LOOP('',(#4072,#4073,#4094,#4095));
#4072 = ORIENTED_EDGE('',*,*,#1204,.F.);
#4073 = ORIENTED_EDGE('',*,*,#4074,.T.);
#4074 = EDGE_CURVE('',#1176,#2305,#4075,.T.);
#4075 = SURFACE_CURVE('',#4076,(#4080,#4087),.PCURVE_S1.);
#4076 = LINE('',#4077,#4078);
#4077 = CARTESIAN_POINT('',(83.,-8.,200.0000003));
#4078 = VECTOR('',#4079,1.);
#4079 = DIRECTION('',(0.,0.,-1.));
#4080 = PCURVE('',#1217,#4081);
#4081 = DEFINITIONAL_REPRESENTATION('',(#4082),#4086);
#4082 = LINE('',#4083,#4084);
#4083 = CARTESIAN_POINT('',(0.,0.));
#4084 = VECTOR('',#4085,1.);
#4085 = DIRECTION('',(0.,-1.));
#4086 = ( GEOMETRIC_REPRESENTATION_CONTEXT(2) 
PARAMETRIC_REPRESENTATION_CONTEXT() REPRESENTATION_CONTEXT('2D SPACE',''
  ) );
#4087 = PCURVE('',#1192,#4088);
#4088 = DEFINITIONAL_REPRESENTATION('',(#4089),#4093);
#4089 = LINE('',#4090,#4091);
#4090 = CARTESIAN_POINT('',(-3.14159265359,0.));
#4091 = VECTOR('',#4092,1.);
#4092 = DIRECTION('',(-0.,-1.));
#4093 = ( GEOMETRIC_REPRESENTATION_CONTEXT(2) 
PARAMETRIC_REPRESENTATION_CONTEXT() REPRESENTATION_CONTEXT('2D SPACE',''
  ) );
#4094 = ORIENTED_EDGE('',*,*,#2328,.T.);
#4095 = ORIENTED_EDGE('',*,*,#4000,.F.);
#4096 = ADVANCED_FACE('',(#4097),#1192,.F.);
#4097 = FACE_BOUND('',#4098,.T.);
#4098 = EDGE_LOOP('',(#4099,#4100,#4101,#4102));
#4099 = ORIENTED_EDGE('',*,*,#1175,.T.);
#4100 = ORIENTED_EDGE('',*,*,#4049,.T.);
#4101 = ORIENTED_EDGE('',*,*,#2304,.F.);
#4102 = ORIENTED_EDGE('',*,*,#4074,.F.);
#4103 = ADVANCED_FACE('',(#4104),#1249,.F.);
#4104 = FACE_BOUND('',#4105,.T.);
#4105 = EDGE_LOOP('',(#4106,#4107,#4128,#4129));
#4106 = ORIENTED_EDGE('',*,*,#1230,.T.);
#4107 = ORIENTED_EDGE('',*,*,#4108,.T.);
#4108 = EDGE_CURVE('',#1233,#2352,#4109,.T.);
#4109 = SURFACE_CURVE('',#4110,(#4114,#4121),.PCURVE_S1.);
#4110 = LINE('',#4111,#4112);
#4111 = CARTESIAN_POINT('',(-79.,8.,200.0000003));
#4112 = VECTOR('',#4113,1.);
#4113 = DIRECTION('',(0.,0.,-1.));
#4114 = PCURVE('',#1249,#4115);
#4115 = DEFINITIONAL_REPRESENTATION('',(#4116),#4120);
#4116 = LINE('',#4117,#4118);
#4117 = CARTESIAN_POINT('',(-0.,0.));
#4118 = VECTOR('',#4119,1.);
#4119 = DIRECTION('',(-0.,-1.));
#4120 = ( GEOMETRIC_REPRESENTATION_CONTEXT(2) 
PARAMETRIC_REPRESENTATION_CONTEXT() REPRESENTATION_CONTEXT('2D SPACE',''
  ) );
#4121 = PCURVE('',#1329,#4122);
#4122 = DEFINITIONAL_REPRESENTATION('',(#4123),#4127);
#4123 = LINE('',#4124,#4125);
#4124 = CARTESIAN_POINT('',(30.,0.));
#4125 = VECTOR('',#4126,1.);
#4126 = DIRECTION('',(0.,-1.));
#4127 = ( GEOMETRIC_REPRESENTATION_CONTEXT(2) 
PARAMETRIC_REPRESENTATION_CONTEXT() REPRESENTATION_CONTEXT('2D SPACE',''
  ) );
#4128 = ORIENTED_EDGE('',*,*,#2349,.F.);
#4129 = ORIENTED_EDGE('',*,*,#4130,.F.);
#4130 = EDGE_CURVE('',#1231,#2350,#4131,.T.);
#4131 = SURFACE_CURVE('',#4132,(#4136,#4143),.PCURVE_S1.);
#4132 = LINE('',#4133,#4134);
#4133 = CARTESIAN_POINT('',(-83.,8.,200.0000003));
#4134 = VECTOR('',#4135,1.);
#4135 = DIRECTION('',(0.,0.,-1.));
#4136 = PCURVE('',#1249,#4137);
#4137 = DEFINITIONAL_REPRESENTATION('',(#4138),#4142);
#4138 = LINE('',#4139,#4140);
#4139 = CARTESIAN_POINT('',(-3.14159265359,0.));
#4140 = VECTOR('',#4141,1.);
#4141 = DIRECTION('',(-0.,-1.));
#4142 = ( GEOMETRIC_REPRESENTATION_CONTEXT(2) 
PARAMETRIC_REPRESENTATION_CONTEXT() REPRESENTATION_CONTEXT('2D SPACE',''
  ) );
#4143 = PCURVE('',#1276,#4144);
#4144 = DEFINITIONAL_REPRESENTATION('',(#4145),#4149);
#4145 = LINE('',#4146,#4147);
#4146 = CARTESIAN_POINT('',(0.,0.));
#4147 = VECTOR('',#4148,1.);
#4148 = DIRECTION('',(0.,-1.));
#4149 = ( GEOMETRIC_REPRESENTATION_CONTEXT(2) 
PARAMETRIC_REPRESENTATION_CONTEXT() REPRESENTATION_CONTEXT('2D SPACE',''
  ) );
#4150 = ADVANCED_FACE('',(#4151),#1276,.T.);
#4151 = FACE_BOUND('',#4152,.T.);
#4152 = EDGE_LOOP('',(#4153,#4154,#4155,#4156));
#4153 = ORIENTED_EDGE('',*,*,#1261,.F.);
#4154 = ORIENTED_EDGE('',*,*,#4130,.T.);
#4155 = ORIENTED_EDGE('',*,*,#2375,.T.);
#4156 = ORIENTED_EDGE('',*,*,#4157,.F.);
#4157 = EDGE_CURVE('',#1262,#2376,#4158,.T.);
#4158 = SURFACE_CURVE('',#4159,(#4163,#4170),.PCURVE_S1.);
#4159 = LINE('',#4160,#4161);
#4160 = CARTESIAN_POINT('',(-83.,38.,200.0000003));
#4161 = VECTOR('',#4162,1.);
#4162 = DIRECTION('',(0.,0.,-1.));
#4163 = PCURVE('',#1276,#4164);
#4164 = DEFINITIONAL_REPRESENTATION('',(#4165),#4169);
#4165 = LINE('',#4166,#4167);
#4166 = CARTESIAN_POINT('',(30.,0.));
#4167 = VECTOR('',#4168,1.);
#4168 = DIRECTION('',(0.,-1.));
#4169 = ( GEOMETRIC_REPRESENTATION_CONTEXT(2) 
PARAMETRIC_REPRESENTATION_CONTEXT() REPRESENTATION_CONTEXT('2D SPACE',''
  ) );
#4170 = PCURVE('',#1304,#4171);
#4171 = DEFINITIONAL_REPRESENTATION('',(#4172),#4176);
#4172 = LINE('',#4173,#4174);
#4173 = CARTESIAN_POINT('',(-0.,0.));
#4174 = VECTOR('',#4175,1.);
#4175 = DIRECTION('',(-0.,-1.));
#4176 = ( GEOMETRIC_REPRESENTATION_CONTEXT(2) 
PARAMETRIC_REPRESENTATION_CONTEXT() REPRESENTATION_CONTEXT('2D SPACE',''
  ) );
#4177 = ADVANCED_FACE('',(#4178),#1329,.T.);
#4178 = FACE_BOUND('',#4179,.T.);
#4179 = EDGE_LOOP('',(#4180,#4181,#4202,#4203));
#4180 = ORIENTED_EDGE('',*,*,#1316,.F.);
#4181 = ORIENTED_EDGE('',*,*,#4182,.T.);
#4182 = EDGE_CURVE('',#1288,#2397,#4183,.T.);
#4183 = SURFACE_CURVE('',#4184,(#4188,#4195),.PCURVE_S1.);
#4184 = LINE('',#4185,#4186);
#4185 = CARTESIAN_POINT('',(-79.,38.,200.0000003));
#4186 = VECTOR('',#4187,1.);
#4187 = DIRECTION('',(0.,0.,-1.));
#4188 = PCURVE('',#1329,#4189);
#4189 = DEFINITIONAL_REPRESENTATION('',(#4190),#4194);
#4190 = LINE('',#4191,#4192);
#4191 = CARTESIAN_POINT('',(0.,0.));
#4192 = VECTOR('',#4193,1.);
#4193 = DIRECTION('',(0.,-1.));
#4194 = ( GEOMETRIC_REPRESENTATION_CONTEXT(2) 
PARAMETRIC_REPRESENTATION_CONTEXT() REPRESENTATION_CONTEXT('2D SPACE',''
  ) );
#4195 = PCURVE('',#1304,#4196);
#4196 = DEFINITIONAL_REPRESENTATION('',(#4197),#4201);
#4197 = LINE('',#4198,#4199);
#4198 = CARTESIAN_POINT('',(-3.14159265359,0.));
#4199 = VECTOR('',#4200,1.);
#4200 = DIRECTION('',(-0.,-1.));
#4201 = ( GEOMETRIC_REPRESENTATION_CONTEXT(2) 
PARAMETRIC_REPRESENTATION_CONTEXT() REPRESENTATION_CONTEXT('2D SPACE',''
  ) );
#4202 = ORIENTED_EDGE('',*,*,#2420,.T.);
#4203 = ORIENTED_EDGE('',*,*,#4108,.F.);
#4204 = ADVANCED_FACE('',(#4205),#1304,.F.);
#4205 = FACE_BOUND('',#4206,.T.);
#4206 = EDGE_LOOP('',(#4207,#4208,#4209,#4210));
#4207 = ORIENTED_EDGE('',*,*,#1287,.T.);
#4208 = ORIENTED_EDGE('',*,*,#4157,.T.);
#4209 = ORIENTED_EDGE('',*,*,#2396,.F.);
#4210 = ORIENTED_EDGE('',*,*,#4182,.F.);
#4211 = ADVANCED_FACE('',(#4212),#1361,.F.);
#4212 = FACE_BOUND('',#4213,.T.);
#4213 = EDGE_LOOP('',(#4214,#4215,#4236,#4237));
#4214 = ORIENTED_EDGE('',*,*,#1342,.T.);
#4215 = ORIENTED_EDGE('',*,*,#4216,.T.);
#4216 = EDGE_CURVE('',#1345,#2444,#4217,.T.);
#4217 = SURFACE_CURVE('',#4218,(#4222,#4229),.PCURVE_S1.);
#4218 = LINE('',#4219,#4220);
#4219 = CARTESIAN_POINT('',(83.,8.,200.0000003));
#4220 = VECTOR('',#4221,1.);
#4221 = DIRECTION('',(0.,0.,-1.));
#4222 = PCURVE('',#1361,#4223);
#4223 = DEFINITIONAL_REPRESENTATION('',(#4224),#4228);
#4224 = LINE('',#4225,#4226);
#4225 = CARTESIAN_POINT('',(-0.,0.));
#4226 = VECTOR('',#4227,1.);
#4227 = DIRECTION('',(-0.,-1.));
#4228 = ( GEOMETRIC_REPRESENTATION_CONTEXT(2) 
PARAMETRIC_REPRESENTATION_CONTEXT() REPRESENTATION_CONTEXT('2D SPACE',''
  ) );
#4229 = PCURVE('',#1441,#4230);
#4230 = DEFINITIONAL_REPRESENTATION('',(#4231),#4235);
#4231 = LINE('',#4232,#4233);
#4232 = CARTESIAN_POINT('',(30.,0.));
#4233 = VECTOR('',#4234,1.);
#4234 = DIRECTION('',(0.,-1.));
#4235 = ( GEOMETRIC_REPRESENTATION_CONTEXT(2) 
PARAMETRIC_REPRESENTATION_CONTEXT() REPRESENTATION_CONTEXT('2D SPACE',''
  ) );
#4236 = ORIENTED_EDGE('',*,*,#2441,.F.);
#4237 = ORIENTED_EDGE('',*,*,#4238,.F.);
#4238 = EDGE_CURVE('',#1343,#2442,#4239,.T.);
#4239 = SURFACE_CURVE('',#4240,(#4244,#4251),.PCURVE_S1.);
#4240 = LINE('',#4241,#4242);
#4241 = CARTESIAN_POINT('',(79.,8.,200.0000003));
#4242 = VECTOR('',#4243,1.);
#4243 = DIRECTION('',(0.,0.,-1.));
#4244 = PCURVE('',#1361,#4245);
#4245 = DEFINITIONAL_REPRESENTATION('',(#4246),#4250);
#4246 = LINE('',#4247,#4248);
#4247 = CARTESIAN_POINT('',(-3.14159265359,0.));
#4248 = VECTOR('',#4249,1.);
#4249 = DIRECTION('',(-0.,-1.));
#4250 = ( GEOMETRIC_REPRESENTATION_CONTEXT(2) 
PARAMETRIC_REPRESENTATION_CONTEXT() REPRESENTATION_CONTEXT('2D SPACE',''
  ) );
#4251 = PCURVE('',#1388,#4252);
#4252 = DEFINITIONAL_REPRESENTATION('',(#4253),#4257);
#4253 = LINE('',#4254,#4255);
#4254 = CARTESIAN_POINT('',(0.,0.));
#4255 = VECTOR('',#4256,1.);
#4256 = DIRECTION('',(0.,-1.));
#4257 = ( GEOMETRIC_REPRESENTATION_CONTEXT(2) 
PARAMETRIC_REPRESENTATION_CONTEXT() REPRESENTATION_CONTEXT('2D SPACE',''
  ) );
#4258 = ADVANCED_FACE('',(#4259),#1388,.T.);
#4259 = FACE_BOUND('',#4260,.T.);
#4260 = EDGE_LOOP('',(#4261,#4262,#4263,#4264));
#4261 = ORIENTED_EDGE('',*,*,#1373,.F.);
#4262 = ORIENTED_EDGE('',*,*,#4238,.T.);
#4263 = ORIENTED_EDGE('',*,*,#2467,.T.);
#4264 = ORIENTED_EDGE('',*,*,#4265,.F.);
#4265 = EDGE_CURVE('',#1374,#2468,#4266,.T.);
#4266 = SURFACE_CURVE('',#4267,(#4271,#4278),.PCURVE_S1.);
#4267 = LINE('',#4268,#4269);
#4268 = CARTESIAN_POINT('',(79.,38.,200.0000003));
#4269 = VECTOR('',#4270,1.);
#4270 = DIRECTION('',(0.,0.,-1.));
#4271 = PCURVE('',#1388,#4272);
#4272 = DEFINITIONAL_REPRESENTATION('',(#4273),#4277);
#4273 = LINE('',#4274,#4275);
#4274 = CARTESIAN_POINT('',(30.,0.));
#4275 = VECTOR('',#4276,1.);
#4276 = DIRECTION('',(0.,-1.));
#4277 = ( GEOMETRIC_REPRESENTATION_CONTEXT(2) 
PARAMETRIC_REPRESENTATION_CONTEXT() REPRESENTATION_CONTEXT('2D SPACE',''
  ) );
#4278 = PCURVE('',#1416,#4279);
#4279 = DEFINITIONAL_REPRESENTATION('',(#4280),#4284);
#4280 = LINE('',#4281,#4282);
#4281 = CARTESIAN_POINT('',(-0.,0.));
#4282 = VECTOR('',#4283,1.);
#4283 = DIRECTION('',(-0.,-1.));
#4284 = ( GEOMETRIC_REPRESENTATION_CONTEXT(2) 
PARAMETRIC_REPRESENTATION_CONTEXT() REPRESENTATION_CONTEXT('2D SPACE',''
  ) );
#4285 = ADVANCED_FACE('',(#4286),#1441,.T.);
#4286 = FACE_BOUND('',#4287,.T.);
#4287 = EDGE_LOOP('',(#4288,#4289,#4310,#4311));
#4288 = ORIENTED_EDGE('',*,*,#1428,.F.);
#4289 = ORIENTED_EDGE('',*,*,#4290,.T.);
#4290 = EDGE_CURVE('',#1400,#2489,#4291,.T.);
#4291 = SURFACE_CURVE('',#4292,(#4296,#4303),.PCURVE_S1.);
#4292 = LINE('',#4293,#4294);
#4293 = CARTESIAN_POINT('',(83.,38.,200.0000003));
#4294 = VECTOR('',#4295,1.);
#4295 = DIRECTION('',(0.,0.,-1.));
#4296 = PCURVE('',#1441,#4297);
#4297 = DEFINITIONAL_REPRESENTATION('',(#4298),#4302);
#4298 = LINE('',#4299,#4300);
#4299 = CARTESIAN_POINT('',(0.,0.));
#4300 = VECTOR('',#4301,1.);
#4301 = DIRECTION('',(0.,-1.));
#4302 = ( GEOMETRIC_REPRESENTATION_CONTEXT(2) 
PARAMETRIC_REPRESENTATION_CONTEXT() REPRESENTATION_CONTEXT('2D SPACE',''
  ) );
#4303 = PCURVE('',#1416,#4304);
#4304 = DEFINITIONAL_REPRESENTATION('',(#4305),#4309);
#4305 = LINE('',#4306,#4307);
#4306 = CARTESIAN_POINT('',(-3.14159265359,0.));
#4307 = VECTOR('',#4308,1.);
#4308 = DIRECTION('',(-0.,-1.));
#4309 = ( GEOMETRIC_REPRESENTATION_CONTEXT(2) 
PARAMETRIC_REPRESENTATION_CONTEXT() REPRESENTATION_CONTEXT('2D SPACE',''
  ) );
#4310 = ORIENTED_EDGE('',*,*,#2512,.T.);
#4311 = ORIENTED_EDGE('',*,*,#4216,.F.);
#4312 = ADVANCED_FACE('',(#4313),#1416,.F.);
#4313 = FACE_BOUND('',#4314,.T.);
#4314 = EDGE_LOOP('',(#4315,#4316,#4317,#4318));
#4315 = ORIENTED_EDGE('',*,*,#1399,.T.);
#4316 = ORIENTED_EDGE('',*,*,#4265,.T.);
#4317 = ORIENTED_EDGE('',*,*,#2488,.F.);
#4318 = ORIENTED_EDGE('',*,*,#4290,.F.);
#4319 = ADVANCED_FACE('',(#4320),#1493,.F.);
#4320 = FACE_BOUND('',#4321,.F.);
#4321 = EDGE_LOOP('',(#4322,#4323,#4324,#4325,#4346));
#4322 = ORIENTED_EDGE('',*,*,#1571,.F.);
#4323 = ORIENTED_EDGE('',*,*,#1479,.T.);
#4324 = ORIENTED_EDGE('',*,*,#3842,.T.);
#4325 = ORIENTED_EDGE('',*,*,#4326,.T.);
#4326 = EDGE_CURVE('',#3843,#3745,#4327,.T.);
#4327 = SURFACE_CURVE('',#4328,(#4332,#4339),.PCURVE_S1.);
#4328 = LINE('',#4329,#4330);
#4329 = CARTESIAN_POINT('',(-84.,-80.,20.));
#4330 = VECTOR('',#4331,1.);
#4331 = DIRECTION('',(1.,0.,0.));
#4332 = PCURVE('',#1493,#4333);
#4333 = DEFINITIONAL_REPRESENTATION('',(#4334),#4338);
#4334 = LINE('',#4335,#4336);
#4335 = CARTESIAN_POINT('',(20.,6.));
#4336 = VECTOR('',#4337,1.);
#4337 = DIRECTION('',(0.,1.));
#4338 = ( GEOMETRIC_REPRESENTATION_CONTEXT(2) 
PARAMETRIC_REPRESENTATION_CONTEXT() REPRESENTATION_CONTEXT('2D SPACE',''
  ) );
#4339 = PCURVE('',#3759,#4340);
#4340 = DEFINITIONAL_REPRESENTATION('',(#4341),#4345);
#4341 = LINE('',#4342,#4343);
#4342 = CARTESIAN_POINT('',(0.,0.));
#4343 = VECTOR('',#4344,1.);
#4344 = DIRECTION('',(1.,0.));
#4345 = ( GEOMETRIC_REPRESENTATION_CONTEXT(2) 
PARAMETRIC_REPRESENTATION_CONTEXT() REPRESENTATION_CONTEXT('2D SPACE',''
  ) );
#4346 = ORIENTED_EDGE('',*,*,#3770,.T.);
#4347 = ADVANCED_FACE('',(#4348),#1552,.T.);
#4348 = FACE_BOUND('',#4349,.T.);
#4349 = EDGE_LOOP('',(#4350,#4351,#4352,#4353,#4374));
#4350 = ORIENTED_EDGE('',*,*,#2141,.F.);
#4351 = ORIENTED_EDGE('',*,*,#1538,.T.);
#4352 = ORIENTED_EDGE('',*,*,#2558,.T.);
#4353 = ORIENTED_EDGE('',*,*,#4354,.T.);
#4354 = EDGE_CURVE('',#2559,#2681,#4355,.T.);
#4355 = SURFACE_CURVE('',#4356,(#4360,#4367),.PCURVE_S1.);
#4356 = LINE('',#4357,#4358);
#4357 = CARTESIAN_POINT('',(-84.,80.,20.));
#4358 = VECTOR('',#4359,1.);
#4359 = DIRECTION('',(1.,0.,0.));
#4360 = PCURVE('',#1552,#4361);
#4361 = DEFINITIONAL_REPRESENTATION('',(#4362),#4366);
#4362 = LINE('',#4363,#4364);
#4363 = CARTESIAN_POINT('',(20.,6.));
#4364 = VECTOR('',#4365,1.);
#4365 = DIRECTION('',(0.,1.));
#4366 = ( GEOMETRIC_REPRESENTATION_CONTEXT(2) 
PARAMETRIC_REPRESENTATION_CONTEXT() REPRESENTATION_CONTEXT('2D SPACE',''
  ) );
#4367 = PCURVE('',#2595,#4368);
#4368 = DEFINITIONAL_REPRESENTATION('',(#4369),#4373);
#4369 = LINE('',#4370,#4371);
#4370 = CARTESIAN_POINT('',(0.,3.));
#4371 = VECTOR('',#4372,1.);
#4372 = DIRECTION('',(1.,0.));
#4373 = ( GEOMETRIC_REPRESENTATION_CONTEXT(2) 
PARAMETRIC_REPRESENTATION_CONTEXT() REPRESENTATION_CONTEXT('2D SPACE',''
  ) );
#4374 = ORIENTED_EDGE('',*,*,#2680,.T.);
#4375 = ADVANCED_FACE('',(#4376),#1967,.T.);
#4376 = FACE_BOUND('',#4377,.T.);
#4377 = EDGE_LOOP('',(#4378,#4379,#4380,#4401,#4402,#4403,#4427));
#4378 = ORIENTED_EDGE('',*,*,#2052,.F.);
#4379 = ORIENTED_EDGE('',*,*,#2800,.T.);
#4380 = ORIENTED_EDGE('',*,*,#4381,.T.);
#4381 = EDGE_CURVE('',#2775,#2950,#4382,.T.);
#4382 = SURFACE_CURVE('',#4383,(#4387,#4394),.PCURVE_S1.);
#4383 = LINE('',#4384,#4385);
#4384 = CARTESIAN_POINT('',(-84.,80.,20.));
#4385 = VECTOR('',#4386,1.);
#4386 = DIRECTION('',(1.,0.,0.));
#4387 = PCURVE('',#1967,#4388);
#4388 = DEFINITIONAL_REPRESENTATION('',(#4389),#4393);
#4389 = LINE('',#4390,#4391);
#4390 = CARTESIAN_POINT('',(20.,6.));
#4391 = VECTOR('',#4392,1.);
#4392 = DIRECTION('',(0.,1.));
#4393 = ( GEOMETRIC_REPRESENTATION_CONTEXT(2) 
PARAMETRIC_REPRESENTATION_CONTEXT() REPRESENTATION_CONTEXT('2D SPACE',''
  ) );
#4394 = PCURVE('',#2789,#4395);
#4395 = DEFINITIONAL_REPRESENTATION('',(#4396),#4400);
#4396 = LINE('',#4397,#4398);
#4397 = CARTESIAN_POINT('',(0.,3.));
#4398 = VECTOR('',#4399,1.);
#4399 = DIRECTION('',(1.,0.));
#4400 = ( GEOMETRIC_REPRESENTATION_CONTEXT(2) 
PARAMETRIC_REPRESENTATION_CONTEXT() REPRESENTATION_CONTEXT('2D SPACE',''
  ) );
#4401 = ORIENTED_EDGE('',*,*,#2949,.T.);
#4402 = ORIENTED_EDGE('',*,*,#1951,.F.);
#4403 = ORIENTED_EDGE('',*,*,#4404,.F.);
#4404 = EDGE_CURVE('',#4405,#1952,#4407,.T.);
#4405 = VERTEX_POINT('',#4406);
#4406 = CARTESIAN_POINT('',(15.,80.,2.));
#4407 = SURFACE_CURVE('',#4408,(#4413,#4420),.PCURVE_S1.);
#4408 = CIRCLE('',#4409,15.);
#4409 = AXIS2_PLACEMENT_3D('',#4410,#4411,#4412);
#4410 = CARTESIAN_POINT('',(0.,80.,2.));
#4411 = DIRECTION('',(-0.,1.,0.));
#4412 = DIRECTION('',(1.,0.,0.));
#4413 = PCURVE('',#1967,#4414);
#4414 = DEFINITIONAL_REPRESENTATION('',(#4415),#4419);
#4415 = CIRCLE('',#4416,15.);
#4416 = AXIS2_PLACEMENT_2D('',#4417,#4418);
#4417 = CARTESIAN_POINT('',(2.,90.));
#4418 = DIRECTION('',(0.,1.));
#4419 = ( GEOMETRIC_REPRESENTATION_CONTEXT(2) 
PARAMETRIC_REPRESENTATION_CONTEXT() REPRESENTATION_CONTEXT('2D SPACE',''
  ) );
#4420 = PCURVE('',#1994,#4421);
#4421 = DEFINITIONAL_REPRESENTATION('',(#4422),#4426);
#4422 = LINE('',#4423,#4424);
#4423 = CARTESIAN_POINT('',(-6.28318530718,-5.));
#4424 = VECTOR('',#4425,1.);
#4425 = DIRECTION('',(1.,-0.));
#4426 = ( GEOMETRIC_REPRESENTATION_CONTEXT(2) 
PARAMETRIC_REPRESENTATION_CONTEXT() REPRESENTATION_CONTEXT('2D SPACE',''
  ) );
#4427 = ORIENTED_EDGE('',*,*,#4428,.F.);
#4428 = EDGE_CURVE('',#2032,#4405,#4429,.T.);
#4429 = SURFACE_CURVE('',#4430,(#4435,#4442),.PCURVE_S1.);
#4430 = CIRCLE('',#4431,15.);
#4431 = AXIS2_PLACEMENT_3D('',#4432,#4433,#4434);
#4432 = CARTESIAN_POINT('',(0.,80.,2.));
#4433 = DIRECTION('',(-0.,1.,0.));
#4434 = DIRECTION('',(1.,0.,0.));
#4435 = PCURVE('',#1967,#4436);
#4436 = DEFINITIONAL_REPRESENTATION('',(#4437),#4441);
#4437 = CIRCLE('',#4438,15.);
#4438 = AXIS2_PLACEMENT_2D('',#4439,#4440);
#4439 = CARTESIAN_POINT('',(2.,90.));
#4440 = DIRECTION('',(0.,1.));
#4441 = ( GEOMETRIC_REPRESENTATION_CONTEXT(2) 
PARAMETRIC_REPRESENTATION_CONTEXT() REPRESENTATION_CONTEXT('2D SPACE',''
  ) );
#4442 = PCURVE('',#1994,#4443);
#4443 = DEFINITIONAL_REPRESENTATION('',(#4444),#4448);
#4444 = LINE('',#4445,#4446);
#4445 = CARTESIAN_POINT('',(-6.28318530718,-5.));
#4446 = VECTOR('',#4447,1.);
#4447 = DIRECTION('',(1.,-0.));
#4448 = ( GEOMETRIC_REPRESENTATION_CONTEXT(2) 
PARAMETRIC_REPRESENTATION_CONTEXT() REPRESENTATION_CONTEXT('2D SPACE',''
  ) );
#4449 = ADVANCED_FACE('',(#4450),#1994,.T.);
#4450 = FACE_BOUND('',#4451,.F.);
#4451 = EDGE_LOOP('',(#4452,#4481,#4502,#4503,#4504,#4526,#4527,#4528));
#4452 = ORIENTED_EDGE('',*,*,#4453,.F.);
#4453 = EDGE_CURVE('',#4454,#4454,#4456,.T.);
#4454 = VERTEX_POINT('',#4455);
#4455 = CARTESIAN_POINT('',(15.,85.,2.));
#4456 = SURFACE_CURVE('',#4457,(#4462,#4469),.PCURVE_S1.);
#4457 = CIRCLE('',#4458,15.);
#4458 = AXIS2_PLACEMENT_3D('',#4459,#4460,#4461);
#4459 = CARTESIAN_POINT('',(0.,85.,2.));
#4460 = DIRECTION('',(0.,-1.,0.));
#4461 = DIRECTION('',(1.,0.,0.));
#4462 = PCURVE('',#1994,#4463);
#4463 = DEFINITIONAL_REPRESENTATION('',(#4464),#4468);
#4464 = LINE('',#4465,#4466);
#4465 = CARTESIAN_POINT('',(-0.,0.));
#4466 = VECTOR('',#4467,1.);
#4467 = DIRECTION('',(-1.,0.));
#4468 = ( GEOMETRIC_REPRESENTATION_CONTEXT(2) 
PARAMETRIC_REPRESENTATION_CONTEXT() REPRESENTATION_CONTEXT('2D SPACE',''
  ) );
#4469 = PCURVE('',#4470,#4475);
#4470 = PLANE('',#4471);
#4471 = AXIS2_PLACEMENT_3D('',#4472,#4473,#4474);
#4472 = CARTESIAN_POINT('',(-7.29301404021E-16,85.,2.));
#4473 = DIRECTION('',(-0.,-1.,-0.));
#4474 = DIRECTION('',(0.,0.,-1.));
#4475 = DEFINITIONAL_REPRESENTATION('',(#4476),#4480);
#4476 = CIRCLE('',#4477,15.);
#4477 = AXIS2_PLACEMENT_2D('',#4478,#4479);
#4478 = CARTESIAN_POINT('',(0.,7.29301404021E-16));
#4479 = DIRECTION('',(0.,1.));
#4480 = ( GEOMETRIC_REPRESENTATION_CONTEXT(2) 
PARAMETRIC_REPRESENTATION_CONTEXT() REPRESENTATION_CONTEXT('2D SPACE',''
  ) );
#4481 = ORIENTED_EDGE('',*,*,#4482,.T.);
#4482 = EDGE_CURVE('',#4454,#4405,#4483,.T.);
#4483 = SEAM_CURVE('',#4484,(#4488,#4495),.PCURVE_S1.);
#4484 = LINE('',#4485,#4486);
#4485 = CARTESIAN_POINT('',(15.,85.,2.));
#4486 = VECTOR('',#4487,1.);
#4487 = DIRECTION('',(0.,-1.,0.));
#4488 = PCURVE('',#1994,#4489);
#4489 = DEFINITIONAL_REPRESENTATION('',(#4490),#4494);
#4490 = LINE('',#4491,#4492);
#4491 = CARTESIAN_POINT('',(-6.28318530718,0.));
#4492 = VECTOR('',#4493,1.);
#4493 = DIRECTION('',(-0.,-1.));
#4494 = ( GEOMETRIC_REPRESENTATION_CONTEXT(2) 
PARAMETRIC_REPRESENTATION_CONTEXT() REPRESENTATION_CONTEXT('2D SPACE',''
  ) );
#4495 = PCURVE('',#1994,#4496);
#4496 = DEFINITIONAL_REPRESENTATION('',(#4497),#4501);
#4497 = LINE('',#4498,#4499);
#4498 = CARTESIAN_POINT('',(-0.,0.));
#4499 = VECTOR('',#4500,1.);
#4500 = DIRECTION('',(-0.,-1.));
#4501 = ( GEOMETRIC_REPRESENTATION_CONTEXT(2) 
PARAMETRIC_REPRESENTATION_CONTEXT() REPRESENTATION_CONTEXT('2D SPACE',''
  ) );
#4502 = ORIENTED_EDGE('',*,*,#4428,.F.);
#4503 = ORIENTED_EDGE('',*,*,#2031,.F.);
#4504 = ORIENTED_EDGE('',*,*,#4505,.T.);
#4505 = EDGE_CURVE('',#2006,#1980,#4506,.T.);
#4506 = SURFACE_CURVE('',#4507,(#4512,#4519),.PCURVE_S1.);
#4507 = CIRCLE('',#4508,15.);
#4508 = AXIS2_PLACEMENT_3D('',#4509,#4510,#4511);
#4509 = CARTESIAN_POINT('',(0.,75.,2.));
#4510 = DIRECTION('',(0.,-1.,0.));
#4511 = DIRECTION('',(1.,0.,0.));
#4512 = PCURVE('',#1994,#4513);
#4513 = DEFINITIONAL_REPRESENTATION('',(#4514),#4518);
#4514 = LINE('',#4515,#4516);
#4515 = CARTESIAN_POINT('',(-0.,-10.));
#4516 = VECTOR('',#4517,1.);
#4517 = DIRECTION('',(-1.,0.));
#4518 = ( GEOMETRIC_REPRESENTATION_CONTEXT(2) 
PARAMETRIC_REPRESENTATION_CONTEXT() REPRESENTATION_CONTEXT('2D SPACE',''
  ) );
#4519 = PCURVE('',#2020,#4520);
#4520 = DEFINITIONAL_REPRESENTATION('',(#4521),#4525);
#4521 = CIRCLE('',#4522,15.);
#4522 = AXIS2_PLACEMENT_2D('',#4523,#4524);
#4523 = CARTESIAN_POINT('',(0.,7.29301404021E-16));
#4524 = DIRECTION('',(0.,1.));
#4525 = ( GEOMETRIC_REPRESENTATION_CONTEXT(2) 
PARAMETRIC_REPRESENTATION_CONTEXT() REPRESENTATION_CONTEXT('2D SPACE',''
  ) );
#4526 = ORIENTED_EDGE('',*,*,#1979,.T.);
#4527 = ORIENTED_EDGE('',*,*,#4404,.F.);
#4528 = ORIENTED_EDGE('',*,*,#4482,.F.);
#4529 = ADVANCED_FACE('',(#4530),#2020,.T.);
#4530 = FACE_BOUND('',#4531,.T.);
#4531 = EDGE_LOOP('',(#4532,#4533));
#4532 = ORIENTED_EDGE('',*,*,#4505,.T.);
#4533 = ORIENTED_EDGE('',*,*,#2005,.F.);
#4534 = ADVANCED_FACE('',(#4535),#1873,.T.);
#4535 = FACE_BOUND('',#4536,.T.);
#4536 = EDGE_LOOP('',(#4537,#4538,#4539,#4560,#4561));
#4537 = ORIENTED_EDGE('',*,*,#1857,.F.);
#4538 = ORIENTED_EDGE('',*,*,#3069,.T.);
#4539 = ORIENTED_EDGE('',*,*,#4540,.T.);
#4540 = EDGE_CURVE('',#3044,#3144,#4541,.T.);
#4541 = SURFACE_CURVE('',#4542,(#4546,#4553),.PCURVE_S1.);
#4542 = LINE('',#4543,#4544);
#4543 = CARTESIAN_POINT('',(-84.,80.,20.));
#4544 = VECTOR('',#4545,1.);
#4545 = DIRECTION('',(1.,0.,0.));
#4546 = PCURVE('',#1873,#4547);
#4547 = DEFINITIONAL_REPRESENTATION('',(#4548),#4552);
#4548 = LINE('',#4549,#4550);
#4549 = CARTESIAN_POINT('',(20.,6.));
#4550 = VECTOR('',#4551,1.);
#4551 = DIRECTION('',(0.,1.));
#4552 = ( GEOMETRIC_REPRESENTATION_CONTEXT(2) 
PARAMETRIC_REPRESENTATION_CONTEXT() REPRESENTATION_CONTEXT('2D SPACE',''
  ) );
#4553 = PCURVE('',#3058,#4554);
#4554 = DEFINITIONAL_REPRESENTATION('',(#4555),#4559);
#4555 = LINE('',#4556,#4557);
#4556 = CARTESIAN_POINT('',(0.,3.));
#4557 = VECTOR('',#4558,1.);
#4558 = DIRECTION('',(1.,0.));
#4559 = ( GEOMETRIC_REPRESENTATION_CONTEXT(2) 
PARAMETRIC_REPRESENTATION_CONTEXT() REPRESENTATION_CONTEXT('2D SPACE',''
  ) );
#4560 = ORIENTED_EDGE('',*,*,#3143,.F.);
#4561 = ORIENTED_EDGE('',*,*,#3191,.F.);
#4562 = ADVANCED_FACE('',(#4563),#1770,.F.);
#4563 = FACE_BOUND('',#4564,.F.);
#4564 = EDGE_LOOP('',(#4565,#4566,#4567,#4588,#4589));
#4565 = ORIENTED_EDGE('',*,*,#1754,.F.);
#4566 = ORIENTED_EDGE('',*,*,#3437,.T.);
#4567 = ORIENTED_EDGE('',*,*,#4568,.T.);
#4568 = EDGE_CURVE('',#3438,#3292,#4569,.T.);
#4569 = SURFACE_CURVE('',#4570,(#4574,#4581),.PCURVE_S1.);
#4570 = LINE('',#4571,#4572);
#4571 = CARTESIAN_POINT('',(-84.,-80.,20.));
#4572 = VECTOR('',#4573,1.);
#4573 = DIRECTION('',(1.,0.,0.));
#4574 = PCURVE('',#1770,#4575);
#4575 = DEFINITIONAL_REPRESENTATION('',(#4576),#4580);
#4576 = LINE('',#4577,#4578);
#4577 = CARTESIAN_POINT('',(20.,6.));
#4578 = VECTOR('',#4579,1.);
#4579 = DIRECTION('',(0.,1.));
#4580 = ( GEOMETRIC_REPRESENTATION_CONTEXT(2) 
PARAMETRIC_REPRESENTATION_CONTEXT() REPRESENTATION_CONTEXT('2D SPACE',''
  ) );
#4581 = PCURVE('',#3352,#4582);
#4582 = DEFINITIONAL_REPRESENTATION('',(#4583),#4587);
#4583 = LINE('',#4584,#4585);
#4584 = CARTESIAN_POINT('',(0.,0.));
#4585 = VECTOR('',#4586,1.);
#4586 = DIRECTION('',(1.,0.));
#4587 = ( GEOMETRIC_REPRESENTATION_CONTEXT(2) 
PARAMETRIC_REPRESENTATION_CONTEXT() REPRESENTATION_CONTEXT('2D SPACE',''
  ) );
#4588 = ORIENTED_EDGE('',*,*,#3291,.F.);
#4589 = ORIENTED_EDGE('',*,*,#3265,.F.);
#4590 = ADVANCED_FACE('',(#4591),#1676,.F.);
#4591 = FACE_BOUND('',#4592,.F.);
#4592 = EDGE_LOOP('',(#4593,#4594,#4595,#4616));
#4593 = ORIENTED_EDGE('',*,*,#1660,.F.);
#4594 = ORIENTED_EDGE('',*,*,#3650,.T.);
#4595 = ORIENTED_EDGE('',*,*,#4596,.T.);
#4596 = EDGE_CURVE('',#3651,#3532,#4597,.T.);
#4597 = SURFACE_CURVE('',#4598,(#4602,#4609),.PCURVE_S1.);
#4598 = LINE('',#4599,#4600);
#4599 = CARTESIAN_POINT('',(-84.,-80.,20.));
#4600 = VECTOR('',#4601,1.);
#4601 = DIRECTION('',(1.,0.,0.));
#4602 = PCURVE('',#1676,#4603);
#4603 = DEFINITIONAL_REPRESENTATION('',(#4604),#4608);
#4604 = LINE('',#4605,#4606);
#4605 = CARTESIAN_POINT('',(20.,6.));
#4606 = VECTOR('',#4607,1.);
#4607 = DIRECTION('',(0.,1.));
#4608 = ( GEOMETRIC_REPRESENTATION_CONTEXT(2) 
PARAMETRIC_REPRESENTATION_CONTEXT() REPRESENTATION_CONTEXT('2D SPACE',''
  ) );
#4609 = PCURVE('',#3546,#4610);
#4610 = DEFINITIONAL_REPRESENTATION('',(#4611),#4615);
#4611 = LINE('',#4612,#4613);
#4612 = CARTESIAN_POINT('',(0.,0.));
#4613 = VECTOR('',#4614,1.);
#4614 = DIRECTION('',(1.,0.));
#4615 = ( GEOMETRIC_REPRESENTATION_CONTEXT(2) 
PARAMETRIC_REPRESENTATION_CONTEXT() REPRESENTATION_CONTEXT('2D SPACE',''
  ) );
#4616 = ORIENTED_EDGE('',*,*,#3557,.T.);
#4617 = ADVANCED_FACE('',(#4618),#2595,.T.);
#4618 = FACE_BOUND('',#4619,.T.);
#4619 = EDGE_LOOP('',(#4620,#4621,#4622,#4623));
#4620 = ORIENTED_EDGE('',*,*,#4354,.F.);
#4621 = ORIENTED_EDGE('',*,*,#2581,.F.);
#4622 = ORIENTED_EDGE('',*,*,#2612,.T.);
#4623 = ORIENTED_EDGE('',*,*,#2701,.T.);
#4624 = ADVANCED_FACE('',(#4625),#2789,.T.);
#4625 = FACE_BOUND('',#4626,.T.);
#4626 = EDGE_LOOP('',(#4627,#4628,#4629,#4630));
#4627 = ORIENTED_EDGE('',*,*,#4381,.F.);
#4628 = ORIENTED_EDGE('',*,*,#2774,.T.);
#4629 = ORIENTED_EDGE('',*,*,#2825,.T.);
#4630 = ORIENTED_EDGE('',*,*,#2970,.T.);
#4631 = ADVANCED_FACE('',(#4632),#3058,.T.);
#4632 = FACE_BOUND('',#4633,.T.);
#4633 = EDGE_LOOP('',(#4634,#4635,#4636,#4637));
#4634 = ORIENTED_EDGE('',*,*,#4540,.F.);
#4635 = ORIENTED_EDGE('',*,*,#3043,.T.);
#4636 = ORIENTED_EDGE('',*,*,#3094,.T.);
#4637 = ORIENTED_EDGE('',*,*,#3166,.T.);
#4638 = ADVANCED_FACE('',(#4639),#3352,.T.);
#4639 = FACE_BOUND('',#4640,.T.);
#4640 = EDGE_LOOP('',(#4641,#4642,#4643,#4644));
#4641 = ORIENTED_EDGE('',*,*,#3389,.F.);
#4642 = ORIENTED_EDGE('',*,*,#3458,.T.);
#4643 = ORIENTED_EDGE('',*,*,#4568,.T.);
#4644 = ORIENTED_EDGE('',*,*,#3338,.T.);
#4645 = ADVANCED_FACE('',(#4646),#3546,.T.);
#4646 = FACE_BOUND('',#4647,.T.);
#4647 = EDGE_LOOP('',(#4648,#4649,#4650,#4651));
#4648 = ORIENTED_EDGE('',*,*,#3602,.F.);
#4649 = ORIENTED_EDGE('',*,*,#3671,.T.);
#4650 = ORIENTED_EDGE('',*,*,#4596,.T.);
#4651 = ORIENTED_EDGE('',*,*,#3531,.T.);
#4652 = ADVANCED_FACE('',(#4653),#3759,.T.);
#4653 = FACE_BOUND('',#4654,.T.);
#4654 = EDGE_LOOP('',(#4655,#4656,#4657,#4658));
#4655 = ORIENTED_EDGE('',*,*,#3817,.F.);
#4656 = ORIENTED_EDGE('',*,*,#3867,.F.);
#4657 = ORIENTED_EDGE('',*,*,#4326,.T.);
#4658 = ORIENTED_EDGE('',*,*,#3744,.T.);
#4659 = ADVANCED_FACE('',(#4660,#4663,#4698),#4470,.F.);
#4660 = FACE_BOUND('',#4661,.F.);
#4661 = EDGE_LOOP('',(#4662));
#4662 = ORIENTED_EDGE('',*,*,#4453,.T.);
#4663 = FACE_BOUND('',#4664,.F.);
#4664 = EDGE_LOOP('',(#4665));
#4665 = ORIENTED_EDGE('',*,*,#4666,.T.);
#4666 = EDGE_CURVE('',#4667,#4667,#4669,.T.);
#4667 = VERTEX_POINT('',#4668);
#4668 = CARTESIAN_POINT('',(-7.6,85.,2.));
#4669 = SURFACE_CURVE('',#4670,(#4675,#4686),.PCURVE_S1.);
#4670 = CIRCLE('',#4671,1.4);
#4671 = AXIS2_PLACEMENT_3D('',#4672,#4673,#4674);
#4672 = CARTESIAN_POINT('',(-9.,85.,2.));
#4673 = DIRECTION('',(-0.,1.,0.));
#4674 = DIRECTION('',(1.,0.,0.));
#4675 = PCURVE('',#4470,#4676);
#4676 = DEFINITIONAL_REPRESENTATION('',(#4677),#4685);
#4677 = ( BOUNDED_CURVE() B_SPLINE_CURVE(2,(#4678,#4679,#4680,#4681,
#4682,#4683,#4684),.UNSPECIFIED.,.T.,.F.) B_SPLINE_CURVE_WITH_KNOTS((1,2
    ,2,2,2,1),(-2.094395102393,0.,2.094395102393,4.188790204786,
6.28318530718,8.377580409573),.UNSPECIFIED.) CURVE() 
GEOMETRIC_REPRESENTATION_ITEM() RATIONAL_B_SPLINE_CURVE((1.,0.5,1.,0.5,
1.,0.5,1.)) REPRESENTATION_ITEM('') );
#4678 = CARTESIAN_POINT('',(0.,-7.6));
#4679 = CARTESIAN_POINT('',(2.424871130596,-7.6));
#4680 = CARTESIAN_POINT('',(1.212435565298,-9.7));
#4681 = CARTESIAN_POINT('',(3.429011037613E-16,-11.8));
#4682 = CARTESIAN_POINT('',(-1.212435565298,-9.7));
#4683 = CARTESIAN_POINT('',(-2.424871130596,-7.6));
#4684 = CARTESIAN_POINT('',(0.,-7.6));
#4685 = ( GEOMETRIC_REPRESENTATION_CONTEXT(2) 
PARAMETRIC_REPRESENTATION_CONTEXT() REPRESENTATION_CONTEXT('2D SPACE',''
  ) );
#4686 = PCURVE('',#4687,#4692);
#4687 = CYLINDRICAL_SURFACE('',#4688,1.4);
#4688 = AXIS2_PLACEMENT_3D('',#4689,#4690,#4691);
#4689 = CARTESIAN_POINT('',(-9.,90.,2.));
#4690 = DIRECTION('',(-0.,1.,-0.));
#4691 = DIRECTION('',(1.,0.,0.));
#4692 = DEFINITIONAL_REPRESENTATION('',(#4693),#4697);
#4693 = LINE('',#4694,#4695);
#4694 = CARTESIAN_POINT('',(-6.28318530718,-5.));
#4695 = VECTOR('',#4696,1.);
#4696 = DIRECTION('',(1.,-0.));
#4697 = ( GEOMETRIC_REPRESENTATION_CONTEXT(2) 
PARAMETRIC_REPRESENTATION_CONTEXT() REPRESENTATION_CONTEXT('2D SPACE',''
  ) );
#4698 = FACE_BOUND('',#4699,.F.);
#4699 = EDGE_LOOP('',(#4700));
#4700 = ORIENTED_EDGE('',*,*,#4701,.T.);
#4701 = EDGE_CURVE('',#4702,#4702,#4704,.T.);
#4702 = VERTEX_POINT('',#4703);
#4703 = CARTESIAN_POINT('',(10.4,85.,2.));
#4704 = SURFACE_CURVE('',#4705,(#4710,#4721),.PCURVE_S1.);
#4705 = CIRCLE('',#4706,1.4);
#4706 = AXIS2_PLACEMENT_3D('',#4707,#4708,#4709);
#4707 = CARTESIAN_POINT('',(9.,85.,2.));
#4708 = DIRECTION('',(-0.,1.,0.));
#4709 = DIRECTION('',(1.,0.,0.));
#4710 = PCURVE('',#4470,#4711);
#4711 = DEFINITIONAL_REPRESENTATION('',(#4712),#4720);
#4712 = ( BOUNDED_CURVE() B_SPLINE_CURVE(2,(#4713,#4714,#4715,#4716,
#4717,#4718,#4719),.UNSPECIFIED.,.T.,.F.) B_SPLINE_CURVE_WITH_KNOTS((1,2
    ,2,2,2,1),(-2.094395102393,0.,2.094395102393,4.188790204786,
6.28318530718,8.377580409573),.UNSPECIFIED.) CURVE() 
GEOMETRIC_REPRESENTATION_ITEM() RATIONAL_B_SPLINE_CURVE((1.,0.5,1.,0.5,
1.,0.5,1.)) REPRESENTATION_ITEM('') );
#4713 = CARTESIAN_POINT('',(0.,10.4));
#4714 = CARTESIAN_POINT('',(2.424871130596,10.4));
#4715 = CARTESIAN_POINT('',(1.212435565298,8.3));
#4716 = CARTESIAN_POINT('',(3.429011037613E-16,6.2));
#4717 = CARTESIAN_POINT('',(-1.212435565298,8.3));
#4718 = CARTESIAN_POINT('',(-2.424871130596,10.4));
#4719 = CARTESIAN_POINT('',(0.,10.4));
#4720 = ( GEOMETRIC_REPRESENTATION_CONTEXT(2) 
PARAMETRIC_REPRESENTATION_CONTEXT() REPRESENTATION_CONTEXT('2D SPACE',''
  ) );
#4721 = PCURVE('',#4722,#4727);
#4722 = CYLINDRICAL_SURFACE('',#4723,1.4);
#4723 = AXIS2_PLACEMENT_3D('',#4724,#4725,#4726);
#4724 = CARTESIAN_POINT('',(9.,90.,2.));
#4725 = DIRECTION('',(-0.,1.,-0.));
#4726 = DIRECTION('',(1.,0.,0.));
#4727 = DEFINITIONAL_REPRESENTATION('',(#4728),#4732);
#4728 = LINE('',#4729,#4730);
#4729 = CARTESIAN_POINT('',(-6.28318530718,-5.));
#4730 = VECTOR('',#4731,1.);
#4731 = DIRECTION('',(1.,-0.));
#4732 = ( GEOMETRIC_REPRESENTATION_CONTEXT(2) 
PARAMETRIC_REPRESENTATION_CONTEXT() REPRESENTATION_CONTEXT('2D SPACE',''
  ) );
#4733 = ADVANCED_FACE('',(#4734),#4687,.F.);
#4734 = FACE_BOUND('',#4735,.T.);
#4735 = EDGE_LOOP('',(#4736,#4737,#4760,#4787));
#4736 = ORIENTED_EDGE('',*,*,#4666,.T.);
#4737 = ORIENTED_EDGE('',*,*,#4738,.T.);
#4738 = EDGE_CURVE('',#4667,#4739,#4741,.T.);
#4739 = VERTEX_POINT('',#4740);
#4740 = CARTESIAN_POINT('',(-7.6,78.,2.));
#4741 = SEAM_CURVE('',#4742,(#4746,#4753),.PCURVE_S1.);
#4742 = LINE('',#4743,#4744);
#4743 = CARTESIAN_POINT('',(-7.6,90.,2.));
#4744 = VECTOR('',#4745,1.);
#4745 = DIRECTION('',(0.,-1.,0.));
#4746 = PCURVE('',#4687,#4747);
#4747 = DEFINITIONAL_REPRESENTATION('',(#4748),#4752);
#4748 = LINE('',#4749,#4750);
#4749 = CARTESIAN_POINT('',(-6.28318530718,0.));
#4750 = VECTOR('',#4751,1.);
#4751 = DIRECTION('',(-0.,-1.));
#4752 = ( GEOMETRIC_REPRESENTATION_CONTEXT(2) 
PARAMETRIC_REPRESENTATION_CONTEXT() REPRESENTATION_CONTEXT('2D SPACE',''
  ) );
#4753 = PCURVE('',#4687,#4754);
#4754 = DEFINITIONAL_REPRESENTATION('',(#4755),#4759);
#4755 = LINE('',#4756,#4757);
#4756 = CARTESIAN_POINT('',(-0.,0.));
#4757 = VECTOR('',#4758,1.);
#4758 = DIRECTION('',(-0.,-1.));
#4759 = ( GEOMETRIC_REPRESENTATION_CONTEXT(2) 
PARAMETRIC_REPRESENTATION_CONTEXT() REPRESENTATION_CONTEXT('2D SPACE',''
  ) );
#4760 = ORIENTED_EDGE('',*,*,#4761,.T.);
#4761 = EDGE_CURVE('',#4739,#4739,#4762,.T.);
#4762 = SURFACE_CURVE('',#4763,(#4768,#4775),.PCURVE_S1.);
#4763 = CIRCLE('',#4764,1.4);
#4764 = AXIS2_PLACEMENT_3D('',#4765,#4766,#4767);
#4765 = CARTESIAN_POINT('',(-9.,78.,2.));
#4766 = DIRECTION('',(0.,-1.,0.));
#4767 = DIRECTION('',(1.,0.,0.));
#4768 = PCURVE('',#4687,#4769);
#4769 = DEFINITIONAL_REPRESENTATION('',(#4770),#4774);
#4770 = LINE('',#4771,#4772);
#4771 = CARTESIAN_POINT('',(-0.,-12.));
#4772 = VECTOR('',#4773,1.);
#4773 = DIRECTION('',(-1.,0.));
#4774 = ( GEOMETRIC_REPRESENTATION_CONTEXT(2) 
PARAMETRIC_REPRESENTATION_CONTEXT() REPRESENTATION_CONTEXT('2D SPACE',''
  ) );
#4775 = PCURVE('',#4776,#4781);
#4776 = PLANE('',#4777);
#4777 = AXIS2_PLACEMENT_3D('',#4778,#4779,#4780);
#4778 = CARTESIAN_POINT('',(-9.,78.,2.));
#4779 = DIRECTION('',(-0.,-1.,-0.));
#4780 = DIRECTION('',(0.,0.,-1.));
#4781 = DEFINITIONAL_REPRESENTATION('',(#4782),#4786);
#4782 = CIRCLE('',#4783,1.4);
#4783 = AXIS2_PLACEMENT_2D('',#4784,#4785);
#4784 = CARTESIAN_POINT('',(0.,0.));
#4785 = DIRECTION('',(0.,1.));
#4786 = ( GEOMETRIC_REPRESENTATION_CONTEXT(2) 
PARAMETRIC_REPRESENTATION_CONTEXT() REPRESENTATION_CONTEXT('2D SPACE',''
  ) );
#4787 = ORIENTED_EDGE('',*,*,#4738,.F.);
#4788 = ADVANCED_FACE('',(#4789),#4722,.F.);
#4789 = FACE_BOUND('',#4790,.T.);
#4790 = EDGE_LOOP('',(#4791,#4792,#4815,#4842));
#4791 = ORIENTED_EDGE('',*,*,#4701,.T.);
#4792 = ORIENTED_EDGE('',*,*,#4793,.T.);
#4793 = EDGE_CURVE('',#4702,#4794,#4796,.T.);
#4794 = VERTEX_POINT('',#4795);
#4795 = CARTESIAN_POINT('',(10.4,78.,2.));
#4796 = SEAM_CURVE('',#4797,(#4801,#4808),.PCURVE_S1.);
#4797 = LINE('',#4798,#4799);
#4798 = CARTESIAN_POINT('',(10.4,90.,2.));
#4799 = VECTOR('',#4800,1.);
#4800 = DIRECTION('',(0.,-1.,0.));
#4801 = PCURVE('',#4722,#4802);
#4802 = DEFINITIONAL_REPRESENTATION('',(#4803),#4807);
#4803 = LINE('',#4804,#4805);
#4804 = CARTESIAN_POINT('',(-6.28318530718,0.));
#4805 = VECTOR('',#4806,1.);
#4806 = DIRECTION('',(-0.,-1.));
#4807 = ( GEOMETRIC_REPRESENTATION_CONTEXT(2) 
PARAMETRIC_REPRESENTATION_CONTEXT() REPRESENTATION_CONTEXT('2D SPACE',''
  ) );
#4808 = PCURVE('',#4722,#4809);
#4809 = DEFINITIONAL_REPRESENTATION('',(#4810),#4814);
#4810 = LINE('',#4811,#4812);
#4811 = CARTESIAN_POINT('',(-0.,0.));
#4812 = VECTOR('',#4813,1.);
#4813 = DIRECTION('',(-0.,-1.));
#4814 = ( GEOMETRIC_REPRESENTATION_CONTEXT(2) 
PARAMETRIC_REPRESENTATION_CONTEXT() REPRESENTATION_CONTEXT('2D SPACE',''
  ) );
#4815 = ORIENTED_EDGE('',*,*,#4816,.T.);
#4816 = EDGE_CURVE('',#4794,#4794,#4817,.T.);
#4817 = SURFACE_CURVE('',#4818,(#4823,#4830),.PCURVE_S1.);
#4818 = CIRCLE('',#4819,1.4);
#4819 = AXIS2_PLACEMENT_3D('',#4820,#4821,#4822);
#4820 = CARTESIAN_POINT('',(9.,78.,2.));
#4821 = DIRECTION('',(0.,-1.,0.));
#4822 = DIRECTION('',(1.,0.,0.));
#4823 = PCURVE('',#4722,#4824);
#4824 = DEFINITIONAL_REPRESENTATION('',(#4825),#4829);
#4825 = LINE('',#4826,#4827);
#4826 = CARTESIAN_POINT('',(-0.,-12.));
#4827 = VECTOR('',#4828,1.);
#4828 = DIRECTION('',(-1.,0.));
#4829 = ( GEOMETRIC_REPRESENTATION_CONTEXT(2) 
PARAMETRIC_REPRESENTATION_CONTEXT() REPRESENTATION_CONTEXT('2D SPACE',''
  ) );
#4830 = PCURVE('',#4831,#4836);
#4831 = PLANE('',#4832);
#4832 = AXIS2_PLACEMENT_3D('',#4833,#4834,#4835);
#4833 = CARTESIAN_POINT('',(-9.,78.,2.));
#4834 = DIRECTION('',(-0.,-1.,-0.));
#4835 = DIRECTION('',(0.,0.,-1.));
#4836 = DEFINITIONAL_REPRESENTATION('',(#4837),#4841);
#4837 = CIRCLE('',#4838,1.4);
#4838 = AXIS2_PLACEMENT_2D('',#4839,#4840);
#4839 = CARTESIAN_POINT('',(0.,18.));
#4840 = DIRECTION('',(0.,1.));
#4841 = ( GEOMETRIC_REPRESENTATION_CONTEXT(2) 
PARAMETRIC_REPRESENTATION_CONTEXT() REPRESENTATION_CONTEXT('2D SPACE',''
  ) );
#4842 = ORIENTED_EDGE('',*,*,#4793,.F.);
#4843 = ADVANCED_FACE('',(#4844),#4776,.F.);
#4844 = FACE_BOUND('',#4845,.F.);
#4845 = EDGE_LOOP('',(#4846));
#4846 = ORIENTED_EDGE('',*,*,#4761,.T.);
#4847 = ADVANCED_FACE('',(#4848),#4831,.F.);
#4848 = FACE_BOUND('',#4849,.F.);
#4849 = EDGE_LOOP('',(#4850));
#4850 = ORIENTED_EDGE('',*,*,#4816,.T.);
#4851 = ( GEOMETRIC_REPRESENTATION_CONTEXT(3) 
GLOBAL_UNCERTAINTY_ASSIGNED_CONTEXT((#4855)) 
GLOBAL_UNIT_ASSIGNED_CONTEXT((#4852,#4853,#4854)) REPRESENTATION_CONTEXT
('Context #1','3D Context with UNIT and UNCERTAINTY') );
#4852 = ( LENGTH_UNIT() NAMED_UNIT(*) SI_UNIT(.MILLI.,.METRE.) );
#4853 = ( NAMED_UNIT(*) PLANE_ANGLE_UNIT() SI_UNIT($,.RADIAN.) );
#4854 = ( NAMED_UNIT(*) SI_UNIT($,.STERADIAN.) SOLID_ANGLE_UNIT() );
#4855 = UNCERTAINTY_MEASURE_WITH_UNIT(LENGTH_MEASURE(1.E-07),#4852,
  'distance_accuracy_value','confusion accuracy');
#4856 = CONTEXT_DEPENDENT_SHAPE_REPRESENTATION(#4857,#4859);
#4857 = ( REPRESENTATION_RELATIONSHIP('','',#36,#10) 
REPRESENTATION_RELATIONSHIP_WITH_TRANSFORMATION(#4858) 
SHAPE_REPRESENTATION_RELATIONSHIP() );
#4858 = ITEM_DEFINED_TRANSFORMATION('','',#11,#15);
#4859 = PRODUCT_DEFINITION_SHAPE('Placement','Placement of an item',
  #4860);
#4860 = NEXT_ASSEMBLY_USAGE_OCCURRENCE('1','','',#5,#31,$);
#4861 = PRODUCT_RELATED_PRODUCT_CATEGORY('part',$,(#33));
#4862 = SHAPE_DEFINITION_REPRESENTATION(#4863,#4869);
#4863 = PRODUCT_DEFINITION_SHAPE('','',#4864);
#4864 = PRODUCT_DEFINITION('design','',#4865,#4868);
#4865 = PRODUCT_DEFINITION_FORMATION('','',#4866);
#4866 = PRODUCT('Open CASCADE STEP translator 7.9 1.2',
  'Open CASCADE STEP translator 7.9 1.2','',(#4867));
#4867 = PRODUCT_CONTEXT('',#2,'mechanical');
#4868 = PRODUCT_DEFINITION_CONTEXT('part definition',#2,'design');
#4869 = ADVANCED_BREP_SHAPE_REPRESENTATION('',(#11,#4870),#5156);
#4870 = MANIFOLD_SOLID_BREP('',#4871);
#4871 = CLOSED_SHELL('',(#4872,#4960,#4964,#5038,#5093,#5148,#5152));
#4872 = ADVANCED_FACE('',(#4873),#4887,.T.);
#4873 = FACE_BOUND('',#4874,.F.);
#4874 = EDGE_LOOP('',(#4875,#4905,#4932,#4933));
#4875 = ORIENTED_EDGE('',*,*,#4876,.T.);
#4876 = EDGE_CURVE('',#4877,#4879,#4881,.T.);
#4877 = VERTEX_POINT('',#4878);
#4878 = CARTESIAN_POINT('',(15.,-85.,2.));
#4879 = VERTEX_POINT('',#4880);
#4880 = CARTESIAN_POINT('',(15.,-95.,2.));
#4881 = SEAM_CURVE('',#4882,(#4886,#4898),.PCURVE_S1.);
#4882 = LINE('',#4883,#4884);
#4883 = CARTESIAN_POINT('',(15.,-85.,2.));
#4884 = VECTOR('',#4885,1.);
#4885 = DIRECTION('',(0.,-1.,0.));
#4886 = PCURVE('',#4887,#4892);
#4887 = CYLINDRICAL_SURFACE('',#4888,15.);
#4888 = AXIS2_PLACEMENT_3D('',#4889,#4890,#4891);
#4889 = CARTESIAN_POINT('',(0.,-85.,2.));
#4890 = DIRECTION('',(-0.,1.,-0.));
#4891 = DIRECTION('',(1.,0.,0.));
#4892 = DEFINITIONAL_REPRESENTATION('',(#4893),#4897);
#4893 = LINE('',#4894,#4895);
#4894 = CARTESIAN_POINT('',(-0.,0.));
#4895 = VECTOR('',#4896,1.);
#4896 = DIRECTION('',(-0.,-1.));
#4897 = ( GEOMETRIC_REPRESENTATION_CONTEXT(2) 
PARAMETRIC_REPRESENTATION_CONTEXT() REPRESENTATION_CONTEXT('2D SPACE',''
  ) );
#4898 = PCURVE('',#4887,#4899);
#4899 = DEFINITIONAL_REPRESENTATION('',(#4900),#4904);
#4900 = LINE('',#4901,#4902);
#4901 = CARTESIAN_POINT('',(-6.28318530718,0.));
#4902 = VECTOR('',#4903,1.);
#4903 = DIRECTION('',(-0.,-1.));
#4904 = ( GEOMETRIC_REPRESENTATION_CONTEXT(2) 
PARAMETRIC_REPRESENTATION_CONTEXT() REPRESENTATION_CONTEXT('2D SPACE',''
  ) );
#4905 = ORIENTED_EDGE('',*,*,#4906,.T.);
#4906 = EDGE_CURVE('',#4879,#4879,#4907,.T.);
#4907 = SURFACE_CURVE('',#4908,(#4913,#4920),.PCURVE_S1.);
#4908 = CIRCLE('',#4909,15.);
#4909 = AXIS2_PLACEMENT_3D('',#4910,#4911,#4912);
#4910 = CARTESIAN_POINT('',(0.,-95.,2.));
#4911 = DIRECTION('',(0.,-1.,0.));
#4912 = DIRECTION('',(1.,0.,0.));
#4913 = PCURVE('',#4887,#4914);
#4914 = DEFINITIONAL_REPRESENTATION('',(#4915),#4919);
#4915 = LINE('',#4916,#4917);
#4916 = CARTESIAN_POINT('',(-0.,-10.));
#4917 = VECTOR('',#4918,1.);
#4918 = DIRECTION('',(-1.,0.));
#4919 = ( GEOMETRIC_REPRESENTATION_CONTEXT(2) 
PARAMETRIC_REPRESENTATION_CONTEXT() REPRESENTATION_CONTEXT('2D SPACE',''
  ) );
#4920 = PCURVE('',#4921,#4926);
#4921 = PLANE('',#4922);
#4922 = AXIS2_PLACEMENT_3D('',#4923,#4924,#4925);
#4923 = CARTESIAN_POINT('',(-7.29301404021E-16,-95.,2.));
#4924 = DIRECTION('',(-0.,-1.,-0.));
#4925 = DIRECTION('',(0.,0.,-1.));
#4926 = DEFINITIONAL_REPRESENTATION('',(#4927),#4931);
#4927 = CIRCLE('',#4928,15.);
#4928 = AXIS2_PLACEMENT_2D('',#4929,#4930);
#4929 = CARTESIAN_POINT('',(0.,7.29301404021E-16));
#4930 = DIRECTION('',(0.,1.));
#4931 = ( GEOMETRIC_REPRESENTATION_CONTEXT(2) 
PARAMETRIC_REPRESENTATION_CONTEXT() REPRESENTATION_CONTEXT('2D SPACE',''
  ) );
#4932 = ORIENTED_EDGE('',*,*,#4876,.F.);
#4933 = ORIENTED_EDGE('',*,*,#4934,.F.);
#4934 = EDGE_CURVE('',#4877,#4877,#4935,.T.);
#4935 = SURFACE_CURVE('',#4936,(#4941,#4948),.PCURVE_S1.);
#4936 = CIRCLE('',#4937,15.);
#4937 = AXIS2_PLACEMENT_3D('',#4938,#4939,#4940);
#4938 = CARTESIAN_POINT('',(0.,-85.,2.));
#4939 = DIRECTION('',(0.,-1.,0.));
#4940 = DIRECTION('',(1.,0.,0.));
#4941 = PCURVE('',#4887,#4942);
#4942 = DEFINITIONAL_REPRESENTATION('',(#4943),#4947);
#4943 = LINE('',#4944,#4945);
#4944 = CARTESIAN_POINT('',(-0.,0.));
#4945 = VECTOR('',#4946,1.);
#4946 = DIRECTION('',(-1.,0.));
#4947 = ( GEOMETRIC_REPRESENTATION_CONTEXT(2) 
PARAMETRIC_REPRESENTATION_CONTEXT() REPRESENTATION_CONTEXT('2D SPACE',''
  ) );
#4948 = PCURVE('',#4949,#4954);
#4949 = PLANE('',#4950);
#4950 = AXIS2_PLACEMENT_3D('',#4951,#4952,#4953);
#4951 = CARTESIAN_POINT('',(-7.29301404021E-16,-85.,2.));
#4952 = DIRECTION('',(-0.,-1.,-0.));
#4953 = DIRECTION('',(0.,0.,-1.));
#4954 = DEFINITIONAL_REPRESENTATION('',(#4955),#4959);
#4955 = CIRCLE('',#4956,15.);
#4956 = AXIS2_PLACEMENT_2D('',#4957,#4958);
#4957 = CARTESIAN_POINT('',(0.,7.29301404021E-16));
#4958 = DIRECTION('',(0.,1.));
#4959 = ( GEOMETRIC_REPRESENTATION_CONTEXT(2) 
PARAMETRIC_REPRESENTATION_CONTEXT() REPRESENTATION_CONTEXT('2D SPACE',''
  ) );
#4960 = ADVANCED_FACE('',(#4961),#4949,.F.);
#4961 = FACE_BOUND('',#4962,.F.);
#4962 = EDGE_LOOP('',(#4963));
#4963 = ORIENTED_EDGE('',*,*,#4934,.T.);
#4964 = ADVANCED_FACE('',(#4965,#4968,#5003),#4921,.T.);
#4965 = FACE_BOUND('',#4966,.T.);
#4966 = EDGE_LOOP('',(#4967));
#4967 = ORIENTED_EDGE('',*,*,#4906,.T.);
#4968 = FACE_BOUND('',#4969,.T.);
#4969 = EDGE_LOOP('',(#4970));
#4970 = ORIENTED_EDGE('',*,*,#4971,.T.);
#4971 = EDGE_CURVE('',#4972,#4972,#4974,.T.);
#4972 = VERTEX_POINT('',#4973);
#4973 = CARTESIAN_POINT('',(-7.6,-95.,2.));
#4974 = SURFACE_CURVE('',#4975,(#4980,#4991),.PCURVE_S1.);
#4975 = CIRCLE('',#4976,1.4);
#4976 = AXIS2_PLACEMENT_3D('',#4977,#4978,#4979);
#4977 = CARTESIAN_POINT('',(-9.,-95.,2.));
#4978 = DIRECTION('',(-0.,1.,0.));
#4979 = DIRECTION('',(1.,0.,0.));
#4980 = PCURVE('',#4921,#4981);
#4981 = DEFINITIONAL_REPRESENTATION('',(#4982),#4990);
#4982 = ( BOUNDED_CURVE() B_SPLINE_CURVE(2,(#4983,#4984,#4985,#4986,
#4987,#4988,#4989),.UNSPECIFIED.,.T.,.F.) B_SPLINE_CURVE_WITH_KNOTS((1,2
    ,2,2,2,1),(-2.094395102393,0.,2.094395102393,4.188790204786,
6.28318530718,8.377580409573),.UNSPECIFIED.) CURVE() 
GEOMETRIC_REPRESENTATION_ITEM() RATIONAL_B_SPLINE_CURVE((1.,0.5,1.,0.5,
1.,0.5,1.)) REPRESENTATION_ITEM('') );
#4983 = CARTESIAN_POINT('',(0.,-7.6));
#4984 = CARTESIAN_POINT('',(2.424871130596,-7.6));
#4985 = CARTESIAN_POINT('',(1.212435565298,-9.7));
#4986 = CARTESIAN_POINT('',(3.429011037613E-16,-11.8));
#4987 = CARTESIAN_POINT('',(-1.212435565298,-9.7));
#4988 = CARTESIAN_POINT('',(-2.424871130596,-7.6));
#4989 = CARTESIAN_POINT('',(0.,-7.6));
#4990 = ( GEOMETRIC_REPRESENTATION_CONTEXT(2) 
PARAMETRIC_REPRESENTATION_CONTEXT() REPRESENTATION_CONTEXT('2D SPACE',''
  ) );
#4991 = PCURVE('',#4992,#4997);
#4992 = CYLINDRICAL_SURFACE('',#4993,1.4);
#4993 = AXIS2_PLACEMENT_3D('',#4994,#4995,#4996);
#4994 = CARTESIAN_POINT('',(-9.,-90.,2.));
#4995 = DIRECTION('',(-0.,1.,-0.));
#4996 = DIRECTION('',(1.,0.,0.));
#4997 = DEFINITIONAL_REPRESENTATION('',(#4998),#5002);
#4998 = LINE('',#4999,#5000);
#4999 = CARTESIAN_POINT('',(-6.28318530718,-5.));
#5000 = VECTOR('',#5001,1.);
#5001 = DIRECTION('',(1.,-0.));
#5002 = ( GEOMETRIC_REPRESENTATION_CONTEXT(2) 
PARAMETRIC_REPRESENTATION_CONTEXT() REPRESENTATION_CONTEXT('2D SPACE',''
  ) );
#5003 = FACE_BOUND('',#5004,.T.);
#5004 = EDGE_LOOP('',(#5005));
#5005 = ORIENTED_EDGE('',*,*,#5006,.T.);
#5006 = EDGE_CURVE('',#5007,#5007,#5009,.T.);
#5007 = VERTEX_POINT('',#5008);
#5008 = CARTESIAN_POINT('',(10.4,-95.,2.));
#5009 = SURFACE_CURVE('',#5010,(#5015,#5026),.PCURVE_S1.);
#5010 = CIRCLE('',#5011,1.4);
#5011 = AXIS2_PLACEMENT_3D('',#5012,#5013,#5014);
#5012 = CARTESIAN_POINT('',(9.,-95.,2.));
#5013 = DIRECTION('',(-0.,1.,0.));
#5014 = DIRECTION('',(1.,0.,0.));
#5015 = PCURVE('',#4921,#5016);
#5016 = DEFINITIONAL_REPRESENTATION('',(#5017),#5025);
#5017 = ( BOUNDED_CURVE() B_SPLINE_CURVE(2,(#5018,#5019,#5020,#5021,
#5022,#5023,#5024),.UNSPECIFIED.,.T.,.F.) B_SPLINE_CURVE_WITH_KNOTS((1,2
    ,2,2,2,1),(-2.094395102393,0.,2.094395102393,4.188790204786,
6.28318530718,8.377580409573),.UNSPECIFIED.) CURVE() 
GEOMETRIC_REPRESENTATION_ITEM() RATIONAL_B_SPLINE_CURVE((1.,0.5,1.,0.5,
1.,0.5,1.)) REPRESENTATION_ITEM('') );
#5018 = CARTESIAN_POINT('',(0.,10.4));
#5019 = CARTESIAN_POINT('',(2.424871130596,10.4));
#5020 = CARTESIAN_POINT('',(1.212435565298,8.3));
#5021 = CARTESIAN_POINT('',(3.429011037613E-16,6.2));
#5022 = CARTESIAN_POINT('',(-1.212435565298,8.3));
#5023 = CARTESIAN_POINT('',(-2.424871130596,10.4));
#5024 = CARTESIAN_POINT('',(0.,10.4));
#5025 = ( GEOMETRIC_REPRESENTATION_CONTEXT(2) 
PARAMETRIC_REPRESENTATION_CONTEXT() REPRESENTATION_CONTEXT('2D SPACE',''
  ) );
#5026 = PCURVE('',#5027,#5032);
#5027 = CYLINDRICAL_SURFACE('',#5028,1.4);
#5028 = AXIS2_PLACEMENT_3D('',#5029,#5030,#5031);
#5029 = CARTESIAN_POINT('',(9.,-90.,2.));
#5030 = DIRECTION('',(-0.,1.,-0.));
#5031 = DIRECTION('',(1.,0.,0.));
#5032 = DEFINITIONAL_REPRESENTATION('',(#5033),#5037);
#5033 = LINE('',#5034,#5035);
#5034 = CARTESIAN_POINT('',(-6.28318530718,-5.));
#5035 = VECTOR('',#5036,1.);
#5036 = DIRECTION('',(1.,-0.));
#5037 = ( GEOMETRIC_REPRESENTATION_CONTEXT(2) 
PARAMETRIC_REPRESENTATION_CONTEXT() REPRESENTATION_CONTEXT('2D SPACE',''
  ) );
#5038 = ADVANCED_FACE('',(#5039),#4992,.F.);
#5039 = FACE_BOUND('',#5040,.T.);
#5040 = EDGE_LOOP('',(#5041,#5070,#5091,#5092));
#5041 = ORIENTED_EDGE('',*,*,#5042,.F.);
#5042 = EDGE_CURVE('',#5043,#5043,#5045,.T.);
#5043 = VERTEX_POINT('',#5044);
#5044 = CARTESIAN_POINT('',(-7.6,-90.,2.));
#5045 = SURFACE_CURVE('',#5046,(#5051,#5058),.PCURVE_S1.);
#5046 = CIRCLE('',#5047,1.4);
#5047 = AXIS2_PLACEMENT_3D('',#5048,#5049,#5050);
#5048 = CARTESIAN_POINT('',(-9.,-90.,2.));
#5049 = DIRECTION('',(0.,-1.,0.));
#5050 = DIRECTION('',(1.,0.,0.));
#5051 = PCURVE('',#4992,#5052);
#5052 = DEFINITIONAL_REPRESENTATION('',(#5053),#5057);
#5053 = LINE('',#5054,#5055);
#5054 = CARTESIAN_POINT('',(-0.,0.));
#5055 = VECTOR('',#5056,1.);
#5056 = DIRECTION('',(-1.,0.));
#5057 = ( GEOMETRIC_REPRESENTATION_CONTEXT(2) 
PARAMETRIC_REPRESENTATION_CONTEXT() REPRESENTATION_CONTEXT('2D SPACE',''
  ) );
#5058 = PCURVE('',#5059,#5064);
#5059 = PLANE('',#5060);
#5060 = AXIS2_PLACEMENT_3D('',#5061,#5062,#5063);
#5061 = CARTESIAN_POINT('',(-9.,-90.,2.));
#5062 = DIRECTION('',(-0.,-1.,-0.));
#5063 = DIRECTION('',(0.,0.,-1.));
#5064 = DEFINITIONAL_REPRESENTATION('',(#5065),#5069);
#5065 = CIRCLE('',#5066,1.4);
#5066 = AXIS2_PLACEMENT_2D('',#5067,#5068);
#5067 = CARTESIAN_POINT('',(0.,0.));
#5068 = DIRECTION('',(0.,1.));
#5069 = ( GEOMETRIC_REPRESENTATION_CONTEXT(2) 
PARAMETRIC_REPRESENTATION_CONTEXT() REPRESENTATION_CONTEXT('2D SPACE',''
  ) );
#5070 = ORIENTED_EDGE('',*,*,#5071,.T.);
#5071 = EDGE_CURVE('',#5043,#4972,#5072,.T.);
#5072 = SEAM_CURVE('',#5073,(#5077,#5084),.PCURVE_S1.);
#5073 = LINE('',#5074,#5075);
#5074 = CARTESIAN_POINT('',(-7.6,-90.,2.));
#5075 = VECTOR('',#5076,1.);
#5076 = DIRECTION('',(0.,-1.,0.));
#5077 = PCURVE('',#4992,#5078);
#5078 = DEFINITIONAL_REPRESENTATION('',(#5079),#5083);
#5079 = LINE('',#5080,#5081);
#5080 = CARTESIAN_POINT('',(-6.28318530718,0.));
#5081 = VECTOR('',#5082,1.);
#5082 = DIRECTION('',(-0.,-1.));
#5083 = ( GEOMETRIC_REPRESENTATION_CONTEXT(2) 
PARAMETRIC_REPRESENTATION_CONTEXT() REPRESENTATION_CONTEXT('2D SPACE',''
  ) );
#5084 = PCURVE('',#4992,#5085);
#5085 = DEFINITIONAL_REPRESENTATION('',(#5086),#5090);
#5086 = LINE('',#5087,#5088);
#5087 = CARTESIAN_POINT('',(-0.,0.));
#5088 = VECTOR('',#5089,1.);
#5089 = DIRECTION('',(-0.,-1.));
#5090 = ( GEOMETRIC_REPRESENTATION_CONTEXT(2) 
PARAMETRIC_REPRESENTATION_CONTEXT() REPRESENTATION_CONTEXT('2D SPACE',''
  ) );
#5091 = ORIENTED_EDGE('',*,*,#4971,.F.);
#5092 = ORIENTED_EDGE('',*,*,#5071,.F.);
#5093 = ADVANCED_FACE('',(#5094),#5027,.F.);
#5094 = FACE_BOUND('',#5095,.T.);
#5095 = EDGE_LOOP('',(#5096,#5125,#5146,#5147));
#5096 = ORIENTED_EDGE('',*,*,#5097,.F.);
#5097 = EDGE_CURVE('',#5098,#5098,#5100,.T.);
#5098 = VERTEX_POINT('',#5099);
#5099 = CARTESIAN_POINT('',(10.4,-90.,2.));
#5100 = SURFACE_CURVE('',#5101,(#5106,#5113),.PCURVE_S1.);
#5101 = CIRCLE('',#5102,1.4);
#5102 = AXIS2_PLACEMENT_3D('',#5103,#5104,#5105);
#5103 = CARTESIAN_POINT('',(9.,-90.,2.));
#5104 = DIRECTION('',(0.,-1.,0.));
#5105 = DIRECTION('',(1.,0.,0.));
#5106 = PCURVE('',#5027,#5107);
#5107 = DEFINITIONAL_REPRESENTATION('',(#5108),#5112);
#5108 = LINE('',#5109,#5110);
#5109 = CARTESIAN_POINT('',(-0.,0.));
#5110 = VECTOR('',#5111,1.);
#5111 = DIRECTION('',(-1.,0.));
#5112 = ( GEOMETRIC_REPRESENTATION_CONTEXT(2) 
PARAMETRIC_REPRESENTATION_CONTEXT() REPRESENTATION_CONTEXT('2D SPACE',''
  ) );
#5113 = PCURVE('',#5114,#5119);
#5114 = PLANE('',#5115);
#5115 = AXIS2_PLACEMENT_3D('',#5116,#5117,#5118);
#5116 = CARTESIAN_POINT('',(-9.,-90.,2.));
#5117 = DIRECTION('',(-0.,-1.,-0.));
#5118 = DIRECTION('',(0.,0.,-1.));
#5119 = DEFINITIONAL_REPRESENTATION('',(#5120),#5124);
#5120 = CIRCLE('',#5121,1.4);
#5121 = AXIS2_PLACEMENT_2D('',#5122,#5123);
#5122 = CARTESIAN_POINT('',(0.,18.));
#5123 = DIRECTION('',(0.,1.));
#5124 = ( GEOMETRIC_REPRESENTATION_CONTEXT(2) 
PARAMETRIC_REPRESENTATION_CONTEXT() REPRESENTATION_CONTEXT('2D SPACE',''
  ) );
#5125 = ORIENTED_EDGE('',*,*,#5126,.T.);
#5126 = EDGE_CURVE('',#5098,#5007,#5127,.T.);
#5127 = SEAM_CURVE('',#5128,(#5132,#5139),.PCURVE_S1.);
#5128 = LINE('',#5129,#5130);
#5129 = CARTESIAN_POINT('',(10.4,-90.,2.));
#5130 = VECTOR('',#5131,1.);
#5131 = DIRECTION('',(0.,-1.,0.));
#5132 = PCURVE('',#5027,#5133);
#5133 = DEFINITIONAL_REPRESENTATION('',(#5134),#5138);
#5134 = LINE('',#5135,#5136);
#5135 = CARTESIAN_POINT('',(-6.28318530718,0.));
#5136 = VECTOR('',#5137,1.);
#5137 = DIRECTION('',(-0.,-1.));
#5138 = ( GEOMETRIC_REPRESENTATION_CONTEXT(2) 
PARAMETRIC_REPRESENTATION_CONTEXT() REPRESENTATION_CONTEXT('2D SPACE',''
  ) );
#5139 = PCURVE('',#5027,#5140);
#5140 = DEFINITIONAL_REPRESENTATION('',(#5141),#5145);
#5141 = LINE('',#5142,#5143);
#5142 = CARTESIAN_POINT('',(-0.,0.));
#5143 = VECTOR('',#5144,1.);
#5144 = DIRECTION('',(-0.,-1.));
#5145 = ( GEOMETRIC_REPRESENTATION_CONTEXT(2) 
PARAMETRIC_REPRESENTATION_CONTEXT() REPRESENTATION_CONTEXT('2D SPACE',''
  ) );
#5146 = ORIENTED_EDGE('',*,*,#5006,.F.);
#5147 = ORIENTED_EDGE('',*,*,#5126,.F.);
#5148 = ADVANCED_FACE('',(#5149),#5059,.T.);
#5149 = FACE_BOUND('',#5150,.T.);
#5150 = EDGE_LOOP('',(#5151));
#5151 = ORIENTED_EDGE('',*,*,#5042,.T.);
#5152 = ADVANCED_FACE('',(#5153),#5114,.T.);
#5153 = FACE_BOUND('',#5154,.T.);
#5154 = EDGE_LOOP('',(#5155));
#5155 = ORIENTED_EDGE('',*,*,#5097,.T.);
#5156 = ( GEOMETRIC_REPRESENTATION_CONTEXT(3) 
GLOBAL_UNCERTAINTY_ASSIGNED_CONTEXT((#5160)) 
GLOBAL_UNIT_ASSIGNED_CONTEXT((#5157,#5158,#5159)) REPRESENTATION_CONTEXT
('Context #1','3D Context with UNIT and UNCERTAINTY') );
#5157 = ( LENGTH_UNIT() NAMED_UNIT(*) SI_UNIT(.MILLI.,.METRE.) );
#5158 = ( NAMED_UNIT(*) PLANE_ANGLE_UNIT() SI_UNIT($,.RADIAN.) );
#5159 = ( NAMED_UNIT(*) SI_UNIT($,.STERADIAN.) SOLID_ANGLE_UNIT() );
#5160 = UNCERTAINTY_MEASURE_WITH_UNIT(LENGTH_MEASURE(1.E-07),#5157,
  'distance_accuracy_value','confusion accuracy');
#5161 = CONTEXT_DEPENDENT_SHAPE_REPRESENTATION(#5162,#5164);
#5162 = ( REPRESENTATION_RELATIONSHIP('','',#4869,#10) 
REPRESENTATION_RELATIONSHIP_WITH_TRANSFORMATION(#5163) 
SHAPE_REPRESENTATION_RELATIONSHIP() );
#5163 = ITEM_DEFINED_TRANSFORMATION('','',#11,#19);
#5164 = PRODUCT_DEFINITION_SHAPE('Placement','Placement of an item',
  #5165);
#5165 = NEXT_ASSEMBLY_USAGE_OCCURRENCE('2','','',#5,#4864,$);
#5166 = PRODUCT_RELATED_PRODUCT_CATEGORY('part',$,(#4866));
ENDSEC;
END-ISO-10303-21;
