ISO-10303-21;
HEADER;
FILE_DESCRIPTION(('Open CASCADE Model'),'2;1');
FILE_NAME('Open CASCADE Shape Model','2026-08-27T00:01:33',('Author'),(
    'Open CASCADE'),'Open CASCADE STEP processor 7.9','Open CASCADE 7.9'
  ,'Unknown');
FILE_SCHEMA(('AUTOMOTIVE_DESIGN { 1 0 10303 214 1 1 1 1 }'));
ENDSEC;
DATA;
#1 = APPLICATION_PROTOCOL_DEFINITION('international standard',
  'automotive_design',2000,#2);
#2 = APPLICATION_CONTEXT(
  'core data for automotive mechanical design processes');
#3 = SHAPE_DEFINITION_REPRESENTATION(#4,#10);
#4 = PRODUCT_DEFINITION_SHAPE('','',#5);
#5 = PRODUCT_DEFINITION('design','',#6,#9);
#6 = PRODUCT_DEFINITION_FORMATION('','',#7);
#7 = PRODUCT('Open CASCADE STEP translator 7.9 16',
  'Open CASCADE STEP translator 7.9 16','',(#8));
#8 = PRODUCT_CONTEXT('',#2,'mechanical');
#9 = PRODUCT_DEFINITION_CONTEXT('part definition',#2,'design');
#10 = ADVANCED_BREP_SHAPE_REPRESENTATION('',(#11,#15),#4917);
#11 = AXIS2_PLACEMENT_3D('',#12,#13,#14);
#12 = CARTESIAN_POINT('',(0.,0.,0.));
#13 = DIRECTION('',(0.,0.,1.));
#14 = DIRECTION('',(1.,0.,-0.));
#15 = MANIFOLD_SOLID_BREP('',#16);
#16 = CLOSED_SHELL('',(#17,#139,#828,#1865,#1999,#2118,#2177,#2628,#3079
    ,#3530,#3981,#4009,#4037,#4091,#4119,#4147,#4493,#4521,#4836,#4863,
    #4890));
#17 = ADVANCED_FACE('',(#18),#33,.F.);
#18 = FACE_BOUND('',#19,.T.);
#19 = EDGE_LOOP('',(#20,#56,#84,#113));
#20 = ORIENTED_EDGE('',*,*,#21,.T.);
#21 = EDGE_CURVE('',#22,#24,#26,.T.);
#22 = VERTEX_POINT('',#23);
#23 = CARTESIAN_POINT('',(-84.44661913781,-259.8999694905,0.));
#24 = VERTEX_POINT('',#25);
#25 = CARTESIAN_POINT('',(84.446619137814,-259.8999694905,0.));
#26 = SURFACE_CURVE('',#27,(#32,#44),.PCURVE_S1.);
#27 = CIRCLE('',#28,273.275);
#28 = AXIS2_PLACEMENT_3D('',#29,#30,#31);
#29 = CARTESIAN_POINT('',(0.,0.,0.));
#30 = DIRECTION('',(0.,0.,1.));
#31 = DIRECTION('',(-0.309016994375,-0.951056516295,0.));
#32 = PCURVE('',#33,#38);
#33 = PLANE('',#34);
#34 = AXIS2_PLACEMENT_3D('',#35,#36,#37);
#35 = CARTESIAN_POINT('',(0.,0.,0.));
#36 = DIRECTION('',(0.,0.,1.));
#37 = DIRECTION('',(-0.309016994375,-0.951056516295,-0.));
#38 = DEFINITIONAL_REPRESENTATION('',(#39),#43);
#39 = CIRCLE('',#40,273.275);
#40 = AXIS2_PLACEMENT_2D('',#41,#42);
#41 = CARTESIAN_POINT('',(0.,0.));
#42 = DIRECTION('',(1.,-0.));
#43 = ( GEOMETRIC_REPRESENTATION_CONTEXT(2) 
PARAMETRIC_REPRESENTATION_CONTEXT() REPRESENTATION_CONTEXT('2D SPACE',''
  ) );
#44 = PCURVE('',#45,#50);
#45 = CYLINDRICAL_SURFACE('',#46,273.275);
#46 = AXIS2_PLACEMENT_3D('',#47,#48,#49);
#47 = CARTESIAN_POINT('',(0.,0.,30.));
#48 = DIRECTION('',(0.,0.,-1.));
#49 = DIRECTION('',(-0.309016994375,-0.951056516295,0.));
#50 = DEFINITIONAL_REPRESENTATION('',(#51),#55);
#51 = LINE('',#52,#53);
#52 = CARTESIAN_POINT('',(-0.,30.));
#53 = VECTOR('',#54,1.);
#54 = DIRECTION('',(-1.,0.));
#55 = ( GEOMETRIC_REPRESENTATION_CONTEXT(2) 
PARAMETRIC_REPRESENTATION_CONTEXT() REPRESENTATION_CONTEXT('2D SPACE',''
  ) );
#56 = ORIENTED_EDGE('',*,*,#57,.T.);
#57 = EDGE_CURVE('',#24,#58,#60,.T.);
#58 = VERTEX_POINT('',#59);
#59 = CARTESIAN_POINT('',(85.991704109689,-264.655252072,0.));
#60 = SURFACE_CURVE('',#61,(#65,#72),.PCURVE_S1.);
#61 = LINE('',#62,#63);
#62 = CARTESIAN_POINT('',(84.446619137814,-259.8999694905,0.));
#63 = VECTOR('',#64,1.);
#64 = DIRECTION('',(0.309016994375,-0.951056516295,0.));
#65 = PCURVE('',#33,#66);
#66 = DEFINITIONAL_REPRESENTATION('',(#67),#71);
#67 = LINE('',#68,#69);
#68 = CARTESIAN_POINT('',(221.08411913781,160.62701482022));
#69 = VECTOR('',#70,1.);
#70 = DIRECTION('',(0.809016994375,0.587785252292));
#71 = ( GEOMETRIC_REPRESENTATION_CONTEXT(2) 
PARAMETRIC_REPRESENTATION_CONTEXT() REPRESENTATION_CONTEXT('2D SPACE',''
  ) );
#72 = PCURVE('',#73,#78);
#73 = PLANE('',#74);
#74 = AXIS2_PLACEMENT_3D('',#75,#76,#77);
#75 = CARTESIAN_POINT('',(91.244993014063,-280.823212849,18.428571428571
    ));
#76 = DIRECTION('',(-0.951056516295,-0.309016994375,0.));
#77 = DIRECTION('',(0.,0.,-1.));
#78 = DEFINITIONAL_REPRESENTATION('',(#79),#83);
#79 = LINE('',#80,#81);
#80 = CARTESIAN_POINT('',(18.428571428571,-22.));
#81 = VECTOR('',#82,1.);
#82 = DIRECTION('',(0.,1.));
#83 = ( GEOMETRIC_REPRESENTATION_CONTEXT(2) 
PARAMETRIC_REPRESENTATION_CONTEXT() REPRESENTATION_CONTEXT('2D SPACE',''
  ) );
#84 = ORIENTED_EDGE('',*,*,#85,.F.);
#85 = EDGE_CURVE('',#86,#58,#88,.T.);
#86 = VERTEX_POINT('',#87);
#87 = CARTESIAN_POINT('',(-85.99170410968,-264.655252072,0.));
#88 = SURFACE_CURVE('',#89,(#94,#101),.PCURVE_S1.);
#89 = CIRCLE('',#90,278.275);
#90 = AXIS2_PLACEMENT_3D('',#91,#92,#93);
#91 = CARTESIAN_POINT('',(0.,0.,0.));
#92 = DIRECTION('',(0.,0.,1.));
#93 = DIRECTION('',(-0.309016994375,-0.951056516295,0.));
#94 = PCURVE('',#33,#95);
#95 = DEFINITIONAL_REPRESENTATION('',(#96),#100);
#96 = CIRCLE('',#97,278.275);
#97 = AXIS2_PLACEMENT_2D('',#98,#99);
#98 = CARTESIAN_POINT('',(0.,0.));
#99 = DIRECTION('',(1.,-0.));
#100 = ( GEOMETRIC_REPRESENTATION_CONTEXT(2) 
PARAMETRIC_REPRESENTATION_CONTEXT() REPRESENTATION_CONTEXT('2D SPACE',''
  ) );
#101 = PCURVE('',#102,#107);
#102 = CYLINDRICAL_SURFACE('',#103,278.275);
#103 = AXIS2_PLACEMENT_3D('',#104,#105,#106);
#104 = CARTESIAN_POINT('',(0.,0.,0.));
#105 = DIRECTION('',(0.,0.,1.));
#106 = DIRECTION('',(-0.309016994375,-0.951056516295,0.));
#107 = DEFINITIONAL_REPRESENTATION('',(#108),#112);
#108 = LINE('',#109,#110);
#109 = CARTESIAN_POINT('',(0.,0.));
#110 = VECTOR('',#111,1.);
#111 = DIRECTION('',(1.,0.));
#112 = ( GEOMETRIC_REPRESENTATION_CONTEXT(2) 
PARAMETRIC_REPRESENTATION_CONTEXT() REPRESENTATION_CONTEXT('2D SPACE',''
  ) );
#113 = ORIENTED_EDGE('',*,*,#114,.F.);
#114 = EDGE_CURVE('',#22,#86,#115,.T.);
#115 = SURFACE_CURVE('',#116,(#120,#127),.PCURVE_S1.);
#116 = LINE('',#117,#118);
#117 = CARTESIAN_POINT('',(-84.44661913781,-259.8999694905,0.));
#118 = VECTOR('',#119,1.);
#119 = DIRECTION('',(-0.309016994375,-0.951056516295,0.));
#120 = PCURVE('',#33,#121);
#121 = DEFINITIONAL_REPRESENTATION('',(#122),#126);
#122 = LINE('',#123,#124);
#123 = CARTESIAN_POINT('',(273.275,1.42108547152E-14));
#124 = VECTOR('',#125,1.);
#125 = DIRECTION('',(1.,-0.));
#126 = ( GEOMETRIC_REPRESENTATION_CONTEXT(2) 
PARAMETRIC_REPRESENTATION_CONTEXT() REPRESENTATION_CONTEXT('2D SPACE',''
  ) );
#127 = PCURVE('',#128,#133);
#128 = PLANE('',#129);
#129 = AXIS2_PLACEMENT_3D('',#130,#131,#132);
#130 = CARTESIAN_POINT('',(-91.24499301406,-280.823212849,
    18.428571428571));
#131 = DIRECTION('',(-0.951056516295,0.309016994375,-0.));
#132 = DIRECTION('',(0.,0.,-1.));
#133 = DEFINITIONAL_REPRESENTATION('',(#134),#138);
#134 = LINE('',#135,#136);
#135 = CARTESIAN_POINT('',(18.428571428571,-22.));
#136 = VECTOR('',#137,1.);
#137 = DIRECTION('',(-0.,1.));
#138 = ( GEOMETRIC_REPRESENTATION_CONTEXT(2) 
PARAMETRIC_REPRESENTATION_CONTEXT() REPRESENTATION_CONTEXT('2D SPACE',''
  ) );
#139 = ADVANCED_FACE('',(#140,#216,#369,#522,#675),#45,.F.);
#140 = FACE_BOUND('',#141,.T.);
#141 = EDGE_LOOP('',(#142,#173,#194,#195));
#142 = ORIENTED_EDGE('',*,*,#143,.T.);
#143 = EDGE_CURVE('',#144,#146,#148,.T.);
#144 = VERTEX_POINT('',#145);
#145 = CARTESIAN_POINT('',(-84.44661913781,-259.8999694905,30.));
#146 = VERTEX_POINT('',#147);
#147 = CARTESIAN_POINT('',(84.446619137814,-259.8999694905,30.));
#148 = SURFACE_CURVE('',#149,(#154,#161),.PCURVE_S1.);
#149 = CIRCLE('',#150,273.275);
#150 = AXIS2_PLACEMENT_3D('',#151,#152,#153);
#151 = CARTESIAN_POINT('',(0.,0.,30.));
#152 = DIRECTION('',(0.,0.,1.));
#153 = DIRECTION('',(-0.309016994375,-0.951056516295,0.));
#154 = PCURVE('',#45,#155);
#155 = DEFINITIONAL_REPRESENTATION('',(#156),#160);
#156 = LINE('',#157,#158);
#157 = CARTESIAN_POINT('',(-0.,0.));
#158 = VECTOR('',#159,1.);
#159 = DIRECTION('',(-1.,0.));
#160 = ( GEOMETRIC_REPRESENTATION_CONTEXT(2) 
PARAMETRIC_REPRESENTATION_CONTEXT() REPRESENTATION_CONTEXT('2D SPACE',''
  ) );
#161 = PCURVE('',#162,#167);
#162 = PLANE('',#163);
#163 = AXIS2_PLACEMENT_3D('',#164,#165,#166);
#164 = CARTESIAN_POINT('',(0.,0.,30.));
#165 = DIRECTION('',(0.,0.,1.));
#166 = DIRECTION('',(-0.309016994375,-0.951056516295,0.));
#167 = DEFINITIONAL_REPRESENTATION('',(#168),#172);
#168 = CIRCLE('',#169,273.275);
#169 = AXIS2_PLACEMENT_2D('',#170,#171);
#170 = CARTESIAN_POINT('',(0.,0.));
#171 = DIRECTION('',(1.,0.));
#172 = ( GEOMETRIC_REPRESENTATION_CONTEXT(2) 
PARAMETRIC_REPRESENTATION_CONTEXT() REPRESENTATION_CONTEXT('2D SPACE',''
  ) );
#173 = ORIENTED_EDGE('',*,*,#174,.T.);
#174 = EDGE_CURVE('',#146,#24,#175,.T.);
#175 = SURFACE_CURVE('',#176,(#180,#187),.PCURVE_S1.);
#176 = LINE('',#177,#178);
#177 = CARTESIAN_POINT('',(84.446619137814,-259.8999694905,30.));
#178 = VECTOR('',#179,1.);
#179 = DIRECTION('',(0.,0.,-1.));
#180 = PCURVE('',#45,#181);
#181 = DEFINITIONAL_REPRESENTATION('',(#182),#186);
#182 = LINE('',#183,#184);
#183 = CARTESIAN_POINT('',(-0.628318530718,0.));
#184 = VECTOR('',#185,1.);
#185 = DIRECTION('',(-0.,1.));
#186 = ( GEOMETRIC_REPRESENTATION_CONTEXT(2) 
PARAMETRIC_REPRESENTATION_CONTEXT() REPRESENTATION_CONTEXT('2D SPACE',''
  ) );
#187 = PCURVE('',#73,#188);
#188 = DEFINITIONAL_REPRESENTATION('',(#189),#193);
#189 = LINE('',#190,#191);
#190 = CARTESIAN_POINT('',(-11.57142857142,-22.));
#191 = VECTOR('',#192,1.);
#192 = DIRECTION('',(1.,0.));
#193 = ( GEOMETRIC_REPRESENTATION_CONTEXT(2) 
PARAMETRIC_REPRESENTATION_CONTEXT() REPRESENTATION_CONTEXT('2D SPACE',''
  ) );
#194 = ORIENTED_EDGE('',*,*,#21,.F.);
#195 = ORIENTED_EDGE('',*,*,#196,.F.);
#196 = EDGE_CURVE('',#144,#22,#197,.T.);
#197 = SURFACE_CURVE('',#198,(#202,#209),.PCURVE_S1.);
#198 = LINE('',#199,#200);
#199 = CARTESIAN_POINT('',(-84.44661913781,-259.8999694905,30.));
#200 = VECTOR('',#201,1.);
#201 = DIRECTION('',(0.,0.,-1.));
#202 = PCURVE('',#45,#203);
#203 = DEFINITIONAL_REPRESENTATION('',(#204),#208);
#204 = LINE('',#205,#206);
#205 = CARTESIAN_POINT('',(-0.,0.));
#206 = VECTOR('',#207,1.);
#207 = DIRECTION('',(-0.,1.));
#208 = ( GEOMETRIC_REPRESENTATION_CONTEXT(2) 
PARAMETRIC_REPRESENTATION_CONTEXT() REPRESENTATION_CONTEXT('2D SPACE',''
  ) );
#209 = PCURVE('',#128,#210);
#210 = DEFINITIONAL_REPRESENTATION('',(#211),#215);
#211 = LINE('',#212,#213);
#212 = CARTESIAN_POINT('',(-11.57142857142,-22.));
#213 = VECTOR('',#214,1.);
#214 = DIRECTION('',(1.,-0.));
#215 = ( GEOMETRIC_REPRESENTATION_CONTEXT(2) 
PARAMETRIC_REPRESENTATION_CONTEXT() REPRESENTATION_CONTEXT('2D SPACE',''
  ) );
#216 = FACE_BOUND('',#217,.T.);
#217 = EDGE_LOOP('',(#218));
#218 = ORIENTED_EDGE('',*,*,#219,.T.);
#219 = EDGE_CURVE('',#220,#220,#222,.T.);
#220 = VERTEX_POINT('',#221);
#221 = CARTESIAN_POINT('',(-64.02302409878,-265.6694901757,22.));
#222 = SURFACE_CURVE('',#223,(#268,#316),.PCURVE_S1.);
#223 = B_SPLINE_CURVE_WITH_KNOTS('',7,(#224,#225,#226,#227,#228,#229,
    #230,#231,#232,#233,#234,#235,#236,#237,#238,#239,#240,#241,#242,
    #243,#244,#245,#246,#247,#248,#249,#250,#251,#252,#253,#254,#255,
    #256,#257,#258,#259,#260,#261,#262,#263,#264,#265,#266,#267),
  .UNSPECIFIED.,.T.,.F.,(8,6,6,6,6,6,6,8),(0.,0.153886168379,
    0.285620498172,0.421510753843,0.589776385681,0.715035310385,
    0.837010006558,1.),.UNSPECIFIED.);
#224 = CARTESIAN_POINT('',(-64.02302409878,-265.6694901757,22.));
#225 = CARTESIAN_POINT('',(-64.02302409878,-265.6694901757,
    22.255803971624));
#226 = CARTESIAN_POINT('',(-64.05754509909,-265.6611710243,
    22.511807649461));
#227 = CARTESIAN_POINT('',(-64.12668062027,-265.6445103409,
    22.764864413349));
#228 = CARTESIAN_POINT('',(-64.23157990406,-265.6192007439,
    23.011580075199));
#229 = CARTESIAN_POINT('',(-64.37407623916,-265.5847413331,
    23.247343186294));
#230 = CARTESIAN_POINT('',(-64.55651799756,-265.5404579752,
    23.465771806424));
#231 = CARTESIAN_POINT('',(-64.97246571371,-265.4389634539,
    23.819965012699));
#232 = CARTESIAN_POINT('',(-65.2026470869,-265.3826259031,
    23.969752283804));
#233 = CARTESIAN_POINT('',(-65.46658228313,-265.3177580979,
    24.087910569957));
#234 = CARTESIAN_POINT('',(-65.75463082703,-265.2465735524,
    24.161954001697));
#235 = CARTESIAN_POINT('',(-66.05363046194,-265.1722109455,
    24.185098922245));
#236 = CARTESIAN_POINT('',(-66.34956085288,-265.0981798226,
    24.156667195115));
#237 = CARTESIAN_POINT('',(-66.91904331833,-264.9550078155,
    24.005899129637));
#238 = CARTESIAN_POINT('',(-67.18046320127,-264.8888936084,
    23.883578584519));
#239 = CARTESIAN_POINT('',(-67.40989545786,-264.8305647947,
    23.726688315799));
#240 = CARTESIAN_POINT('',(-67.60586691826,-264.7805414507,
    23.544277295086));
#241 = CARTESIAN_POINT('',(-67.76831219962,-264.7389524061,
    23.344036937219));
#242 = CARTESIAN_POINT('',(-67.89815877796,-264.7056404761,
    23.132558826151));
#243 = CARTESIAN_POINT('',(-68.11966502759,-264.6487348716,
    22.646560869683));
#244 = CARTESIAN_POINT('',(-68.19636827445,-264.6289590301,
    22.365705645748));
#245 = CARTESIAN_POINT('',(-68.23010707238,-264.6202452619,
    22.079267992851));
#246 = CARTESIAN_POINT('',(-68.22206492897,-264.6223215698,
    21.791300391609));
#247 = CARTESIAN_POINT('',(-68.17191796442,-264.6352673845,
    21.505870282327));
#248 = CARTESIAN_POINT('',(-68.07802650664,-264.6594583835,
    21.22769431082));
#249 = CARTESIAN_POINT('',(-67.83329081609,-264.7222731619,
    20.768103357141));
#250 = CARTESIAN_POINT('',(-67.70200697511,-264.7559177138,
    20.57800719025));
#251 = CARTESIAN_POINT('',(-67.5426208981,-264.7966765027,
    20.398924232638));
#252 = CARTESIAN_POINT('',(-67.35465428334,-264.8446027493,
    20.236503397476));
#253 = CARTESIAN_POINT('',(-67.13851046353,-264.8995013733,
    20.097099816587));
#254 = CARTESIAN_POINT('',(-66.89573990078,-264.9608664631,
    19.987931389483));
#255 = CARTESIAN_POINT('',(-66.37099152082,-265.0927919978,
    19.849006483257));
#256 = CARTESIAN_POINT('',(-66.09761171054,-265.1612078692,
    19.819204324337));
#257 = CARTESIAN_POINT('',(-65.82011639153,-265.2302824872,
    19.833534329151));
#258 = CARTESIAN_POINT('',(-65.55019921512,-265.2970805194,
    19.892115714463));
#259 = CARTESIAN_POINT('',(-65.29907659813,-265.3589044649,
    19.990041322211));
#260 = CARTESIAN_POINT('',(-65.07544896039,-265.4137341749,
    20.117648336298));
#261 = CARTESIAN_POINT('',(-64.62887340183,-265.5228869379,
    20.451652141813));
#262 = CARTESIAN_POINT('',(-64.42099883478,-265.5733920813,
    20.67792450955));
#263 = CARTESIAN_POINT('',(-64.25915660009,-265.6125463609,
    20.925738723308));
#264 = CARTESIAN_POINT('',(-64.14037765921,-265.6412095985,
    21.186791996195));
#265 = CARTESIAN_POINT('',(-64.06219652437,-265.6600500707,
    21.455320516708));
#266 = CARTESIAN_POINT('',(-64.02302409878,-265.6694901757,
    21.727507368101));
#267 = CARTESIAN_POINT('',(-64.02302409878,-265.6694901757,22.));
#268 = PCURVE('',#45,#269);
#269 = DEFINITIONAL_REPRESENTATION('',(#270),#315);
#270 = B_SPLINE_CURVE_WITH_KNOTS('',7,(#271,#272,#273,#274,#275,#276,
    #277,#278,#279,#280,#281,#282,#283,#284,#285,#286,#287,#288,#289,
    #290,#291,#292,#293,#294,#295,#296,#297,#298,#299,#300,#301,#302,
    #303,#304,#305,#306,#307,#308,#309,#310,#311,#312,#313,#314),
  .UNSPECIFIED.,.T.,.F.,(8,6,6,6,6,6,6,8),(0.,0.153886168379,
    0.285620498172,0.421510753843,0.589776385681,0.715035310385,
    0.837010006558,1.),.UNSPECIFIED.);
#271 = CARTESIAN_POINT('',(-7.768078395137E-02,8.));
#272 = CARTESIAN_POINT('',(-7.768078395137E-02,7.744196028376));
#273 = CARTESIAN_POINT('',(-7.755084428344E-02,7.488192350539));
#274 = CARTESIAN_POINT('',(-7.729061306266E-02,7.235135586651));
#275 = CARTESIAN_POINT('',(-7.68957383746E-02,6.988419924801));
#276 = CARTESIAN_POINT('',(-7.635926889369E-02,6.752656813706));
#277 = CARTESIAN_POINT('',(-7.567227201296E-02,6.534228193576));
#278 = CARTESIAN_POINT('',(-7.410553000473E-02,6.180034987301));
#279 = CARTESIAN_POINT('',(-7.323836165253E-02,6.030247716196));
#280 = CARTESIAN_POINT('',(-7.22437976819E-02,5.912089430043));
#281 = CARTESIAN_POINT('',(-7.115802881399E-02,5.838045998303));
#282 = CARTESIAN_POINT('',(-7.003056534449E-02,5.814901077755));
#283 = CARTESIAN_POINT('',(-6.891429187646E-02,5.843332804885));
#284 = CARTESIAN_POINT('',(-6.676552609203E-02,5.994100870363));
#285 = CARTESIAN_POINT('',(-6.577878991942E-02,6.116421415481));
#286 = CARTESIAN_POINT('',(-6.491251813727E-02,6.273311684201));
#287 = CARTESIAN_POINT('',(-6.417240264689E-02,6.455722704914));
#288 = CARTESIAN_POINT('',(-6.355879166496E-02,6.655963062781));
#289 = CARTESIAN_POINT('',(-6.306825449444E-02,6.867441173849));
#290 = CARTESIAN_POINT('',(-6.223137196224E-02,7.353439130317));
#291 = CARTESIAN_POINT('',(-6.194151180013E-02,7.634294354252));
#292 = CARTESIAN_POINT('',(-6.181399956772E-02,7.920732007149));
#293 = CARTESIAN_POINT('',(-6.184439331038E-02,8.208699608391));
#294 = CARTESIAN_POINT('',(-6.20339132306E-02,8.494129717673));
#295 = CARTESIAN_POINT('',(-6.238871237025E-02,8.77230568918));
#296 = CARTESIAN_POINT('',(-6.331330580149E-02,9.231896642859));
#297 = CARTESIAN_POINT('',(-6.38092398705E-02,9.42199280975));
#298 = CARTESIAN_POINT('',(-6.441125252306E-02,9.601075767362));
#299 = CARTESIAN_POINT('',(-6.512108785076E-02,9.763496602524));
#300 = CARTESIAN_POINT('',(-6.593713960425E-02,9.902900183413));
#301 = CARTESIAN_POINT('',(-6.685345432392E-02,10.012068610517));
#302 = CARTESIAN_POINT('',(-6.883342988543E-02,10.150993516743));
#303 = CARTESIAN_POINT('',(-6.986466400697E-02,10.180795675663));
#304 = CARTESIAN_POINT('',(-7.091109280761E-02,10.166465670849));
#305 = CARTESIAN_POINT('',(-7.192860039712E-02,10.107884285536));
#306 = CARTESIAN_POINT('',(-7.287497571198E-02,10.009958677789));
#307 = CARTESIAN_POINT('',(-7.371753776151E-02,9.882351663702));
#308 = CARTESIAN_POINT('',(-7.539980549525E-02,9.548347858187));
#309 = CARTESIAN_POINT('',(-7.618261313027E-02,9.32207549045));
#310 = CARTESIAN_POINT('',(-7.679193011181E-02,9.074261276692));
#311 = CARTESIAN_POINT('',(-7.723905643899E-02,8.813208003805));
#312 = CARTESIAN_POINT('',(-7.753333595167E-02,8.544679483292));
#313 = CARTESIAN_POINT('',(-7.768078395137E-02,8.272492631899));
#314 = CARTESIAN_POINT('',(-7.768078395137E-02,8.));
#315 = ( GEOMETRIC_REPRESENTATION_CONTEXT(2) 
PARAMETRIC_REPRESENTATION_CONTEXT() REPRESENTATION_CONTEXT('2D SPACE',''
  ) );
#316 = PCURVE('',#317,#322);
#317 = CYLINDRICAL_SURFACE('',#318,2.15);
#318 = AXIS2_PLACEMENT_3D('',#319,#320,#321);
#319 = CARTESIAN_POINT('',(-65.1435184376,-261.2763816929,22.));
#320 = DIRECTION('',(0.2419218956,0.970295726276,0.));
#321 = DIRECTION('',(0.970295726276,-0.2419218956,0.));
#322 = DEFINITIONAL_REPRESENTATION('',(#323),#368);
#323 = B_SPLINE_CURVE_WITH_KNOTS('',7,(#324,#325,#326,#327,#328,#329,
    #330,#331,#332,#333,#334,#335,#336,#337,#338,#339,#340,#341,#342,
    #343,#344,#345,#346,#347,#348,#349,#350,#351,#352,#353,#354,#355,
    #356,#357,#358,#359,#360,#361,#362,#363,#364,#365,#366,#367),
  .UNSPECIFIED.,.F.,.F.,(8,6,6,6,6,6,6,8),(0.,0.153886168379,
    0.285620498172,0.421510753843,0.589776385681,0.715035310385,
    0.837010006558,1.),.UNSPECIFIED.);
#324 = CARTESIAN_POINT('',(0.,-3.991542271461));
#325 = CARTESIAN_POINT('',(-0.118978591453,-3.991542271461));
#326 = CARTESIAN_POINT('',(-0.238049340148,-3.991821620215));
#327 = CARTESIAN_POINT('',(-0.358504698416,-3.992381226666));
#328 = CARTESIAN_POINT('',(-0.481519711305,-3.993200866451));
#329 = CARTESIAN_POINT('',(-0.608359290121,-3.994238030968));
#330 = CARTESIAN_POINT('',(-0.740399671083,-3.995406734067));
#331 = CARTESIAN_POINT('',(-0.998847782267,-3.997553893792));
#332 = CARTESIAN_POINT('',(-1.128183917884,-3.998575723062));
#333 = CARTESIAN_POINT('',(-1.263374579202,-3.999486471965));
#334 = CARTESIAN_POINT('',(-1.402111562031,-4.000101661439));
#335 = CARTESIAN_POINT('',(-1.54261128944,-4.000282500171));
#336 = CARTESIAN_POINT('',(-1.683324931262,-4.000042459208));
#337 = CARTESIAN_POINT('',(-1.965301341391,-3.998893550119));
#338 = CARTESIAN_POINT('',(-2.100929008632,-3.997986411157));
#339 = CARTESIAN_POINT('',(-2.230511487839,-3.996894898917));
#340 = CARTESIAN_POINT('',(-2.35485443957,-3.995767249255));
#341 = CARTESIAN_POINT('',(-2.474608638939,-3.99471264741));
#342 = CARTESIAN_POINT('',(-2.590154699747,-3.993802954403));
#343 = CARTESIAN_POINT('',(-2.839976541979,-3.9921749014));
#344 = CARTESIAN_POINT('',(-2.973861074809,-3.991542681785));
#345 = CARTESIAN_POINT('',(-3.10561808983,-3.991249903647));
#346 = CARTESIAN_POINT('',(-3.236897347483,-3.991318965785));
#347 = CARTESIAN_POINT('',(-3.369303390591,-3.991748585714));
#348 = CARTESIAN_POINT('',(-3.504408619878,-3.992506609222));
#349 = CARTESIAN_POINT('',(-3.748345176722,-3.994248598132));
#350 = CARTESIAN_POINT('',(-3.856191847153,-3.99513332739));
#351 = CARTESIAN_POINT('',(-3.967890831743,-3.996122424119));
#352 = CARTESIAN_POINT('',(-4.083674285085,-3.997151816692));
#353 = CARTESIAN_POINT('',(-4.203986235994,-3.998129794291));
#354 = CARTESIAN_POINT('',(-4.329422537073,-3.998940563872));
#355 = CARTESIAN_POINT('',(-4.589249087283,-3.999999223655));
#356 = CARTESIAN_POINT('',(-4.719652379874,-4.000246289323));
#357 = CARTESIAN_POINT('',(-4.850265908818,-4.000136902415));
#358 = CARTESIAN_POINT('',(-4.979605733965,-3.999651872566));
#359 = CARTESIAN_POINT('',(-5.106051601984,-3.998887323185));
#360 = CARTESIAN_POINT('',(-5.22757876708,-3.997987934385));
#361 = CARTESIAN_POINT('',(-5.491877006293,-3.995861988232));
#362 = CARTESIAN_POINT('',(-5.634233700988,-3.994577503656));
#363 = CARTESIAN_POINT('',(-5.7702690642,-3.993415553656));
#364 = CARTESIAN_POINT('',(-5.901619657522,-3.992492144022));
#365 = CARTESIAN_POINT('',(-6.029847097564,-3.99185924536));
#366 = CARTESIAN_POINT('',(-6.156444548157,-3.991542271461));
#367 = CARTESIAN_POINT('',(-6.28318530718,-3.991542271461));
#368 = ( GEOMETRIC_REPRESENTATION_CONTEXT(2) 
PARAMETRIC_REPRESENTATION_CONTEXT() REPRESENTATION_CONTEXT('2D SPACE',''
  ) );
#369 = FACE_BOUND('',#370,.T.);
#370 = EDGE_LOOP('',(#371));
#371 = ORIENTED_EDGE('',*,*,#372,.T.);
#372 = EDGE_CURVE('',#373,#373,#375,.T.);
#373 = VERTEX_POINT('',#374);
#374 = CARTESIAN_POINT('',(-16.91734767304,-272.7508551273,22.));
#375 = SURFACE_CURVE('',#376,(#421,#469),.PCURVE_S1.);
#376 = B_SPLINE_CURVE_WITH_KNOTS('',7,(#377,#378,#379,#380,#381,#382,
    #383,#384,#385,#386,#387,#388,#389,#390,#391,#392,#393,#394,#395,
    #396,#397,#398,#399,#400,#401,#402,#403,#404,#405,#406,#407,#408,
    #409,#410,#411,#412,#413,#414,#415,#416,#417,#418,#419,#420),
  .UNSPECIFIED.,.T.,.F.,(8,6,6,6,6,6,6,8),(0.,0.153886167574,
    0.285620497262,0.42151075231,0.589776387322,0.715035311499,
    0.837010007195,1.),.UNSPECIFIED.);
#377 = CARTESIAN_POINT('',(-16.91734767304,-272.7508551273,22.));
#378 = CARTESIAN_POINT('',(-16.91734767304,-272.7508551273,
    22.255803971623));
#379 = CARTESIAN_POINT('',(-16.95278882727,-272.7486568713,
    22.51180764946));
#380 = CARTESIAN_POINT('',(-17.02376712185,-272.7442545584,
    22.76486441335));
#381 = CARTESIAN_POINT('',(-17.13146771521,-272.7375450405,
    23.011580075199));
#382 = CARTESIAN_POINT('',(-17.27778302467,-272.7283533745,
    23.247343186294));
#383 = CARTESIAN_POINT('',(-17.46514280722,-272.7164234592,
    23.465771806424));
#384 = CARTESIAN_POINT('',(-17.89239568247,-272.6886994306,
    23.819965013425));
#385 = CARTESIAN_POINT('',(-18.12886299475,-272.6731883498,
    23.969752282712));
#386 = CARTESIAN_POINT('',(-18.4000525982,-272.6551378983,
    24.087910570162));
#387 = CARTESIAN_POINT('',(-18.69608610615,-272.6350539106,
    24.161954002343));
#388 = CARTESIAN_POINT('',(-19.00345619596,-272.6137417804,
    24.185098921601));
#389 = CARTESIAN_POINT('',(-19.30774610675,-272.5922231299,
    24.156667195398));
#390 = CARTESIAN_POINT('',(-19.89343841315,-272.5501158195,
    24.005899129637));
#391 = CARTESIAN_POINT('',(-20.16236735225,-272.5304011221,
    23.883578584519));
#392 = CARTESIAN_POINT('',(-20.39844270954,-272.5127989474,
    23.726688315798));
#393 = CARTESIAN_POINT('',(-20.60012338562,-272.4975656574,
    23.544277295087));
#394 = CARTESIAN_POINT('',(-20.76732261995,-272.4848167709,
    23.344036937219));
#395 = CARTESIAN_POINT('',(-20.90098109296,-272.4745585456,
    23.132558826151));
#396 = CARTESIAN_POINT('',(-21.1290037224,-272.4569816215,
    22.646560863376));
#397 = CARTESIAN_POINT('',(-21.20797570459,-272.4508255992,
    22.365705670569));
#398 = CARTESIAN_POINT('',(-21.24271507257,-272.4481028928,
    22.079267948015));
#399 = CARTESIAN_POINT('',(-21.23443456336,-272.4487511532,21.7913004363
    ));
#400 = CARTESIAN_POINT('',(-21.18280141377,-272.4527923638,
    21.505870257759));
#401 = CARTESIAN_POINT('',(-21.08613566629,-272.4603117658,
    21.227694317003));
#402 = CARTESIAN_POINT('',(-20.83421038555,-272.4796743403,
    20.768103357063));
#403 = CARTESIAN_POINT('',(-20.699078726,-272.4900105561,20.578007190262
    ));
#404 = CARTESIAN_POINT('',(-20.5350363923,-272.5024730255,20.3989242327)
  );
#405 = CARTESIAN_POINT('',(-20.3416031074,-272.5170311047,
    20.236503397501));
#406 = CARTESIAN_POINT('',(-20.1192099518,-272.5335627148,
    20.097099816558));
#407 = CARTESIAN_POINT('',(-19.86947168333,-272.5518388651,
    19.987931389462));
#408 = CARTESIAN_POINT('',(-19.32978678174,-272.5906385546,
    19.849006483257));
#409 = CARTESIAN_POINT('',(-19.04867993368,-272.6105431293,
    19.819204324337));
#410 = CARTESIAN_POINT('',(-18.76340571055,-272.6303817923,
    19.83353432915));
#411 = CARTESIAN_POINT('',(-18.48598982599,-272.6492943864,
    19.892115714464));
#412 = CARTESIAN_POINT('',(-18.22794671033,-272.6665721025,
    19.990041322211));
#413 = CARTESIAN_POINT('',(-17.99819539969,-272.6817362942,
    20.117648336298));
#414 = CARTESIAN_POINT('',(-17.53945014892,-272.7116837496,
    20.451652141813));
#415 = CARTESIAN_POINT('',(-17.32596353754,-272.7253245665,
    20.677924509549));
#416 = CARTESIAN_POINT('',(-17.15978098074,-272.7357803956,
    20.925738723309));
#417 = CARTESIAN_POINT('',(-17.0378292399,-272.7433824275,
    21.186791996195));
#418 = CARTESIAN_POINT('',(-16.9575642385,-272.748360659,21.455320516708
    ));
#419 = CARTESIAN_POINT('',(-16.91734767304,-272.7508551273,
    21.727507368101));
#420 = CARTESIAN_POINT('',(-16.91734767304,-272.7508551273,22.));
#421 = PCURVE('',#45,#422);
#422 = DEFINITIONAL_REPRESENTATION('',(#423),#468);
#423 = B_SPLINE_CURVE_WITH_KNOTS('',7,(#424,#425,#426,#427,#428,#429,
    #430,#431,#432,#433,#434,#435,#436,#437,#438,#439,#440,#441,#442,
    #443,#444,#445,#446,#447,#448,#449,#450,#451,#452,#453,#454,#455,
    #456,#457,#458,#459,#460,#461,#462,#463,#464,#465,#466,#467),
  .UNSPECIFIED.,.T.,.F.,(8,6,6,6,6,6,6,8),(0.,0.153886167574,
    0.285620497262,0.42151075231,0.589776387322,0.715035311499,
    0.837010007195,1.),.UNSPECIFIED.);
#424 = CARTESIAN_POINT('',(-0.252213709151,8.));
#425 = CARTESIAN_POINT('',(-0.252213709151,7.744196028377));
#426 = CARTESIAN_POINT('',(-0.252083769483,7.48819235054));
#427 = CARTESIAN_POINT('',(-0.251823538262,7.23513558665));
#428 = CARTESIAN_POINT('',(-0.251428663574,6.988419924801));
#429 = CARTESIAN_POINT('',(-0.250892194093,6.752656813706));
#430 = CARTESIAN_POINT('',(-0.250205197212,6.534228193576));
#431 = CARTESIAN_POINT('',(-0.248638455201,6.180034986575));
#432 = CARTESIAN_POINT('',(-0.247771286855,6.030247717288));
#433 = CARTESIAN_POINT('',(-0.246776722885,5.912089429838));
#434 = CARTESIAN_POINT('',(-0.24569095401,5.838045997657));
#435 = CARTESIAN_POINT('',(-0.24456349054,5.814901078399));
#436 = CARTESIAN_POINT('',(-0.24344721708,5.843332804602));
#437 = CARTESIAN_POINT('',(-0.241298451291,5.994100870363));
#438 = CARTESIAN_POINT('',(-0.240311715119,6.116421415481));
#439 = CARTESIAN_POINT('',(-0.239445443337,6.273311684202));
#440 = CARTESIAN_POINT('',(-0.238705327846,6.455722704913));
#441 = CARTESIAN_POINT('',(-0.238091716864,6.655963062781));
#442 = CARTESIAN_POINT('',(-0.237601179694,6.867441173849));
#443 = CARTESIAN_POINT('',(-0.236764297151,7.353439136624));
#444 = CARTESIAN_POINT('',(-0.236474437021,7.63429432943));
#445 = CARTESIAN_POINT('',(-0.236346924759,7.920732051985));
#446 = CARTESIAN_POINT('',(-0.23637731849,8.2086995637));
#447 = CARTESIAN_POINT('',(-0.236566838458,8.494129742241));
#448 = CARTESIAN_POINT('',(-0.236921637557,8.772305682997));
#449 = CARTESIAN_POINT('',(-0.237846231001,9.231896642937));
#450 = CARTESIAN_POINT('',(-0.23834216507,9.421992809738));
#451 = CARTESIAN_POINT('',(-0.238944177722,9.6010757673));
#452 = CARTESIAN_POINT('',(-0.23965401305,9.763496602499));
#453 = CARTESIAN_POINT('',(-0.240470064804,9.902900183442));
#454 = CARTESIAN_POINT('',(-0.241386379524,10.012068610538));
#455 = CARTESIAN_POINT('',(-0.243366355085,10.150993516743));
#456 = CARTESIAN_POINT('',(-0.244397589206,10.180795675663));
#457 = CARTESIAN_POINT('',(-0.245444018007,10.16646567085));
#458 = CARTESIAN_POINT('',(-0.246461525597,10.107884285536));
#459 = CARTESIAN_POINT('',(-0.247407900911,10.009958677789));
#460 = CARTESIAN_POINT('',(-0.248250462961,9.882351663702));
#461 = CARTESIAN_POINT('',(-0.249932730695,9.548347858187));
#462 = CARTESIAN_POINT('',(-0.25071553833,9.322075490451));
#463 = CARTESIAN_POINT('',(-0.251324855311,9.074261276691));
#464 = CARTESIAN_POINT('',(-0.251771981638,8.813208003805));
#465 = CARTESIAN_POINT('',(-0.252066261151,8.544679483292));
#466 = CARTESIAN_POINT('',(-0.252213709151,8.272492631899));
#467 = CARTESIAN_POINT('',(-0.252213709151,8.));
#468 = ( GEOMETRIC_REPRESENTATION_CONTEXT(2) 
PARAMETRIC_REPRESENTATION_CONTEXT() REPRESENTATION_CONTEXT('2D SPACE',''
  ) );
#469 = PCURVE('',#470,#475);
#470 = CYLINDRICAL_SURFACE('',#471,2.15);
#471 = AXIS2_PLACEMENT_3D('',#472,#473,#474);
#472 = CARTESIAN_POINT('',(-18.78367446744,-268.6190596337,22.));
#473 = DIRECTION('',(6.975647374413E-02,0.99756405026,0.));
#474 = DIRECTION('',(0.99756405026,-6.975647374413E-02,0.));
#475 = DEFINITIONAL_REPRESENTATION('',(#476),#521);
#476 = B_SPLINE_CURVE_WITH_KNOTS('',7,(#477,#478,#479,#480,#481,#482,
    #483,#484,#485,#486,#487,#488,#489,#490,#491,#492,#493,#494,#495,
    #496,#497,#498,#499,#500,#501,#502,#503,#504,#505,#506,#507,#508,
    #509,#510,#511,#512,#513,#514,#515,#516,#517,#518,#519,#520),
  .UNSPECIFIED.,.F.,.F.,(8,6,6,6,6,6,6,8),(0.,0.153886167574,
    0.285620497262,0.42151075231,0.589776387322,0.715035311499,
    0.837010007195,1.),.UNSPECIFIED.);
#477 = CARTESIAN_POINT('',(0.,-3.991542271461));
#478 = CARTESIAN_POINT('',(-0.118978591453,-3.991542271461));
#479 = CARTESIAN_POINT('',(-0.238049340148,-3.991821620216));
#480 = CARTESIAN_POINT('',(-0.358504698417,-3.992381226665));
#481 = CARTESIAN_POINT('',(-0.481519711306,-3.993200866452));
#482 = CARTESIAN_POINT('',(-0.608359290121,-3.994238030968));
#483 = CARTESIAN_POINT('',(-0.740399671082,-3.995406734067));
#484 = CARTESIAN_POINT('',(-0.998847782797,-3.997553893796));
#485 = CARTESIAN_POINT('',(-1.128183917265,-3.998575723056));
#486 = CARTESIAN_POINT('',(-1.263374578931,-3.999486471964));
#487 = CARTESIAN_POINT('',(-1.402111562371,-4.000101661446));
#488 = CARTESIAN_POINT('',(-1.542611289981,-4.000282500166));
#489 = CARTESIAN_POINT('',(-1.683324930735,-4.00004245921));
#490 = CARTESIAN_POINT('',(-1.965301341391,-3.998893550119));
#491 = CARTESIAN_POINT('',(-2.100929008632,-3.997986411157));
#492 = CARTESIAN_POINT('',(-2.23051148784,-3.996894898918));
#493 = CARTESIAN_POINT('',(-2.35485443957,-3.995767249254));
#494 = CARTESIAN_POINT('',(-2.474608638939,-3.99471264741));
#495 = CARTESIAN_POINT('',(-2.590154699747,-3.993802954403));
#496 = CARTESIAN_POINT('',(-2.83997654522,-3.992174901379));
#497 = CARTESIAN_POINT('',(-2.973861062174,-3.991542681828));
#498 = CARTESIAN_POINT('',(-3.105618112613,-3.991249903629));
#499 = CARTESIAN_POINT('',(-3.236897324649,-3.991318965749));
#500 = CARTESIAN_POINT('',(-3.369303403314,-3.991748585766));
#501 = CARTESIAN_POINT('',(-3.504408616596,-3.992506609199));
#502 = CARTESIAN_POINT('',(-3.748345176763,-3.994248598133));
#503 = CARTESIAN_POINT('',(-3.856191847152,-3.99513332739));
#504 = CARTESIAN_POINT('',(-3.967890831709,-3.996122424118));
#505 = CARTESIAN_POINT('',(-4.083674285057,-3.997151816693));
#506 = CARTESIAN_POINT('',(-4.203986236,-3.998129794291));
#507 = CARTESIAN_POINT('',(-4.329422537113,-3.998940563872));
#508 = CARTESIAN_POINT('',(-4.589249087283,-3.999999223655));
#509 = CARTESIAN_POINT('',(-4.719652379874,-4.000246289323));
#510 = CARTESIAN_POINT('',(-4.850265908818,-4.000136902416));
#511 = CARTESIAN_POINT('',(-4.979605733966,-3.999651872566));
#512 = CARTESIAN_POINT('',(-5.106051601984,-3.998887323185));
#513 = CARTESIAN_POINT('',(-5.22757876708,-3.997987934385));
#514 = CARTESIAN_POINT('',(-5.491877006293,-3.995861988232));
#515 = CARTESIAN_POINT('',(-5.634233700988,-3.994577503656));
#516 = CARTESIAN_POINT('',(-5.7702690642,-3.993415553657));
#517 = CARTESIAN_POINT('',(-5.901619657522,-3.992492144022));
#518 = CARTESIAN_POINT('',(-6.029847097563,-3.99185924536));
#519 = CARTESIAN_POINT('',(-6.156444548157,-3.991542271461));
#520 = CARTESIAN_POINT('',(-6.28318530718,-3.991542271461));
#521 = ( GEOMETRIC_REPRESENTATION_CONTEXT(2) 
PARAMETRIC_REPRESENTATION_CONTEXT() REPRESENTATION_CONTEXT('2D SPACE',''
  ) );
#522 = FACE_BOUND('',#523,.T.);
#523 = EDGE_LOOP('',(#524));
#524 = ORIENTED_EDGE('',*,*,#525,.T.);
#525 = EDGE_CURVE('',#526,#526,#528,.T.);
#526 = VERTEX_POINT('',#527);
#527 = CARTESIAN_POINT('',(21.206873089166,-272.4509022902,22.));
#528 = SURFACE_CURVE('',#529,(#574,#622),.PCURVE_S1.);
#529 = B_SPLINE_CURVE_WITH_KNOTS('',7,(#530,#531,#532,#533,#534,#535,
    #536,#537,#538,#539,#540,#541,#542,#543,#544,#545,#546,#547,#548,
    #549,#550,#551,#552,#553,#554,#555,#556,#557,#558,#559,#560,#561,
    #562,#563,#564,#565,#566,#567,#568,#569,#570,#571,#572,#573),
  .UNSPECIFIED.,.T.,.F.,(8,6,6,6,6,6,6,8),(0.,0.153886167574,
    0.285620497262,0.421510752309,0.589776387322,0.715035311499,
    0.837010007195,1.),.UNSPECIFIED.);
#530 = CARTESIAN_POINT('',(21.206873089166,-272.4509022902,22.));
#531 = CARTESIAN_POINT('',(21.206873089166,-272.4509022902,
    22.255803971625));
#532 = CARTESIAN_POINT('',(21.171470907705,-272.4536578828,
    22.511807649462));
#533 = CARTESIAN_POINT('',(21.100570685472,-272.4591766823,
    22.76486441335));
#534 = CARTESIAN_POINT('',(20.992984442476,-272.4675214865,
    23.011580075198));
#535 = CARTESIAN_POINT('',(20.846813830894,-272.4787824285,
    23.247343186293));
#536 = CARTESIAN_POINT('',(20.659617097557,-272.4930440563,
    23.465771806423));
#537 = CARTESIAN_POINT('',(20.232663778891,-272.5250519436,
    23.819965013425));
#538 = CARTESIAN_POINT('',(19.996339025027,-272.5426017046,
    23.969752282712));
#539 = CARTESIAN_POINT('',(19.725276482841,-272.5624692169,
    24.087910570162));
#540 = CARTESIAN_POINT('',(19.429328801788,-272.5837805865,
    24.161954002343));
#541 = CARTESIAN_POINT('',(19.121983941324,-272.605453513,
    24.185098921601));
#542 = CARTESIAN_POINT('',(18.817660541709,-272.6264932511,
    24.156667195398));
#543 = CARTESIAN_POINT('',(18.23180794761,-272.6663083406,
    24.005899129637));
#544 = CARTESIAN_POINT('',(17.962752450886,-272.6842131796,
    23.883578584519));
#545 = CARTESIAN_POINT('',(17.726524813506,-272.6996376476,
    23.726688315799));
#546 = CARTESIAN_POINT('',(17.524686815694,-272.7126211321,
    23.544277295086));
#547 = CARTESIAN_POINT('',(17.357340450749,-272.7232659528,
    23.344036937219));
#548 = CARTESIAN_POINT('',(17.223555063792,-272.731709224,
    23.132558826151));
#549 = CARTESIAN_POINT('',(16.995305299871,-272.7460379737,
    22.646560863376));
#550 = CARTESIAN_POINT('',(16.916245114871,-272.7509326371,
    22.36570567057));
#551 = CARTESIAN_POINT('',(16.88146490054,-272.7530712134,
    22.079267948014));
#552 = CARTESIAN_POINT('',(16.889755044811,-272.7525607408,
    21.791300436301));
#553 = CARTESIAN_POINT('',(16.941448131955,-272.7493766772,
    21.505870257759));
#554 = CARTESIAN_POINT('',(17.038219633523,-272.743369629,
    21.227694317003));
#555 = CARTESIAN_POINT('',(17.290387944274,-272.7274825457,
    20.768103357063));
#556 = CARTESIAN_POINT('',(17.425643035007,-272.7189114781,
    20.578007190262));
#557 = CARTESIAN_POINT('',(17.589823360503,-272.7084223833,20.3989242327
    ));
#558 = CARTESIAN_POINT('',(17.783400259004,-272.6959180742,
    20.236503397502));
#559 = CARTESIAN_POINT('',(18.005929855133,-272.6813376547,
    20.097099816558));
#560 = CARTESIAN_POINT('',(18.255781236464,-272.6646790935,
    19.987931389462));
#561 = CARTESIAN_POINT('',(18.795613834796,-272.6279915659,
    19.849006483257));
#562 = CARTESIAN_POINT('',(19.076755151718,-272.6085799188,
    19.819204324337));
#563 = CARTESIAN_POINT('',(19.362014113959,-272.588523015,19.83353432915
    ));
#564 = CARTESIAN_POINT('',(19.639362330577,-272.5686427242,
    19.892115714463));
#565 = CARTESIAN_POINT('',(19.897298781692,-272.5498396341,
    19.990041322213));
#566 = CARTESIAN_POINT('',(20.126924615954,-272.5328810466,
    20.117648336297));
#567 = CARTESIAN_POINT('',(20.585373269709,-272.4986920563,
    20.451652141813));
#568 = CARTESIAN_POINT('',(20.798680678862,-272.4824885281,
    20.67792450955));
#569 = CARTESIAN_POINT('',(20.964701128587,-272.4697144599,
    20.925738723308));
#570 = CARTESIAN_POINT('',(21.086524041835,-272.4602701075,
    21.186791996195));
#571 = CARTESIAN_POINT('',(21.166700745674,-272.454029162,
    21.455320516708));
#572 = CARTESIAN_POINT('',(21.206873089166,-272.4509022902,
    21.727507368101));
#573 = CARTESIAN_POINT('',(21.206873089166,-272.4509022902,22.));
#574 = PCURVE('',#45,#575);
#575 = DEFINITIONAL_REPRESENTATION('',(#576),#621);
#576 = B_SPLINE_CURVE_WITH_KNOTS('',7,(#577,#578,#579,#580,#581,#582,
    #583,#584,#585,#586,#587,#588,#589,#590,#591,#592,#593,#594,#595,
    #596,#597,#598,#599,#600,#601,#602,#603,#604,#605,#606,#607,#608,
    #609,#610,#611,#612,#613,#614,#615,#616,#617,#618,#619,#620),
  .UNSPECIFIED.,.T.,.F.,(8,6,6,6,6,6,6,8),(0.,0.153886167574,
    0.285620497262,0.421510752309,0.589776387322,0.715035311499,
    0.837010007195,1.),.UNSPECIFIED.);
#577 = CARTESIAN_POINT('',(-0.39184004931,8.));
#578 = CARTESIAN_POINT('',(-0.39184004931,7.744196028375));
#579 = CARTESIAN_POINT('',(-0.391710109642,7.488192350538));
#580 = CARTESIAN_POINT('',(-0.391449878422,7.23513558665));
#581 = CARTESIAN_POINT('',(-0.391055003734,6.988419924802));
#582 = CARTESIAN_POINT('',(-0.390518534253,6.752656813707));
#583 = CARTESIAN_POINT('',(-0.389831537372,6.534228193577));
#584 = CARTESIAN_POINT('',(-0.38826479536,6.180034986575));
#585 = CARTESIAN_POINT('',(-0.387397627015,6.030247717288));
#586 = CARTESIAN_POINT('',(-0.386403063045,5.912089429838));
#587 = CARTESIAN_POINT('',(-0.385317294169,5.838045997658));
#588 = CARTESIAN_POINT('',(-0.3841898307,5.814901078399));
#589 = CARTESIAN_POINT('',(-0.383073557239,5.843332804602));
#590 = CARTESIAN_POINT('',(-0.380924791451,5.994100870363));
#591 = CARTESIAN_POINT('',(-0.379938055278,6.116421415481));
#592 = CARTESIAN_POINT('',(-0.379071783496,6.273311684201));
#593 = CARTESIAN_POINT('',(-0.378331668006,6.455722704914));
#594 = CARTESIAN_POINT('',(-0.377718057024,6.655963062781));
#595 = CARTESIAN_POINT('',(-0.377227519853,6.867441173849));
#596 = CARTESIAN_POINT('',(-0.37639063731,7.353439136624));
#597 = CARTESIAN_POINT('',(-0.376100777181,7.634294329431));
#598 = CARTESIAN_POINT('',(-0.375973264918,7.920732051986));
#599 = CARTESIAN_POINT('',(-0.37600365865,8.208699563699));
#600 = CARTESIAN_POINT('',(-0.376193178617,8.494129742241));
#601 = CARTESIAN_POINT('',(-0.376547977717,8.772305682997));
#602 = CARTESIAN_POINT('',(-0.377472571161,9.231896642937));
#603 = CARTESIAN_POINT('',(-0.37796850523,9.421992809738));
#604 = CARTESIAN_POINT('',(-0.378570517882,9.6010757673));
#605 = CARTESIAN_POINT('',(-0.37928035321,9.763496602499));
#606 = CARTESIAN_POINT('',(-0.380096404963,9.902900183442));
#607 = CARTESIAN_POINT('',(-0.381012719683,10.012068610538));
#608 = CARTESIAN_POINT('',(-0.382992695244,10.150993516743));
#609 = CARTESIAN_POINT('',(-0.384023929366,10.180795675663));
#610 = CARTESIAN_POINT('',(-0.385070358167,10.16646567085));
#611 = CARTESIAN_POINT('',(-0.386087865756,10.107884285537));
#612 = CARTESIAN_POINT('',(-0.387034241071,10.009958677787));
#613 = CARTESIAN_POINT('',(-0.38787680312,9.882351663703));
#614 = CARTESIAN_POINT('',(-0.389559070854,9.548347858187));
#615 = CARTESIAN_POINT('',(-0.390341878489,9.32207549045));
#616 = CARTESIAN_POINT('',(-0.390951195471,9.074261276692));
#617 = CARTESIAN_POINT('',(-0.391398321798,8.813208003805));
#618 = CARTESIAN_POINT('',(-0.391692601311,8.544679483293));
#619 = CARTESIAN_POINT('',(-0.39184004931,8.272492631899));
#620 = CARTESIAN_POINT('',(-0.39184004931,8.));
#621 = ( GEOMETRIC_REPRESENTATION_CONTEXT(2) 
PARAMETRIC_REPRESENTATION_CONTEXT() REPRESENTATION_CONTEXT('2D SPACE',''
  ) );
#622 = PCURVE('',#623,#628);
#623 = CYLINDRICAL_SURFACE('',#624,2.15);
#624 = AXIS2_PLACEMENT_3D('',#625,#626,#627);
#625 = CARTESIAN_POINT('',(18.783674467449,-268.6190596337,22.));
#626 = DIRECTION('',(-6.975647374413E-02,0.99756405026,-0.));
#627 = DIRECTION('',(0.99756405026,6.975647374413E-02,0.));
#628 = DEFINITIONAL_REPRESENTATION('',(#629),#674);
#629 = B_SPLINE_CURVE_WITH_KNOTS('',7,(#630,#631,#632,#633,#634,#635,
    #636,#637,#638,#639,#640,#641,#642,#643,#644,#645,#646,#647,#648,
    #649,#650,#651,#652,#653,#654,#655,#656,#657,#658,#659,#660,#661,
    #662,#663,#664,#665,#666,#667,#668,#669,#670,#671,#672,#673),
  .UNSPECIFIED.,.F.,.F.,(8,6,6,6,6,6,6,8),(0.,0.153886167574,
    0.285620497262,0.421510752309,0.589776387322,0.715035311499,
    0.837010007195,1.),.UNSPECIFIED.);
#630 = CARTESIAN_POINT('',(0.,-3.991542271461));
#631 = CARTESIAN_POINT('',(-0.118978591454,-3.991542271461));
#632 = CARTESIAN_POINT('',(-0.238049340149,-3.991821620215));
#633 = CARTESIAN_POINT('',(-0.358504698417,-3.992381226666));
#634 = CARTESIAN_POINT('',(-0.481519711305,-3.99320086645));
#635 = CARTESIAN_POINT('',(-0.60835929012,-3.994238030969));
#636 = CARTESIAN_POINT('',(-0.740399671082,-3.995406734067));
#637 = CARTESIAN_POINT('',(-0.998847782797,-3.997553893796));
#638 = CARTESIAN_POINT('',(-1.128183917266,-3.998575723056));
#639 = CARTESIAN_POINT('',(-1.26337457893,-3.999486471964));
#640 = CARTESIAN_POINT('',(-1.402111562372,-4.000101661445));
#641 = CARTESIAN_POINT('',(-1.54261128998,-4.000282500166));
#642 = CARTESIAN_POINT('',(-1.683324930735,-4.00004245921));
#643 = CARTESIAN_POINT('',(-1.965301341391,-3.998893550119));
#644 = CARTESIAN_POINT('',(-2.100929008632,-3.997986411157));
#645 = CARTESIAN_POINT('',(-2.230511487839,-3.996894898918));
#646 = CARTESIAN_POINT('',(-2.35485443957,-3.995767249254));
#647 = CARTESIAN_POINT('',(-2.474608638938,-3.99471264741));
#648 = CARTESIAN_POINT('',(-2.590154699747,-3.993802954403));
#649 = CARTESIAN_POINT('',(-2.83997654522,-3.992174901379));
#650 = CARTESIAN_POINT('',(-2.973861062174,-3.991542681828));
#651 = CARTESIAN_POINT('',(-3.105618112613,-3.991249903629));
#652 = CARTESIAN_POINT('',(-3.236897324649,-3.991318965749));
#653 = CARTESIAN_POINT('',(-3.369303403314,-3.991748585766));
#654 = CARTESIAN_POINT('',(-3.504408616596,-3.992506609199));
#655 = CARTESIAN_POINT('',(-3.748345176763,-3.994248598133));
#656 = CARTESIAN_POINT('',(-3.856191847152,-3.99513332739));
#657 = CARTESIAN_POINT('',(-3.967890831709,-3.996122424118));
#658 = CARTESIAN_POINT('',(-4.083674285057,-3.997151816693));
#659 = CARTESIAN_POINT('',(-4.203986236,-3.998129794291));
#660 = CARTESIAN_POINT('',(-4.329422537113,-3.998940563872));
#661 = CARTESIAN_POINT('',(-4.589249087283,-3.999999223655));
#662 = CARTESIAN_POINT('',(-4.719652379873,-4.000246289323));
#663 = CARTESIAN_POINT('',(-4.850265908818,-4.000136902415));
#664 = CARTESIAN_POINT('',(-4.979605733966,-3.999651872566));
#665 = CARTESIAN_POINT('',(-5.106051601985,-3.998887323185));
#666 = CARTESIAN_POINT('',(-5.227578767079,-3.997987934385));
#667 = CARTESIAN_POINT('',(-5.491877006293,-3.995861988232));
#668 = CARTESIAN_POINT('',(-5.634233700988,-3.994577503656));
#669 = CARTESIAN_POINT('',(-5.7702690642,-3.993415553655));
#670 = CARTESIAN_POINT('',(-5.901619657522,-3.992492144023));
#671 = CARTESIAN_POINT('',(-6.029847097563,-3.991859245359));
#672 = CARTESIAN_POINT('',(-6.156444548157,-3.991542271461));
#673 = CARTESIAN_POINT('',(-6.28318530718,-3.991542271461));
#674 = ( GEOMETRIC_REPRESENTATION_CONTEXT(2) 
PARAMETRIC_REPRESENTATION_CONTEXT() REPRESENTATION_CONTEXT('2D SPACE',''
  ) );
#675 = FACE_BOUND('',#676,.T.);
#676 = EDGE_LOOP('',(#677));
#677 = ORIENTED_EDGE('',*,*,#678,.T.);
#678 = EDGE_CURVE('',#679,#679,#681,.T.);
#679 = VERTEX_POINT('',#680);
#680 = CARTESIAN_POINT('',(68.195295721772,-264.6292260246,22.));
#681 = SURFACE_CURVE('',#682,(#727,#775),.PCURVE_S1.);
#682 = B_SPLINE_CURVE_WITH_KNOTS('',7,(#683,#684,#685,#686,#687,#688,
    #689,#690,#691,#692,#693,#694,#695,#696,#697,#698,#699,#700,#701,
    #702,#703,#704,#705,#706,#707,#708,#709,#710,#711,#712,#713,#714,
    #715,#716,#717,#718,#719,#720,#721,#722,#723,#724,#725,#726),
  .UNSPECIFIED.,.T.,.F.,(8,6,6,6,6,6,6,8),(0.,0.153886168227,
    0.285620498472,0.421510754095,0.589776385874,0.715035310584,
    0.837010006434,1.),.UNSPECIFIED.);
#683 = CARTESIAN_POINT('',(68.195295721772,-264.6292260246,22.));
#684 = CARTESIAN_POINT('',(68.195295721772,-264.6292260246,
    22.255803971624));
#685 = CARTESIAN_POINT('',(68.160909882627,-264.6380872779,
    22.511807649461));
#686 = CARTESIAN_POINT('',(68.09204512355,-264.6558339287,
    22.764864413349));
#687 = CARTESIAN_POINT('',(67.98754241738,-264.6827341117,
    23.011580075199));
#688 = CARTESIAN_POINT('',(67.845547907893,-264.7192062351,
    23.247343186294));
#689 = CARTESIAN_POINT('',(67.66367161923,-264.7657575682,
    23.465771806424));
#690 = CARTESIAN_POINT('',(67.248762792136,-264.8714188495,
    23.819965013423));
#691 = CARTESIAN_POINT('',(67.019075826327,-264.9297393531,
    23.969752282715));
#692 = CARTESIAN_POINT('',(66.755581290533,-264.9963745497,
    24.087910570161));
#693 = CARTESIAN_POINT('',(66.467830400238,-265.0687529272,
    24.161954002341));
#694 = CARTESIAN_POINT('',(66.168918263008,-265.1434664683,
    24.185098921603));
#695 = CARTESIAN_POINT('',(65.872871731804,-265.2170317691,
    24.156667195397));
#696 = CARTESIAN_POINT('',(65.302833372763,-265.3579742134,
    24.005899129637));
#697 = CARTESIAN_POINT('',(65.040974576266,-265.4223280344,
    23.88357858452));
#698 = CARTESIAN_POINT('',(64.811014198253,-265.4785386688,
    23.726688315798));
#699 = CARTESIAN_POINT('',(64.61449713157,-265.5263737054,
    23.544277295087));
#700 = CARTESIAN_POINT('',(64.451541587651,-265.5659161987,
    23.344036937219));
#701 = CARTESIAN_POINT('',(64.321254859996,-265.5974627863,
    23.132558826151));
#702 = CARTESIAN_POINT('',(64.098960887031,-265.651209005,
    22.646560869683));
#703 = CARTESIAN_POINT('',(64.021951744635,-265.6697579665,
    22.365705645748));
#704 = CARTESIAN_POINT('',(63.988071287823,-265.677903572,
    22.079267992851));
#705 = CARTESIAN_POINT('',(63.996146846519,-265.6759612855,
    21.791300391608));
#706 = CARTESIAN_POINT('',(64.046501680007,-265.6638491876,
    21.505870282326));
#707 = CARTESIAN_POINT('',(64.140759902748,-265.6411292025,
    21.227694310819));
#708 = CARTESIAN_POINT('',(64.386338443863,-265.5816949128,
    20.768103357063));
#709 = CARTESIAN_POINT('',(64.518050355578,-265.5497672589,
    20.578007190262));
#710 = CARTESIAN_POINT('',(64.677915000833,-265.5109279028,
    20.398924232699));
#711 = CARTESIAN_POINT('',(64.866379680784,-265.4649992865,
    20.236503397502));
#712 = CARTESIAN_POINT('',(65.082996689053,-265.4119985175,
    20.097099816558));
#713 = CARTESIAN_POINT('',(65.3261595377,-265.3522068003,19.987931389462
    ));
#714 = CARTESIAN_POINT('',(65.851420142769,-265.2223356918,
    19.849006483462));
#715 = CARTESIAN_POINT('',(66.124919495751,-265.1543992736,
    19.819204323888));
#716 = CARTESIAN_POINT('',(66.402361888551,-265.0851123803,
    19.833534329574));
#717 = CARTESIAN_POINT('',(66.672044384848,-265.0173731037,
    19.892115714616));
#718 = CARTESIAN_POINT('',(66.922797079486,-264.9540654802,
    19.990041321478));
#719 = CARTESIAN_POINT('',(67.1459895548,-264.8974904237,20.117648336784
    ));
#720 = CARTESIAN_POINT('',(67.591536486866,-264.7842120678,
    20.451652141813));
#721 = CARTESIAN_POINT('',(67.798789564024,-264.7312142647,
    20.67792450955));
#722 = CARTESIAN_POINT('',(67.96006959642,-264.6898051148,
    20.925738723308));
#723 = CARTESIAN_POINT('',(68.078401751288,-264.6593499164,
    21.186791996195));
#724 = CARTESIAN_POINT('',(68.156276662039,-264.6392812465,
    21.455320516707));
#725 = CARTESIAN_POINT('',(68.195295721772,-264.6292260246,
    21.727507368101));
#726 = CARTESIAN_POINT('',(68.195295721772,-264.6292260246,22.));
#727 = PCURVE('',#45,#728);
#728 = DEFINITIONAL_REPRESENTATION('',(#729),#774);
#729 = B_SPLINE_CURVE_WITH_KNOTS('',7,(#730,#731,#732,#733,#734,#735,
    #736,#737,#738,#739,#740,#741,#742,#743,#744,#745,#746,#747,#748,
    #749,#750,#751,#752,#753,#754,#755,#756,#757,#758,#759,#760,#761,
    #762,#763,#764,#765,#766,#767,#768,#769,#770,#771,#772,#773),
  .UNSPECIFIED.,.T.,.F.,(8,6,6,6,6,6,6,8),(0.,0.153886168227,
    0.285620498472,0.421510754095,0.589776385874,0.715035310584,
    0.837010006434,1.),.UNSPECIFIED.);
#730 = CARTESIAN_POINT('',(-0.56637297451,8.));
#731 = CARTESIAN_POINT('',(-0.56637297451,7.744196028376));
#732 = CARTESIAN_POINT('',(-0.566243034842,7.488192350539));
#733 = CARTESIAN_POINT('',(-0.565982803621,7.235135586651));
#734 = CARTESIAN_POINT('',(-0.565587928933,6.988419924801));
#735 = CARTESIAN_POINT('',(-0.565051459452,6.752656813706));
#736 = CARTESIAN_POINT('',(-0.564364462571,6.534228193576));
#737 = CARTESIAN_POINT('',(-0.56279772056,6.180034986577));
#738 = CARTESIAN_POINT('',(-0.561930552214,6.030247717285));
#739 = CARTESIAN_POINT('',(-0.560935988244,5.912089429839));
#740 = CARTESIAN_POINT('',(-0.559850219369,5.838045997659));
#741 = CARTESIAN_POINT('',(-0.558722755899,5.814901078397));
#742 = CARTESIAN_POINT('',(-0.557606482439,5.843332804603));
#743 = CARTESIAN_POINT('',(-0.55545771665,5.994100870363));
#744 = CARTESIAN_POINT('',(-0.554470980478,6.116421415481));
#745 = CARTESIAN_POINT('',(-0.553604708696,6.273311684202));
#746 = CARTESIAN_POINT('',(-0.552864593205,6.455722704913));
#747 = CARTESIAN_POINT('',(-0.552250982223,6.655963062781));
#748 = CARTESIAN_POINT('',(-0.551760445053,6.867441173849));
#749 = CARTESIAN_POINT('',(-0.550923562521,7.353439130317));
#750 = CARTESIAN_POINT('',(-0.550633702359,7.634294354251));
#751 = CARTESIAN_POINT('',(-0.550506190126,7.920732007149));
#752 = CARTESIAN_POINT('',(-0.550536583869,8.208699608391));
#753 = CARTESIAN_POINT('',(-0.550726103789,8.494129717674));
#754 = CARTESIAN_POINT('',(-0.551080902929,8.772305689181));
#755 = CARTESIAN_POINT('',(-0.55200549636,9.231896642937));
#756 = CARTESIAN_POINT('',(-0.552501430429,9.421992809738));
#757 = CARTESIAN_POINT('',(-0.553103443081,9.601075767301));
#758 = CARTESIAN_POINT('',(-0.553813278409,9.763496602498));
#759 = CARTESIAN_POINT('',(-0.554629330163,9.902900183442));
#760 = CARTESIAN_POINT('',(-0.555545644883,10.012068610538));
#761 = CARTESIAN_POINT('',(-0.557525620441,10.150993516538));
#762 = CARTESIAN_POINT('',(-0.558556854568,10.180795676112));
#763 = CARTESIAN_POINT('',(-0.559603283369,10.166465670426));
#764 = CARTESIAN_POINT('',(-0.560620790953,10.107884285384));
#765 = CARTESIAN_POINT('',(-0.561567166268,10.009958678522));
#766 = CARTESIAN_POINT('',(-0.562409728322,9.882351663216));
#767 = CARTESIAN_POINT('',(-0.564091996054,9.548347858187));
#768 = CARTESIAN_POINT('',(-0.564874803689,9.322075490451));
#769 = CARTESIAN_POINT('',(-0.56548412067,9.074261276691));
#770 = CARTESIAN_POINT('',(-0.565931246997,8.813208003805));
#771 = CARTESIAN_POINT('',(-0.56622552651,8.544679483292));
#772 = CARTESIAN_POINT('',(-0.56637297451,8.272492631899));
#773 = CARTESIAN_POINT('',(-0.56637297451,8.));
#774 = ( GEOMETRIC_REPRESENTATION_CONTEXT(2) 
PARAMETRIC_REPRESENTATION_CONTEXT() REPRESENTATION_CONTEXT('2D SPACE',''
  ) );
#775 = PCURVE('',#776,#781);
#776 = CYLINDRICAL_SURFACE('',#777,2.15);
#777 = AXIS2_PLACEMENT_3D('',#778,#779,#780);
#778 = CARTESIAN_POINT('',(65.143518437601,-261.2763816929,22.));
#779 = DIRECTION('',(-0.2419218956,0.970295726276,-0.));
#780 = DIRECTION('',(0.970295726276,0.2419218956,0.));
#781 = DEFINITIONAL_REPRESENTATION('',(#782),#827);
#782 = B_SPLINE_CURVE_WITH_KNOTS('',7,(#783,#784,#785,#786,#787,#788,
    #789,#790,#791,#792,#793,#794,#795,#796,#797,#798,#799,#800,#801,
    #802,#803,#804,#805,#806,#807,#808,#809,#810,#811,#812,#813,#814,
    #815,#816,#817,#818,#819,#820,#821,#822,#823,#824,#825,#826),
  .UNSPECIFIED.,.F.,.F.,(8,6,6,6,6,6,6,8),(0.,0.153886168227,
    0.285620498472,0.421510754095,0.589776385874,0.715035310584,
    0.837010006434,1.),.UNSPECIFIED.);
#783 = CARTESIAN_POINT('',(0.,-3.991542271461));
#784 = CARTESIAN_POINT('',(-0.118978591453,-3.991542271461));
#785 = CARTESIAN_POINT('',(-0.238049340149,-3.991821620215));
#786 = CARTESIAN_POINT('',(-0.358504698416,-3.992381226666));
#787 = CARTESIAN_POINT('',(-0.481519711305,-3.99320086645));
#788 = CARTESIAN_POINT('',(-0.608359290121,-3.994238030969));
#789 = CARTESIAN_POINT('',(-0.740399671082,-3.995406734067));
#790 = CARTESIAN_POINT('',(-0.998847782795,-3.997553893796));
#791 = CARTESIAN_POINT('',(-1.128183917268,-3.998575723057));
#792 = CARTESIAN_POINT('',(-1.263374578931,-3.999486471963));
#793 = CARTESIAN_POINT('',(-1.402111562371,-4.000101661446));
#794 = CARTESIAN_POINT('',(-1.542611289979,-4.000282500165));
#795 = CARTESIAN_POINT('',(-1.683324930736,-4.00004245921));
#796 = CARTESIAN_POINT('',(-1.965301341391,-3.998893550119));
#797 = CARTESIAN_POINT('',(-2.100929008632,-3.997986411157));
#798 = CARTESIAN_POINT('',(-2.23051148784,-3.996894898919));
#799 = CARTESIAN_POINT('',(-2.354854439569,-3.995767249254));
#800 = CARTESIAN_POINT('',(-2.474608638939,-3.99471264741));
#801 = CARTESIAN_POINT('',(-2.590154699747,-3.993802954403));
#802 = CARTESIAN_POINT('',(-2.839976541979,-3.9921749014));
#803 = CARTESIAN_POINT('',(-2.973861074809,-3.991542681785));
#804 = CARTESIAN_POINT('',(-3.10561808983,-3.991249903647));
#805 = CARTESIAN_POINT('',(-3.236897347483,-3.991318965786));
#806 = CARTESIAN_POINT('',(-3.369303390591,-3.991748585713));
#807 = CARTESIAN_POINT('',(-3.504408619878,-3.992506609222));
#808 = CARTESIAN_POINT('',(-3.748345176763,-3.994248598133));
#809 = CARTESIAN_POINT('',(-3.856191847152,-3.99513332739));
#810 = CARTESIAN_POINT('',(-3.96789083171,-3.996122424118));
#811 = CARTESIAN_POINT('',(-4.083674285056,-3.997151816693));
#812 = CARTESIAN_POINT('',(-4.203986236001,-3.998129794291));
#813 = CARTESIAN_POINT('',(-4.329422537113,-3.998940563872));
#814 = CARTESIAN_POINT('',(-4.589249086899,-3.999999223653));
#815 = CARTESIAN_POINT('',(-4.719652380267,-4.000246289326));
#816 = CARTESIAN_POINT('',(-4.850265909071,-4.000136902413));
#817 = CARTESIAN_POINT('',(-4.979605733754,-3.999651872565));
#818 = CARTESIAN_POINT('',(-5.106051601545,-3.99888732319));
#819 = CARTESIAN_POINT('',(-5.227578767465,-3.997987934382));
#820 = CARTESIAN_POINT('',(-5.491877006293,-3.995861988232));
#821 = CARTESIAN_POINT('',(-5.634233700988,-3.994577503656));
#822 = CARTESIAN_POINT('',(-5.7702690642,-3.993415553656));
#823 = CARTESIAN_POINT('',(-5.901619657523,-3.992492144023));
#824 = CARTESIAN_POINT('',(-6.029847097563,-3.99185924536));
#825 = CARTESIAN_POINT('',(-6.156444548157,-3.991542271461));
#826 = CARTESIAN_POINT('',(-6.28318530718,-3.991542271461));
#827 = ( GEOMETRIC_REPRESENTATION_CONTEXT(2) 
PARAMETRIC_REPRESENTATION_CONTEXT() REPRESENTATION_CONTEXT('2D SPACE',''
  ) );
#828 = ADVANCED_FACE('',(#829),#102,.T.);
#829 = FACE_BOUND('',#830,.T.);
#830 = EDGE_LOOP('',(#831,#854,#855,#878,#907,#972,#1118,#1147,#1212,
    #1358,#1387,#1452,#1598,#1627,#1692,#1838));
#831 = ORIENTED_EDGE('',*,*,#832,.F.);
#832 = EDGE_CURVE('',#86,#833,#835,.T.);
#833 = VERTEX_POINT('',#834);
#834 = CARTESIAN_POINT('',(-85.99170410968,-264.655252072,24.));
#835 = SURFACE_CURVE('',#836,(#840,#847),.PCURVE_S1.);
#836 = LINE('',#837,#838);
#837 = CARTESIAN_POINT('',(-85.99170410968,-264.655252072,0.));
#838 = VECTOR('',#839,1.);
#839 = DIRECTION('',(0.,0.,1.));
#840 = PCURVE('',#102,#841);
#841 = DEFINITIONAL_REPRESENTATION('',(#842),#846);
#842 = LINE('',#843,#844);
#843 = CARTESIAN_POINT('',(0.,0.));
#844 = VECTOR('',#845,1.);
#845 = DIRECTION('',(0.,1.));
#846 = ( GEOMETRIC_REPRESENTATION_CONTEXT(2) 
PARAMETRIC_REPRESENTATION_CONTEXT() REPRESENTATION_CONTEXT('2D SPACE',''
  ) );
#847 = PCURVE('',#128,#848);
#848 = DEFINITIONAL_REPRESENTATION('',(#849),#853);
#849 = LINE('',#850,#851);
#850 = CARTESIAN_POINT('',(18.428571428571,-17.));
#851 = VECTOR('',#852,1.);
#852 = DIRECTION('',(-1.,0.));
#853 = ( GEOMETRIC_REPRESENTATION_CONTEXT(2) 
PARAMETRIC_REPRESENTATION_CONTEXT() REPRESENTATION_CONTEXT('2D SPACE',''
  ) );
#854 = ORIENTED_EDGE('',*,*,#85,.T.);
#855 = ORIENTED_EDGE('',*,*,#856,.T.);
#856 = EDGE_CURVE('',#58,#857,#859,.T.);
#857 = VERTEX_POINT('',#858);
#858 = CARTESIAN_POINT('',(85.991704109689,-264.655252072,24.));
#859 = SURFACE_CURVE('',#860,(#864,#871),.PCURVE_S1.);
#860 = LINE('',#861,#862);
#861 = CARTESIAN_POINT('',(85.991704109689,-264.655252072,0.));
#862 = VECTOR('',#863,1.);
#863 = DIRECTION('',(0.,0.,1.));
#864 = PCURVE('',#102,#865);
#865 = DEFINITIONAL_REPRESENTATION('',(#866),#870);
#866 = LINE('',#867,#868);
#867 = CARTESIAN_POINT('',(0.628318530718,0.));
#868 = VECTOR('',#869,1.);
#869 = DIRECTION('',(0.,1.));
#870 = ( GEOMETRIC_REPRESENTATION_CONTEXT(2) 
PARAMETRIC_REPRESENTATION_CONTEXT() REPRESENTATION_CONTEXT('2D SPACE',''
  ) );
#871 = PCURVE('',#73,#872);
#872 = DEFINITIONAL_REPRESENTATION('',(#873),#877);
#873 = LINE('',#874,#875);
#874 = CARTESIAN_POINT('',(18.428571428571,-17.));
#875 = VECTOR('',#876,1.);
#876 = DIRECTION('',(-1.,0.));
#877 = ( GEOMETRIC_REPRESENTATION_CONTEXT(2) 
PARAMETRIC_REPRESENTATION_CONTEXT() REPRESENTATION_CONTEXT('2D SPACE',''
  ) );
#878 = ORIENTED_EDGE('',*,*,#879,.F.);
#879 = EDGE_CURVE('',#880,#857,#882,.T.);
#880 = VERTEX_POINT('',#881);
#881 = CARTESIAN_POINT('',(68.086095323565,-269.8170847974,24.));
#882 = SURFACE_CURVE('',#883,(#888,#895),.PCURVE_S1.);
#883 = CIRCLE('',#884,278.275);
#884 = AXIS2_PLACEMENT_3D('',#885,#886,#887);
#885 = CARTESIAN_POINT('',(0.,0.,24.));
#886 = DIRECTION('',(0.,0.,1.));
#887 = DIRECTION('',(-0.309016994375,-0.951056516295,0.));
#888 = PCURVE('',#102,#889);
#889 = DEFINITIONAL_REPRESENTATION('',(#890),#894);
#890 = LINE('',#891,#892);
#891 = CARTESIAN_POINT('',(0.,24.));
#892 = VECTOR('',#893,1.);
#893 = DIRECTION('',(1.,0.));
#894 = ( GEOMETRIC_REPRESENTATION_CONTEXT(2) 
PARAMETRIC_REPRESENTATION_CONTEXT() REPRESENTATION_CONTEXT('2D SPACE',''
  ) );
#895 = PCURVE('',#896,#901);
#896 = PLANE('',#897);
#897 = AXIS2_PLACEMENT_3D('',#898,#899,#900);
#898 = CARTESIAN_POINT('',(0.,0.,24.));
#899 = DIRECTION('',(0.,0.,1.));
#900 = DIRECTION('',(-0.309016994375,-0.951056516295,-0.));
#901 = DEFINITIONAL_REPRESENTATION('',(#902),#906);
#902 = CIRCLE('',#903,278.275);
#903 = AXIS2_PLACEMENT_2D('',#904,#905);
#904 = CARTESIAN_POINT('',(0.,0.));
#905 = DIRECTION('',(1.,-0.));
#906 = ( GEOMETRIC_REPRESENTATION_CONTEXT(2) 
PARAMETRIC_REPRESENTATION_CONTEXT() REPRESENTATION_CONTEXT('2D SPACE',''
  ) );
#907 = ORIENTED_EDGE('',*,*,#908,.F.);
#908 = EDGE_CURVE('',#909,#880,#911,.T.);
#909 = VERTEX_POINT('',#910);
#910 = CARTESIAN_POINT('',(69.404941965045,-269.4808521135,22.));
#911 = SURFACE_CURVE('',#912,(#930,#951),.PCURVE_S1.);
#912 = B_SPLINE_CURVE_WITH_KNOTS('',6,(#913,#914,#915,#916,#917,#918,
    #919,#920,#921,#922,#923,#924,#925,#926,#927,#928,#929),
  .UNSPECIFIED.,.F.,.F.,(7,5,5,7),(0.,0.533128683317,0.726968147044,1.),
  .UNSPECIFIED.);
#913 = CARTESIAN_POINT('',(69.404941965045,-269.4808521135,22.));
#914 = CARTESIAN_POINT('',(69.404941965045,-269.4808521135,
    22.208469159979));
#915 = CARTESIAN_POINT('',(69.381450942941,-269.4869022483,
    22.416840321196));
#916 = CARTESIAN_POINT('',(69.334513065633,-269.4989910795,
    22.623319447043));
#917 = CARTESIAN_POINT('',(69.263519763178,-269.5172591895,
    22.826000477185));
#918 = CARTESIAN_POINT('',(69.167400264066,-269.5419491864,
    23.022324937813));
#919 = CARTESIAN_POINT('',(69.000283122459,-269.5847522948,
    23.276162835925));
#920 = CARTESIAN_POINT('',(68.952223641989,-269.5970521764,
    23.342508388138));
#921 = CARTESIAN_POINT('',(68.900606763376,-269.6102510123,
    23.40732144516));
#922 = CARTESIAN_POINT('',(68.845378589385,-269.6243593882,
    23.470380210418));
#923 = CARTESIAN_POINT('',(68.786490624718,-269.6393860408,
    23.531434862697));
#924 = CARTESIAN_POINT('',(68.63574034616,-269.6778060005,
    23.672989923423));
#925 = CARTESIAN_POINT('',(68.540095524372,-269.7021450304,
    23.751375633363));
#926 = CARTESIAN_POINT('',(68.437041313678,-269.7283239059,
    23.82433377209));
#927 = CARTESIAN_POINT('',(68.326779394314,-269.756277956,
    23.890811923162));
#928 = CARTESIAN_POINT('',(68.209641694307,-269.7859088999,
    23.949734303292));
#929 = CARTESIAN_POINT('',(68.086093848846,-269.8170851695,
    24.000000600001));
#930 = PCURVE('',#102,#931);
#931 = DEFINITIONAL_REPRESENTATION('',(#932),#950);
#932 = B_SPLINE_CURVE_WITH_KNOTS('',6,(#933,#934,#935,#936,#937,#938,
    #939,#940,#941,#942,#943,#944,#945,#946,#947,#948,#949),
  .UNSPECIFIED.,.F.,.F.,(7,5,5,7),(0.,0.533128683317,0.726968147044,1.),
  .UNSPECIFIED.);
#933 = CARTESIAN_POINT('',(0.566231607663,22.));
#934 = CARTESIAN_POINT('',(0.566231607663,22.208469159979));
#935 = CARTESIAN_POINT('',(0.566144436258,22.416840321196));
#936 = CARTESIAN_POINT('',(0.565970257405,22.623319447043));
#937 = CARTESIAN_POINT('',(0.565706827266,22.826000477185));
#938 = CARTESIAN_POINT('',(0.565350202138,23.022324937813));
#939 = CARTESIAN_POINT('',(0.56473027013,23.276162835925));
#940 = CARTESIAN_POINT('',(0.56455199873,23.342508388138));
#941 = CARTESIAN_POINT('',(0.564360541788,23.40732144516));
#942 = CARTESIAN_POINT('',(0.564155702225,23.470380210418));
#943 = CARTESIAN_POINT('',(0.563937303404,23.531434862697));
#944 = CARTESIAN_POINT('',(0.563378255399,23.672989923423));
#945 = CARTESIAN_POINT('',(0.563023595243,23.751375633363));
#946 = CARTESIAN_POINT('',(0.562641500812,23.82433377209));
#947 = CARTESIAN_POINT('',(0.56223273168,23.890811923162));
#948 = CARTESIAN_POINT('',(0.561798530736,23.949734303292));
#949 = CARTESIAN_POINT('',(0.561340635916,24.000000600001));
#950 = ( GEOMETRIC_REPRESENTATION_CONTEXT(2) 
PARAMETRIC_REPRESENTATION_CONTEXT() REPRESENTATION_CONTEXT('2D SPACE',''
  ) );
#951 = PCURVE('',#776,#952);
#952 = DEFINITIONAL_REPRESENTATION('',(#953),#971);
#953 = B_SPLINE_CURVE_WITH_KNOTS('',6,(#954,#955,#956,#957,#958,#959,
    #960,#961,#962,#963,#964,#965,#966,#967,#968,#969,#970),
  .UNSPECIFIED.,.F.,.F.,(7,5,5,7),(0.,0.533128683317,0.726968147044,1.),
  .UNSPECIFIED.);
#954 = CARTESIAN_POINT('',(0.,-8.991694243131));
#955 = CARTESIAN_POINT('',(-9.696239999033E-02,-8.991694243131));
#956 = CARTESIAN_POINT('',(-0.193880007902,-8.99188167055));
#957 = CARTESIAN_POINT('',(-0.291554032892,-8.99225611146));
#958 = CARTESIAN_POINT('',(-0.39074845599,-8.992806746205));
#959 = CARTESIAN_POINT('',(-0.492217027626,-8.993509933301));
#960 = CARTESIAN_POINT('',(-0.634965077004,-8.994612310802));
#961 = CARTESIAN_POINT('',(-0.673456528504,-8.994920192745));
#962 = CARTESIAN_POINT('',(-0.712417055263,-8.995239713617));
#963 = CARTESIAN_POINT('',(-0.751885917336,-8.99556810596));
#964 = CARTESIAN_POINT('',(-0.791904962947,-8.995902114656));
#965 = CARTESIAN_POINT('',(-0.88973310404,-8.996711044208));
#966 = CARTESIAN_POINT('',(-0.948221302843,-8.997188524351));
#967 = CARTESIAN_POINT('',(-1.007974823163,-8.997658705402));
#968 = CARTESIAN_POINT('',(-1.069001813698,-8.998107628194));
#969 = CARTESIAN_POINT('',(-1.131336755809,-8.998520231953));
#970 = CARTESIAN_POINT('',(-1.195046821041,-8.998881504176));
#971 = ( GEOMETRIC_REPRESENTATION_CONTEXT(2) 
PARAMETRIC_REPRESENTATION_CONTEXT() REPRESENTATION_CONTEXT('2D SPACE',''
  ) );
#972 = ORIENTED_EDGE('',*,*,#973,.F.);
#973 = EDGE_CURVE('',#974,#909,#976,.T.);
#974 = VERTEX_POINT('',#975);
#975 = CARTESIAN_POINT('',(66.554994493084,-270.1988311096,24.));
#976 = SURFACE_CURVE('',#977,(#1022,#1070),.PCURVE_S1.);
#977 = B_SPLINE_CURVE_WITH_KNOTS('',7,(#978,#979,#980,#981,#982,#983,
    #984,#985,#986,#987,#988,#989,#990,#991,#992,#993,#994,#995,#996,
    #997,#998,#999,#1000,#1001,#1002,#1003,#1004,#1005,#1006,#1007,#1008
    ,#1009,#1010,#1011,#1012,#1013,#1014,#1015,#1016,#1017,#1018,#1019,
    #1020,#1021),.UNSPECIFIED.,.F.,.F.,(8,6,6,6,6,6,6,8),(0.,
    8.291387429739E-02,0.18720740251,0.299352508977,0.52083329005,
    0.721345615235,0.860668238284,1.),.UNSPECIFIED.);
#978 = CARTESIAN_POINT('',(66.554995969889,-270.1988307458,
    24.000000600001));
#979 = CARTESIAN_POINT('',(66.448947988647,-270.2249523354,
    23.956915202822));
#980 = CARTESIAN_POINT('',(66.34746094241,-270.2498989684,
    23.907646888913));
#981 = CARTESIAN_POINT('',(66.250805059121,-270.2736121104,
    23.852824408263));
#982 = CARTESIAN_POINT('',(66.159193273659,-270.2960475335,
    23.79306599835));
#983 = CARTESIAN_POINT('',(66.072782057275,-270.3171747702,
    23.728979716238));
#984 = CARTESIAN_POINT('',(65.991672247024,-270.3369765684,
    23.661163770678));
#985 = CARTESIAN_POINT('',(65.820611891229,-270.3786831405,
    23.500953430301));
#986 = CARTESIAN_POINT('',(65.733638882341,-270.3998466771,
    23.406603010959));
#987 = CARTESIAN_POINT('',(65.654844816976,-270.418987669,
    23.308036207829));
#988 = CARTESIAN_POINT('',(65.584052875903,-270.4361601425,
    23.205993237924));
#989 = CARTESIAN_POINT('',(65.521073339038,-270.4514192758,
    23.101095461376));
#990 = CARTESIAN_POINT('',(65.465721472259,-270.4648172393,
    22.99386691919));
#991 = CARTESIAN_POINT('',(65.366344327792,-270.4888527474,
    22.767430564958));
#992 = CARTESIAN_POINT('',(65.323472898819,-270.4992096032,
    22.647900486452));
#993 = CARTESIAN_POINT('',(65.289021620125,-270.5075251084,
    22.526709402984));
#994 = CARTESIAN_POINT('',(65.262830050057,-270.5138433003,
    22.40431654814));
#995 = CARTESIAN_POINT('',(65.244783147786,-270.5181954018,
    22.281121338244));
#996 = CARTESIAN_POINT('',(65.234817608602,-270.5205984769,
    22.157488089014));
#997 = CARTESIAN_POINT('',(65.229196713444,-270.5219538888,
    21.789435355686));
#998 = CARTESIAN_POINT('',(65.256971041511,-270.5152563668,
    21.545132057349));
#999 = CARTESIAN_POINT('',(65.316035692861,-270.5010154854,
    21.30326515763));
#1000 = CARTESIAN_POINT('',(65.407316112315,-270.4789853003,
    21.066474403862));
#1001 = CARTESIAN_POINT('',(65.532419592412,-270.4487327856,
    20.838482470509));
#1002 = CARTESIAN_POINT('',(65.693375725268,-270.4096849749,
    20.62451682568));
#1003 = CARTESIAN_POINT('',(66.071468553563,-270.3175370937,
    20.259076476911));
#1004 = CARTESIAN_POINT('',(66.289351969265,-270.2642874551,
    20.096344469815));
#1005 = CARTESIAN_POINT('',(66.54258300439,-270.2021626902,
    19.961741418353));
#1006 = CARTESIAN_POINT('',(66.823372908156,-270.1329243775,
    19.868034394109));
#1007 = CARTESIAN_POINT('',(67.120319404791,-270.0592522188,
    19.823368103982));
#1008 = CARTESIAN_POINT('',(67.420559864592,-269.9843213915,
    19.830833835944));
#1009 = CARTESIAN_POINT('',(67.913905396052,-269.8605576246,
    19.927860622203));
#1010 = CARTESIAN_POINT('',(68.111677537225,-269.8107553336,
    19.991660212476));
#1011 = CARTESIAN_POINT('',(68.301727417982,-269.7627171009,
    20.0788445391));
#1012 = CARTESIAN_POINT('',(68.480967661709,-269.7172501676,
    20.188199807912));
#1013 = CARTESIAN_POINT('',(68.646543683853,-269.6751169994,
    20.317985638589));
#1014 = CARTESIAN_POINT('',(68.795926906878,-269.6370048307,
    20.465982843781));
#1015 = CARTESIAN_POINT('',(69.058117382225,-269.5699730294,
    20.793104728493));
#1016 = CARTESIAN_POINT('',(69.170949641995,-269.5410470383,
    20.972267155072));
#1017 = CARTESIAN_POINT('',(69.26341498852,-269.5172884471,
    21.164392772858));
#1018 = CARTESIAN_POINT('',(69.333893647845,-269.4991506914,
    21.366522757667));
#1019 = CARTESIAN_POINT('',(69.381263977055,-269.4869503742,
    21.575431491671));
#1020 = CARTESIAN_POINT('',(69.404941965045,-269.4808521135,
    21.787728039669));
#1021 = CARTESIAN_POINT('',(69.404941965045,-269.4808521135,22.));
#1022 = PCURVE('',#102,#1023);
#1023 = DEFINITIONAL_REPRESENTATION('',(#1024),#1069);
#1024 = B_SPLINE_CURVE_WITH_KNOTS('',7,(#1025,#1026,#1027,#1028,#1029,
    #1030,#1031,#1032,#1033,#1034,#1035,#1036,#1037,#1038,#1039,#1040,
    #1041,#1042,#1043,#1044,#1045,#1046,#1047,#1048,#1049,#1050,#1051,
    #1052,#1053,#1054,#1055,#1056,#1057,#1058,#1059,#1060,#1061,#1062,
    #1063,#1064,#1065,#1066,#1067,#1068),.UNSPECIFIED.,.F.,.F.,(8,6,6,6,
    6,6,6,8),(0.,8.291387429739E-02,0.18720740251,0.299352508977,
    0.52083329005,0.721345615235,0.860668238284,1.),.UNSPECIFIED.);
#1025 = CARTESIAN_POINT('',(0.55567008536,24.000000600001));
#1026 = CARTESIAN_POINT('',(0.555277604086,23.956915202822));
#1027 = CARTESIAN_POINT('',(0.554902047009,23.907646888913));
#1028 = CARTESIAN_POINT('',(0.554544407235,23.852824408263));
#1029 = CARTESIAN_POINT('',(0.554205465708,23.79306599835));
#1030 = CARTESIAN_POINT('',(0.55388579456,23.728979716238));
#1031 = CARTESIAN_POINT('',(0.553585760468,23.661163770678));
#1032 = CARTESIAN_POINT('',(0.55295303656,23.500953430301));
#1033 = CARTESIAN_POINT('',(0.552631373163,23.406603010959));
#1034 = CARTESIAN_POINT('',(0.552339986444,23.308036207829));
#1035 = CARTESIAN_POINT('',(0.55207821307,23.205993237924));
#1036 = CARTESIAN_POINT('',(0.551845343714,23.101095461376));
#1037 = CARTESIAN_POINT('',(0.551640689036,22.99386691919));
#1038 = CARTESIAN_POINT('',(0.55127327382,22.767430564958));
#1039 = CARTESIAN_POINT('',(0.551114780636,22.647900486452));
#1040 = CARTESIAN_POINT('',(0.550987422344,22.526709402984));
#1041 = CARTESIAN_POINT('',(0.550890601345,22.40431654814));
#1042 = CARTESIAN_POINT('',(0.55082388945,22.281121338244));
#1043 = CARTESIAN_POINT('',(0.550787051134,22.157488089014));
#1044 = CARTESIAN_POINT('',(0.550766273102,21.789435355686));
#1045 = CARTESIAN_POINT('',(0.550868942911,21.545132057349));
#1046 = CARTESIAN_POINT('',(0.551087277964,21.30326515763));
#1047 = CARTESIAN_POINT('',(0.551424718422,21.066474403862));
#1048 = CARTESIAN_POINT('',(0.551887244045,20.838482470509));
#1049 = CARTESIAN_POINT('',(0.552482427981,20.62451682568));
#1050 = CARTESIAN_POINT('',(0.553880900314,20.259076476911));
#1051 = CARTESIAN_POINT('',(0.554686923049,20.096344469815));
#1052 = CARTESIAN_POINT('',(0.555623909951,19.961741418353));
#1053 = CARTESIAN_POINT('',(0.556663169794,19.868034394109));
#1054 = CARTESIAN_POINT('',(0.557762616553,19.823368103982));
#1055 = CARTESIAN_POINT('',(0.558874643228,19.830833835944));
#1056 = CARTESIAN_POINT('',(0.560702449387,19.927860622203));
#1057 = CARTESIAN_POINT('',(0.561435343847,19.991660212476));
#1058 = CARTESIAN_POINT('',(0.562139780072,20.0788445391));
#1059 = CARTESIAN_POINT('',(0.562804291525,20.188199807912));
#1060 = CARTESIAN_POINT('',(0.563418261805,20.317985638589));
#1061 = CARTESIAN_POINT('',(0.563972276164,20.465982843781));
#1062 = CARTESIAN_POINT('',(0.564944780174,20.793104728493));
#1063 = CARTESIAN_POINT('',(0.56536336255,20.972267155072));
#1064 = CARTESIAN_POINT('',(0.565706436434,21.164392772858));
#1065 = CARTESIAN_POINT('',(0.565967958767,21.366522757667));
#1066 = CARTESIAN_POINT('',(0.566143742484,21.575431491671));
#1067 = CARTESIAN_POINT('',(0.566231607663,21.787728039669));
#1068 = CARTESIAN_POINT('',(0.566231607663,22.));
#1069 = ( GEOMETRIC_REPRESENTATION_CONTEXT(2) 
PARAMETRIC_REPRESENTATION_CONTEXT() REPRESENTATION_CONTEXT('2D SPACE',''
  ) );
#1070 = PCURVE('',#776,#1071);
#1071 = DEFINITIONAL_REPRESENTATION('',(#1072),#1117);
#1072 = B_SPLINE_CURVE_WITH_KNOTS('',7,(#1073,#1074,#1075,#1076,#1077,
    #1078,#1079,#1080,#1081,#1082,#1083,#1084,#1085,#1086,#1087,#1088,
    #1089,#1090,#1091,#1092,#1093,#1094,#1095,#1096,#1097,#1098,#1099,
    #1100,#1101,#1102,#1103,#1104,#1105,#1106,#1107,#1108,#1109,#1110,
    #1111,#1112,#1113,#1114,#1115,#1116),.UNSPECIFIED.,.F.,.F.,(8,6,6,6,
    6,6,6,8),(0.,8.291387429739E-02,0.18720740251,0.299352508977,
    0.52083329005,0.721345615235,0.860668238284,1.),.UNSPECIFIED.);
#1073 = CARTESIAN_POINT('',(-1.946545832548,-8.998881504176));
#1074 = CARTESIAN_POINT('',(-2.00115445989,-8.998571842271));
#1075 = CARTESIAN_POINT('',(-2.054780856431,-8.998225514982));
#1076 = CARTESIAN_POINT('',(-2.107463405912,-8.997851100884));
#1077 = CARTESIAN_POINT('',(-2.159226481993,-8.997457199237));
#1078 = CARTESIAN_POINT('',(-2.210082264691,-8.997052101453));
#1079 = CARTESIAN_POINT('',(-2.260032556813,-8.996643462559));
#1080 = CARTESIAN_POINT('',(-2.370753287689,-8.995727925678));
#1081 = CARTESIAN_POINT('',(-2.431080756519,-8.995222139611));
#1082 = CARTESIAN_POINT('',(-2.490211479732,-8.994732552619));
#1083 = CARTESIAN_POINT('',(-2.548287566918,-8.994268809611));
#1084 = CARTESIAN_POINT('',(-2.605440192309,-8.993838552548));
#1085 = CARTESIAN_POINT('',(-2.661795022701,-8.993447710754));
#1086 = CARTESIAN_POINT('',(-2.777352248823,-8.992727754376));
#1087 = CARTESIAN_POINT('',(-2.836463779328,-8.99240542986));
#1088 = CARTESIAN_POINT('',(-2.894971062186,-8.992139410372));
#1089 = CARTESIAN_POINT('',(-2.953022972915,-8.991933610697));
#1090 = CARTESIAN_POINT('',(-3.010763137702,-8.991790495447));
#1091 = CARTESIAN_POINT('',(-3.068334633866,-8.991711306822));
#1092 = CARTESIAN_POINT('',(-3.239543073253,-8.991666639564));
#1093 = CARTESIAN_POINT('',(-3.352949432822,-8.99188728066));
#1094 = CARTESIAN_POINT('',(-3.467387716104,-8.992358446694));
#1095 = CARTESIAN_POINT('',(-3.583966546371,-8.993065384356));
#1096 = CARTESIAN_POINT('',(-3.703807637857,-8.993976769715));
#1097 = CARTESIAN_POINT('',(-3.828088448864,-8.995027658621));
#1098 = CARTESIAN_POINT('',(-4.076387293121,-8.997085897026));
#1099 = CARTESIAN_POINT('',(-4.204249552766,-8.998128769248));
#1100 = CARTESIAN_POINT('',(-4.338184886377,-8.999111507396));
#1101 = CARTESIAN_POINT('',(-4.476171939851,-8.999859094325));
#1102 = CARTESIAN_POINT('',(-4.616752410934,-9.000213172855));
#1103 = CARTESIAN_POINT('',(-4.758782621701,-9.000142852603));
#1104 = CARTESIAN_POINT('',(-4.999621671712,-8.999406484653));
#1105 = CARTESIAN_POINT('',(-5.098360137604,-8.998928945834));
#1106 = CARTESIAN_POINT('',(-5.197091524429,-8.998294881338));
#1107 = CARTESIAN_POINT('',(-5.295821904562,-8.997540649763));
#1108 = CARTESIAN_POINT('',(-5.394560109592,-8.996715481884));
#1109 = CARTESIAN_POINT('',(-5.493305456123,-8.995874479988));
#1110 = CARTESIAN_POINT('',(-5.690770866674,-8.994263426467));
#1111 = CARTESIAN_POINT('',(-5.789511789019,-8.993493255069));
#1112 = CARTESIAN_POINT('',(-5.888241624938,-8.992809787512));
#1113 = CARTESIAN_POINT('',(-5.986972169152,-8.992261131545));
#1114 = CARTESIAN_POINT('',(-6.085711871726,-8.99188313575));
#1115 = CARTESIAN_POINT('',(-6.18445416284,-8.991694243131));
#1116 = CARTESIAN_POINT('',(-6.28318530718,-8.991694243131));
#1117 = ( GEOMETRIC_REPRESENTATION_CONTEXT(2) 
PARAMETRIC_REPRESENTATION_CONTEXT() REPRESENTATION_CONTEXT('2D SPACE',''
  ) );
#1118 = ORIENTED_EDGE('',*,*,#1119,.F.);
#1119 = EDGE_CURVE('',#1120,#974,#1122,.T.);
#1120 = VERTEX_POINT('',#1121);
#1121 = CARTESIAN_POINT('',(20.198469468495,-277.540983381,24.));
#1122 = SURFACE_CURVE('',#1123,(#1128,#1135),.PCURVE_S1.);
#1123 = CIRCLE('',#1124,278.275);
#1124 = AXIS2_PLACEMENT_3D('',#1125,#1126,#1127);
#1125 = CARTESIAN_POINT('',(0.,0.,24.));
#1126 = DIRECTION('',(0.,0.,1.));
#1127 = DIRECTION('',(-0.309016994375,-0.951056516295,0.));
#1128 = PCURVE('',#102,#1129);
#1129 = DEFINITIONAL_REPRESENTATION('',(#1130),#1134);
#1130 = LINE('',#1131,#1132);
#1131 = CARTESIAN_POINT('',(0.,24.));
#1132 = VECTOR('',#1133,1.);
#1133 = DIRECTION('',(1.,0.));
#1134 = ( GEOMETRIC_REPRESENTATION_CONTEXT(2) 
PARAMETRIC_REPRESENTATION_CONTEXT() REPRESENTATION_CONTEXT('2D SPACE',''
  ) );
#1135 = PCURVE('',#1136,#1141);
#1136 = PLANE('',#1137);
#1137 = AXIS2_PLACEMENT_3D('',#1138,#1139,#1140);
#1138 = CARTESIAN_POINT('',(0.,0.,24.));
#1139 = DIRECTION('',(0.,0.,1.));
#1140 = DIRECTION('',(-0.309016994375,-0.951056516295,-0.));
#1141 = DEFINITIONAL_REPRESENTATION('',(#1142),#1146);
#1142 = CIRCLE('',#1143,278.275);
#1143 = AXIS2_PLACEMENT_2D('',#1144,#1145);
#1144 = CARTESIAN_POINT('',(0.,0.));
#1145 = DIRECTION('',(1.,-0.));
#1146 = ( GEOMETRIC_REPRESENTATION_CONTEXT(2) 
PARAMETRIC_REPRESENTATION_CONTEXT() REPRESENTATION_CONTEXT('2D SPACE',''
  ) );
#1147 = ORIENTED_EDGE('',*,*,#1148,.F.);
#1148 = EDGE_CURVE('',#1149,#1120,#1151,.T.);
#1149 = VERTEX_POINT('',#1150);
#1150 = CARTESIAN_POINT('',(21.555666058894,-277.438874143,22.));
#1151 = SURFACE_CURVE('',#1152,(#1170,#1191),.PCURVE_S1.);
#1152 = B_SPLINE_CURVE_WITH_KNOTS('',6,(#1153,#1154,#1155,#1156,#1157,
    #1158,#1159,#1160,#1161,#1162,#1163,#1164,#1165,#1166,#1167,#1168,
    #1169),.UNSPECIFIED.,.F.,.F.,(7,5,5,7),(0.,0.533128683317,
    0.726968147045,1.),.UNSPECIFIED.);
#1153 = CARTESIAN_POINT('',(21.555666058894,-277.438874143,22.));
#1154 = CARTESIAN_POINT('',(21.555666058894,-277.438874143,
    22.208469159979));
#1155 = CARTESIAN_POINT('',(21.531481323304,-277.4407531895,
    22.416840321196));
#1156 = CARTESIAN_POINT('',(21.483157334328,-277.4445076873,
    22.623319447043));
#1157 = CARTESIAN_POINT('',(21.41007035565,-277.450170406,
    22.826000477185));
#1158 = CARTESIAN_POINT('',(21.311123754731,-277.4577943306,
    23.022324937814));
#1159 = CARTESIAN_POINT('',(21.139112816237,-277.4709275765,
    23.276162835925));
#1160 = CARTESIAN_POINT('',(21.089647615238,-277.4746951541,
    23.342508388138));
#1161 = CARTESIAN_POINT('',(21.036522959205,-277.4787302931,
    23.407321445161));
#1162 = CARTESIAN_POINT('',(20.979683931501,-277.4830340593,
    23.470380210418));
#1163 = CARTESIAN_POINT('',(20.919081256509,-277.4876066355,
    23.531434862697));
#1164 = CARTESIAN_POINT('',(20.763949657428,-277.4992653985,
    23.672989923423));
#1165 = CARTESIAN_POINT('',(20.6655314672,-277.5066261149,
    23.751375633363));
#1166 = CARTESIAN_POINT('',(20.559496967498,-277.5145120986,
    23.824333772089));
#1167 = CARTESIAN_POINT('',(20.44605600459,-277.5228946825,
    23.890811923161));
#1168 = CARTESIAN_POINT('',(20.32555253005,-277.5317347176,
    23.949734303291));
#1169 = CARTESIAN_POINT('',(20.198467951563,-277.5409834914,24.0000006)
  );
#1170 = PCURVE('',#102,#1171);
#1171 = DEFINITIONAL_REPRESENTATION('',(#1172),#1190);
#1172 = B_SPLINE_CURVE_WITH_KNOTS('',6,(#1173,#1174,#1175,#1176,#1177,
    #1178,#1179,#1180,#1181,#1182,#1183,#1184,#1185,#1186,#1187,#1188,
    #1189),.UNSPECIFIED.,.F.,.F.,(7,5,5,7),(0.,0.533128683317,
    0.726968147045,1.),.UNSPECIFIED.);
#1173 = CARTESIAN_POINT('',(0.391698682464,22.));
#1174 = CARTESIAN_POINT('',(0.391698682464,22.208469159979));
#1175 = CARTESIAN_POINT('',(0.391611511059,22.416840321196));
#1176 = CARTESIAN_POINT('',(0.391437332206,22.623319447043));
#1177 = CARTESIAN_POINT('',(0.391173902067,22.826000477185));
#1178 = CARTESIAN_POINT('',(0.390817276939,23.022324937814));
#1179 = CARTESIAN_POINT('',(0.39019734493,23.276162835925));
#1180 = CARTESIAN_POINT('',(0.390019073531,23.342508388138));
#1181 = CARTESIAN_POINT('',(0.389827616589,23.407321445161));
#1182 = CARTESIAN_POINT('',(0.389622777026,23.470380210418));
#1183 = CARTESIAN_POINT('',(0.389404378205,23.531434862697));
#1184 = CARTESIAN_POINT('',(0.3888453302,23.672989923423));
#1185 = CARTESIAN_POINT('',(0.388490670044,23.751375633363));
#1186 = CARTESIAN_POINT('',(0.388108575612,23.824333772089));
#1187 = CARTESIAN_POINT('',(0.387699806481,23.890811923161));
#1188 = CARTESIAN_POINT('',(0.387265605536,23.949734303291));
#1189 = CARTESIAN_POINT('',(0.386807710717,24.0000006));
#1190 = ( GEOMETRIC_REPRESENTATION_CONTEXT(2) 
PARAMETRIC_REPRESENTATION_CONTEXT() REPRESENTATION_CONTEXT('2D SPACE',''
  ) );
#1191 = PCURVE('',#623,#1192);
#1192 = DEFINITIONAL_REPRESENTATION('',(#1193),#1211);
#1193 = B_SPLINE_CURVE_WITH_KNOTS('',6,(#1194,#1195,#1196,#1197,#1198,
    #1199,#1200,#1201,#1202,#1203,#1204,#1205,#1206,#1207,#1208,#1209,
    #1210),.UNSPECIFIED.,.F.,.F.,(7,5,5,7),(0.,0.533128683317,
    0.726968147045,1.),.UNSPECIFIED.);
#1194 = CARTESIAN_POINT('',(0.,-8.991694243131));
#1195 = CARTESIAN_POINT('',(-9.69623999903E-02,-8.991694243131));
#1196 = CARTESIAN_POINT('',(-0.193880007902,-8.99188167055));
#1197 = CARTESIAN_POINT('',(-0.291554032892,-8.992256111459));
#1198 = CARTESIAN_POINT('',(-0.39074845599,-8.992806746205));
#1199 = CARTESIAN_POINT('',(-0.492217027626,-8.993509933301));
#1200 = CARTESIAN_POINT('',(-0.634965077004,-8.994612310802));
#1201 = CARTESIAN_POINT('',(-0.673456528504,-8.994920192745));
#1202 = CARTESIAN_POINT('',(-0.712417055263,-8.995239713617));
#1203 = CARTESIAN_POINT('',(-0.751885917336,-8.99556810596));
#1204 = CARTESIAN_POINT('',(-0.791904962947,-8.995902114656));
#1205 = CARTESIAN_POINT('',(-0.889733104039,-8.996711044208));
#1206 = CARTESIAN_POINT('',(-0.948221302842,-8.997188524351));
#1207 = CARTESIAN_POINT('',(-1.007974823163,-8.997658705402));
#1208 = CARTESIAN_POINT('',(-1.069001813698,-8.998107628193));
#1209 = CARTESIAN_POINT('',(-1.131336755808,-8.998520231953));
#1210 = CARTESIAN_POINT('',(-1.19504682104,-8.998881504176));
#1211 = ( GEOMETRIC_REPRESENTATION_CONTEXT(2) 
PARAMETRIC_REPRESENTATION_CONTEXT() REPRESENTATION_CONTEXT('2D SPACE',''
  ) );
#1212 = ORIENTED_EDGE('',*,*,#1213,.F.);
#1213 = EDGE_CURVE('',#1214,#1149,#1216,.T.);
#1214 = VERTEX_POINT('',#1215);
#1215 = CARTESIAN_POINT('',(18.624339948547,-277.6510572399,24.));
#1216 = SURFACE_CURVE('',#1217,(#1262,#1310),.PCURVE_S1.);
#1217 = B_SPLINE_CURVE_WITH_KNOTS('',7,(#1218,#1219,#1220,#1221,#1222,
    #1223,#1224,#1225,#1226,#1227,#1228,#1229,#1230,#1231,#1232,#1233,
    #1234,#1235,#1236,#1237,#1238,#1239,#1240,#1241,#1242,#1243,#1244,
    #1245,#1246,#1247,#1248,#1249,#1250,#1251,#1252,#1253,#1254,#1255,
    #1256,#1257,#1258,#1259,#1260,#1261),.UNSPECIFIED.,.F.,.F.,(8,6,6,6,
    6,6,6,8),(0.,8.291387330127E-02,0.187207400251,0.299352514692,
    0.520833296046,0.721345618734,0.860668240027,1.),.UNSPECIFIED.);
#1218 = CARTESIAN_POINT('',(18.624341466081,-277.6510571381,24.0000006)
  );
#1219 = CARTESIAN_POINT('',(18.515368625544,-277.6583668434,
    23.956915202825));
#1220 = CARTESIAN_POINT('',(18.411091458223,-277.6653114403,
    23.907646888914));
#1221 = CARTESIAN_POINT('',(18.31178625107,-277.6718802085,
    23.852824408259));
#1222 = CARTESIAN_POINT('',(18.217670384144,-277.6780665675,
    23.793065998344));
#1223 = CARTESIAN_POINT('',(18.128903242157,-277.6838676837,
    23.728979716237));
#1224 = CARTESIAN_POINT('',(18.045587126014,-277.6892840774,
    23.661163770685));
#1225 = CARTESIAN_POINT('',(17.869883291146,-277.7006527138,
    23.500953430301));
#1226 = CARTESIAN_POINT('',(17.780556588128,-277.7063920243,
    23.406603010959));
#1227 = CARTESIAN_POINT('',(17.699635783298,-277.7115597757,
    23.308036207829));
#1228 = CARTESIAN_POINT('',(17.626937362164,-277.7161784691,
    23.205993237924));
#1229 = CARTESIAN_POINT('',(17.562264905278,-277.7202695001,
    23.101095461376));
#1230 = CARTESIAN_POINT('',(17.505427425782,-277.7238521676,
    22.99386691919));
#1231 = CARTESIAN_POINT('',(17.403386316857,-277.7302658626,
    22.767430555194));
#1232 = CARTESIAN_POINT('',(17.359367758474,-277.7330208285,
    22.647900496559));
#1233 = CARTESIAN_POINT('',(17.323995901193,-277.7352276006,
    22.52670941087));
#1234 = CARTESIAN_POINT('',(17.297105093751,-277.7369016868,
    22.404316539947));
#1235 = CARTESIAN_POINT('',(17.278576627642,-277.7380538587,
    22.281121328206));
#1236 = CARTESIAN_POINT('',(17.268345200552,-277.7386899278,
    22.15748809921));
#1237 = CARTESIAN_POINT('',(17.262574334411,-277.7390486897,
    21.789435352615));
#1238 = CARTESIAN_POINT('',(17.29108971827,-277.7372758797,
    21.545132069008));
#1239 = CARTESIAN_POINT('',(17.351729958061,-277.7335078177,
    21.303265137062));
#1240 = CARTESIAN_POINT('',(17.445449105236,-277.7276630003,
    21.066474423952));
#1241 = CARTESIAN_POINT('',(17.573905296038,-277.7195940794,
    20.838482459711));
#1242 = CARTESIAN_POINT('',(17.739196713603,-277.7090892325,
    20.624516828312));
#1243 = CARTESIAN_POINT('',(18.127546776713,-277.6839964151,
    20.259076476911));
#1244 = CARTESIAN_POINT('',(18.351366756448,-277.6693908163,
    20.096344469815));
#1245 = CARTESIAN_POINT('',(18.611538495356,-277.6521829739,
    19.961741418353));
#1246 = CARTESIAN_POINT('',(18.90008567637,-277.6327552019,
    19.868034394109));
#1247 = CARTESIAN_POINT('',(19.205313924605,-277.6117665068,
    19.823368103982));
#1248 = CARTESIAN_POINT('',(19.514004658784,-277.5901102559,
    19.830833835944));
#1249 = CARTESIAN_POINT('',(20.021346515635,-277.5538952912,
    19.927860622197));
#1250 = CARTESIAN_POINT('',(20.224762130732,-277.5391923808,
    19.991660212475));
#1251 = CARTESIAN_POINT('',(20.420266478313,-277.5248857722,
    20.07884453912));
#1252 = CARTESIAN_POINT('',(20.604678910064,-277.5112343255,
    20.188199807908));
#1253 = CARTESIAN_POINT('',(20.775055808266,-277.4984932293,
    20.317985638557));
#1254 = CARTESIAN_POINT('',(20.928787673146,-277.4869001946,
    20.465982843806));
#1255 = CARTESIAN_POINT('',(21.198634836146,-277.4664156552,
    20.793104728483));
#1256 = CARTESIAN_POINT('',(21.314775866022,-277.4575222311,
    20.97226715508));
#1257 = CARTESIAN_POINT('',(21.409962092213,-277.4501810253,
    21.164392772869));
#1258 = CARTESIAN_POINT('',(21.482519610554,-277.4445573136,
    21.366522757659));
#1259 = CARTESIAN_POINT('',(21.53128884088,-277.440768118,
    21.575431491656));
#1260 = CARTESIAN_POINT('',(21.555666058894,-277.438874143,
    21.787728039683));
#1261 = CARTESIAN_POINT('',(21.555666058894,-277.438874143,22.));
#1262 = PCURVE('',#102,#1263);
#1263 = DEFINITIONAL_REPRESENTATION('',(#1264),#1309);
#1264 = B_SPLINE_CURVE_WITH_KNOTS('',7,(#1265,#1266,#1267,#1268,#1269,
    #1270,#1271,#1272,#1273,#1274,#1275,#1276,#1277,#1278,#1279,#1280,
    #1281,#1282,#1283,#1284,#1285,#1286,#1287,#1288,#1289,#1290,#1291,
    #1292,#1293,#1294,#1295,#1296,#1297,#1298,#1299,#1300,#1301,#1302,
    #1303,#1304,#1305,#1306,#1307,#1308),.UNSPECIFIED.,.F.,.F.,(8,6,6,6,
    6,6,6,8),(0.,8.291387330127E-02,0.187207400251,0.299352514692,
    0.520833296046,0.721345618734,0.860668240027,1.),.UNSPECIFIED.);
#1265 = CARTESIAN_POINT('',(0.381137160161,24.0000006));
#1266 = CARTESIAN_POINT('',(0.380744678887,23.956915202825));
#1267 = CARTESIAN_POINT('',(0.380369121809,23.907646888914));
#1268 = CARTESIAN_POINT('',(0.380011482036,23.852824408259));
#1269 = CARTESIAN_POINT('',(0.379672540509,23.793065998344));
#1270 = CARTESIAN_POINT('',(0.37935286936,23.728979716237));
#1271 = CARTESIAN_POINT('',(0.379052835268,23.661163770685));
#1272 = CARTESIAN_POINT('',(0.37842011136,23.500953430301));
#1273 = CARTESIAN_POINT('',(0.378098447963,23.406603010959));
#1274 = CARTESIAN_POINT('',(0.377807061245,23.308036207829));
#1275 = CARTESIAN_POINT('',(0.37754528787,23.205993237924));
#1276 = CARTESIAN_POINT('',(0.377312418515,23.101095461376));
#1277 = CARTESIAN_POINT('',(0.377107763837,22.99386691919));
#1278 = CARTESIAN_POINT('',(0.376740348605,22.767430555194));
#1279 = CARTESIAN_POINT('',(0.376581855444,22.647900496559));
#1280 = CARTESIAN_POINT('',(0.376454497157,22.52670941087));
#1281 = CARTESIAN_POINT('',(0.376357676145,22.404316539947));
#1282 = CARTESIAN_POINT('',(0.376290964241,22.281121328206));
#1283 = CARTESIAN_POINT('',(0.376254125935,22.15748809921));
#1284 = CARTESIAN_POINT('',(0.376233347903,21.789435352615));
#1285 = CARTESIAN_POINT('',(0.376336017703,21.545132069008));
#1286 = CARTESIAN_POINT('',(0.376554352793,21.303265137062));
#1287 = CARTESIAN_POINT('',(0.376891793182,21.066474423952));
#1288 = CARTESIAN_POINT('',(0.377354318875,20.838482459711));
#1289 = CARTESIAN_POINT('',(0.377949502771,20.624516828312));
#1290 = CARTESIAN_POINT('',(0.379347975115,20.259076476911));
#1291 = CARTESIAN_POINT('',(0.38015399785,20.096344469815));
#1292 = CARTESIAN_POINT('',(0.381090984752,19.961741418353));
#1293 = CARTESIAN_POINT('',(0.382130244595,19.868034394109));
#1294 = CARTESIAN_POINT('',(0.383229691353,19.823368103982));
#1295 = CARTESIAN_POINT('',(0.384341718029,19.830833835944));
#1296 = CARTESIAN_POINT('',(0.386169524188,19.927860622197));
#1297 = CARTESIAN_POINT('',(0.386902418647,19.991660212475));
#1298 = CARTESIAN_POINT('',(0.387606854873,20.07884453912));
#1299 = CARTESIAN_POINT('',(0.388271366325,20.188199807908));
#1300 = CARTESIAN_POINT('',(0.388885336605,20.317985638557));
#1301 = CARTESIAN_POINT('',(0.389439350964,20.465982843806));
#1302 = CARTESIAN_POINT('',(0.390411854975,20.793104728483));
#1303 = CARTESIAN_POINT('',(0.39083043735,20.97226715508));
#1304 = CARTESIAN_POINT('',(0.391173511235,21.164392772869));
#1305 = CARTESIAN_POINT('',(0.391435033568,21.366522757659));
#1306 = CARTESIAN_POINT('',(0.391610817285,21.575431491656));
#1307 = CARTESIAN_POINT('',(0.391698682464,21.787728039683));
#1308 = CARTESIAN_POINT('',(0.391698682464,22.));
#1309 = ( GEOMETRIC_REPRESENTATION_CONTEXT(2) 
PARAMETRIC_REPRESENTATION_CONTEXT() REPRESENTATION_CONTEXT('2D SPACE',''
  ) );
#1310 = PCURVE('',#623,#1311);
#1311 = DEFINITIONAL_REPRESENTATION('',(#1312),#1357);
#1312 = B_SPLINE_CURVE_WITH_KNOTS('',7,(#1313,#1314,#1315,#1316,#1317,
    #1318,#1319,#1320,#1321,#1322,#1323,#1324,#1325,#1326,#1327,#1328,
    #1329,#1330,#1331,#1332,#1333,#1334,#1335,#1336,#1337,#1338,#1339,
    #1340,#1341,#1342,#1343,#1344,#1345,#1346,#1347,#1348,#1349,#1350,
    #1351,#1352,#1353,#1354,#1355,#1356),.UNSPECIFIED.,.F.,.F.,(8,6,6,6,
    6,6,6,8),(0.,8.291387330127E-02,0.187207400251,0.299352514692,
    0.520833296046,0.721345618734,0.860668240027,1.),.UNSPECIFIED.);
#1313 = CARTESIAN_POINT('',(-1.946545832549,-8.998881504176));
#1314 = CARTESIAN_POINT('',(-2.001154459886,-8.998571842271));
#1315 = CARTESIAN_POINT('',(-2.054780856432,-8.998225514982));
#1316 = CARTESIAN_POINT('',(-2.107463405917,-8.997851100884));
#1317 = CARTESIAN_POINT('',(-2.159226481997,-8.997457199237));
#1318 = CARTESIAN_POINT('',(-2.210082264691,-8.997052101453));
#1319 = CARTESIAN_POINT('',(-2.260032556808,-8.996643462559));
#1320 = CARTESIAN_POINT('',(-2.370753287689,-8.995727925678));
#1321 = CARTESIAN_POINT('',(-2.431080756519,-8.995222139611));
#1322 = CARTESIAN_POINT('',(-2.490211479732,-8.994732552619));
#1323 = CARTESIAN_POINT('',(-2.548287566918,-8.994268809611));
#1324 = CARTESIAN_POINT('',(-2.605440192309,-8.993838552548));
#1325 = CARTESIAN_POINT('',(-2.661795022701,-8.993447710754));
#1326 = CARTESIAN_POINT('',(-2.777352253805,-8.992727754345));
#1327 = CARTESIAN_POINT('',(-2.83646377446,-8.992405429874));
#1328 = CARTESIAN_POINT('',(-2.894971058193,-8.992139410396));
#1329 = CARTESIAN_POINT('',(-2.95302297673,-8.991933610695));
#1330 = CARTESIAN_POINT('',(-3.010763142605,-8.991790495429));
#1331 = CARTESIAN_POINT('',(-3.068334629123,-8.991711306823));
#1332 = CARTESIAN_POINT('',(-3.239543074682,-8.991666639563));
#1333 = CARTESIAN_POINT('',(-3.352949426982,-8.991887280647));
#1334 = CARTESIAN_POINT('',(-3.467387727079,-8.992358446738));
#1335 = CARTESIAN_POINT('',(-3.583966534935,-8.993065384293));
#1336 = CARTESIAN_POINT('',(-3.703807644486,-8.99397676976));
#1337 = CARTESIAN_POINT('',(-3.828088447075,-8.995027658606));
#1338 = CARTESIAN_POINT('',(-4.076387293121,-8.997085897026));
#1339 = CARTESIAN_POINT('',(-4.204249552766,-8.998128769248));
#1340 = CARTESIAN_POINT('',(-4.338184886376,-8.999111507396));
#1341 = CARTESIAN_POINT('',(-4.476171939852,-8.999859094325));
#1342 = CARTESIAN_POINT('',(-4.616752410934,-9.000213172855));
#1343 = CARTESIAN_POINT('',(-4.758782621701,-9.000142852603));
#1344 = CARTESIAN_POINT('',(-4.999621671697,-8.999406484653));
#1345 = CARTESIAN_POINT('',(-5.098360137619,-8.998928945834));
#1346 = CARTESIAN_POINT('',(-5.197091524441,-8.998294881338));
#1347 = CARTESIAN_POINT('',(-5.295821904551,-8.997540649763));
#1348 = CARTESIAN_POINT('',(-5.394560109577,-8.996715481884));
#1349 = CARTESIAN_POINT('',(-5.493305456139,-8.995874479988));
#1350 = CARTESIAN_POINT('',(-5.690770866668,-8.994263426468));
#1351 = CARTESIAN_POINT('',(-5.789511789024,-8.993493255068));
#1352 = CARTESIAN_POINT('',(-5.888241624943,-8.992809787512));
#1353 = CARTESIAN_POINT('',(-5.986972169147,-8.992261131545));
#1354 = CARTESIAN_POINT('',(-6.08571187172,-8.99188313575));
#1355 = CARTESIAN_POINT('',(-6.184454162846,-8.991694243131));
#1356 = CARTESIAN_POINT('',(-6.28318530718,-8.991694243131));
#1357 = ( GEOMETRIC_REPRESENTATION_CONTEXT(2) 
PARAMETRIC_REPRESENTATION_CONTEXT() REPRESENTATION_CONTEXT('2D SPACE',''
  ) );
#1358 = ORIENTED_EDGE('',*,*,#1359,.F.);
#1359 = EDGE_CURVE('',#1360,#1214,#1362,.T.);
#1360 = VERTEX_POINT('',#1361);
#1361 = CARTESIAN_POINT('',(-18.62433994854,-277.6510572399,24.));
#1362 = SURFACE_CURVE('',#1363,(#1368,#1375),.PCURVE_S1.);
#1363 = CIRCLE('',#1364,278.275);
#1364 = AXIS2_PLACEMENT_3D('',#1365,#1366,#1367);
#1365 = CARTESIAN_POINT('',(0.,0.,24.));
#1366 = DIRECTION('',(0.,0.,1.));
#1367 = DIRECTION('',(-0.309016994375,-0.951056516295,0.));
#1368 = PCURVE('',#102,#1369);
#1369 = DEFINITIONAL_REPRESENTATION('',(#1370),#1374);
#1370 = LINE('',#1371,#1372);
#1371 = CARTESIAN_POINT('',(0.,24.));
#1372 = VECTOR('',#1373,1.);
#1373 = DIRECTION('',(1.,0.));
#1374 = ( GEOMETRIC_REPRESENTATION_CONTEXT(2) 
PARAMETRIC_REPRESENTATION_CONTEXT() REPRESENTATION_CONTEXT('2D SPACE',''
  ) );
#1375 = PCURVE('',#1376,#1381);
#1376 = PLANE('',#1377);
#1377 = AXIS2_PLACEMENT_3D('',#1378,#1379,#1380);
#1378 = CARTESIAN_POINT('',(0.,0.,24.));
#1379 = DIRECTION('',(0.,0.,1.));
#1380 = DIRECTION('',(-0.309016994375,-0.951056516295,-0.));
#1381 = DEFINITIONAL_REPRESENTATION('',(#1382),#1386);
#1382 = CIRCLE('',#1383,278.275);
#1383 = AXIS2_PLACEMENT_2D('',#1384,#1385);
#1384 = CARTESIAN_POINT('',(0.,0.));
#1385 = DIRECTION('',(1.,-0.));
#1386 = ( GEOMETRIC_REPRESENTATION_CONTEXT(2) 
PARAMETRIC_REPRESENTATION_CONTEXT() REPRESENTATION_CONTEXT('2D SPACE',''
  ) );
#1387 = ORIENTED_EDGE('',*,*,#1388,.F.);
#1388 = EDGE_CURVE('',#1389,#1360,#1391,.T.);
#1389 = VERTEX_POINT('',#1390);
#1390 = CARTESIAN_POINT('',(-17.26614064277,-277.7388269801,22.));
#1391 = SURFACE_CURVE('',#1392,(#1410,#1431),.PCURVE_S1.);
#1392 = B_SPLINE_CURVE_WITH_KNOTS('',6,(#1393,#1394,#1395,#1396,#1397,
    #1398,#1399,#1400,#1401,#1402,#1403,#1404,#1405,#1406,#1407,#1408,
    #1409),.UNSPECIFIED.,.F.,.F.,(7,5,5,7),(0.,0.533128683315,
    0.726968147042,1.),.UNSPECIFIED.);
#1393 = CARTESIAN_POINT('',(-17.26614064277,-277.7388269801,22.));
#1394 = CARTESIAN_POINT('',(-17.26614064277,-277.7388269801,
    22.208469159979));
#1395 = CARTESIAN_POINT('',(-17.29035152691,-277.7373218752,
    22.416840321197));
#1396 = CARTESIAN_POINT('',(-17.33872775524,-277.7343144351,
    22.623319447043));
#1397 = CARTESIAN_POINT('',(-17.4118915546,-277.7297503032,
    22.826000477185));
#1398 = CARTESIAN_POINT('',(-17.51093625922,-277.723529327,
    23.022324937814));
#1399 = CARTESIAN_POINT('',(-17.68310099365,-277.7125954653,
    23.276162835925));
#1400 = CARTESIAN_POINT('',(-17.73260914817,-277.7094421517,
    23.342508388138));
#1401 = CARTESIAN_POINT('',(-17.7857783815,-277.7060444978,
    23.407321445161));
#1402 = CARTESIAN_POINT('',(-17.84266322419,-277.7023959164,
    23.470380210418));
#1403 = CARTESIAN_POINT('',(-17.90331249772,-277.6984897303,
    23.531434862697));
#1404 = CARTESIAN_POINT('',(-18.05855695294,-277.6884448854,
    23.672989923424));
#1405 = CARTESIAN_POINT('',(-18.15704175783,-277.6820368031,
    23.751375633362));
#1406 = CARTESIAN_POINT('',(-18.26314185388,-277.6750888908,
    23.824333772088));
#1407 = CARTESIAN_POINT('',(-18.37664544733,-277.6676019654,
    23.890811923161));
#1408 = CARTESIAN_POINT('',(-18.49720648544,-277.6595851276,
    23.949734303292));
#1409 = CARTESIAN_POINT('',(-18.62434146608,-277.6510571381,24.0000006)
  );
#1410 = PCURVE('',#102,#1411);
#1411 = DEFINITIONAL_REPRESENTATION('',(#1412),#1430);
#1412 = B_SPLINE_CURVE_WITH_KNOTS('',6,(#1413,#1414,#1415,#1416,#1417,
    #1418,#1419,#1420,#1421,#1422,#1423,#1424,#1425,#1426,#1427,#1428,
    #1429),.UNSPECIFIED.,.F.,.F.,(7,5,5,7),(0.,0.533128683315,
    0.726968147042,1.),.UNSPECIFIED.);
#1413 = CARTESIAN_POINT('',(0.252072342304,22.));
#1414 = CARTESIAN_POINT('',(0.252072342304,22.208469159979));
#1415 = CARTESIAN_POINT('',(0.251985170899,22.416840321197));
#1416 = CARTESIAN_POINT('',(0.251810992046,22.623319447043));
#1417 = CARTESIAN_POINT('',(0.251547561907,22.826000477185));
#1418 = CARTESIAN_POINT('',(0.251190936779,23.022324937814));
#1419 = CARTESIAN_POINT('',(0.250571004771,23.276162835925));
#1420 = CARTESIAN_POINT('',(0.250392733371,23.342508388138));
#1421 = CARTESIAN_POINT('',(0.250201276429,23.407321445161));
#1422 = CARTESIAN_POINT('',(0.249996436866,23.470380210418));
#1423 = CARTESIAN_POINT('',(0.249778038045,23.531434862697));
#1424 = CARTESIAN_POINT('',(0.24921899004,23.672989923424));
#1425 = CARTESIAN_POINT('',(0.248864329884,23.751375633362));
#1426 = CARTESIAN_POINT('',(0.248482235453,23.824333772088));
#1427 = CARTESIAN_POINT('',(0.248073466321,23.890811923161));
#1428 = CARTESIAN_POINT('',(0.247639265377,23.949734303292));
#1429 = CARTESIAN_POINT('',(0.247181370557,24.0000006));
#1430 = ( GEOMETRIC_REPRESENTATION_CONTEXT(2) 
PARAMETRIC_REPRESENTATION_CONTEXT() REPRESENTATION_CONTEXT('2D SPACE',''
  ) );
#1431 = PCURVE('',#470,#1432);
#1432 = DEFINITIONAL_REPRESENTATION('',(#1433),#1451);
#1433 = B_SPLINE_CURVE_WITH_KNOTS('',6,(#1434,#1435,#1436,#1437,#1438,
    #1439,#1440,#1441,#1442,#1443,#1444,#1445,#1446,#1447,#1448,#1449,
    #1450),.UNSPECIFIED.,.F.,.F.,(7,5,5,7),(0.,0.533128683315,
    0.726968147042,1.),.UNSPECIFIED.);
#1434 = CARTESIAN_POINT('',(0.,-8.991694243131));
#1435 = CARTESIAN_POINT('',(-9.696239999018E-02,-8.991694243131));
#1436 = CARTESIAN_POINT('',(-0.193880007902,-8.99188167055));
#1437 = CARTESIAN_POINT('',(-0.291554032892,-8.992256111459));
#1438 = CARTESIAN_POINT('',(-0.39074845599,-8.992806746206));
#1439 = CARTESIAN_POINT('',(-0.492217027626,-8.993509933301));
#1440 = CARTESIAN_POINT('',(-0.634965077004,-8.994612310802));
#1441 = CARTESIAN_POINT('',(-0.673456528504,-8.994920192745));
#1442 = CARTESIAN_POINT('',(-0.712417055263,-8.995239713617));
#1443 = CARTESIAN_POINT('',(-0.751885917336,-8.99556810596));
#1444 = CARTESIAN_POINT('',(-0.791904962947,-8.995902114656));
#1445 = CARTESIAN_POINT('',(-0.88973310404,-8.996711044208));
#1446 = CARTESIAN_POINT('',(-0.948221302842,-8.997188524351));
#1447 = CARTESIAN_POINT('',(-1.007974823162,-8.997658705402));
#1448 = CARTESIAN_POINT('',(-1.069001813697,-8.998107628193));
#1449 = CARTESIAN_POINT('',(-1.131336755809,-8.998520231953));
#1450 = CARTESIAN_POINT('',(-1.19504682104,-8.998881504176));
#1451 = ( GEOMETRIC_REPRESENTATION_CONTEXT(2) 
PARAMETRIC_REPRESENTATION_CONTEXT() REPRESENTATION_CONTEXT('2D SPACE',''
  ) );
#1452 = ORIENTED_EDGE('',*,*,#1453,.F.);
#1453 = EDGE_CURVE('',#1454,#1389,#1456,.T.);
#1454 = VERTEX_POINT('',#1455);
#1455 = CARTESIAN_POINT('',(-20.1984694685,-277.540983381,24.));
#1456 = SURFACE_CURVE('',#1457,(#1502,#1550),.PCURVE_S1.);
#1457 = B_SPLINE_CURVE_WITH_KNOTS('',7,(#1458,#1459,#1460,#1461,#1462,
    #1463,#1464,#1465,#1466,#1467,#1468,#1469,#1470,#1471,#1472,#1473,
    #1474,#1475,#1476,#1477,#1478,#1479,#1480,#1481,#1482,#1483,#1484,
    #1485,#1486,#1487,#1488,#1489,#1490,#1491,#1492,#1493,#1494,#1495,
    #1496,#1497,#1498,#1499,#1500,#1501),.UNSPECIFIED.,.F.,.F.,(8,6,6,6,
    6,6,6,8),(0.,8.291387518154E-02,0.187207395471,0.29935250291,
    0.520833285903,0.721345612826,0.860668237082,1.),.UNSPECIFIED.);
#1458 = CARTESIAN_POINT('',(-20.19846795156,-277.5409834914,24.0000006)
  );
#1459 = CARTESIAN_POINT('',(-20.30739759026,-277.533055971,
    23.956915202821));
#1460 = CARTESIAN_POINT('',(-20.41162644043,-277.5254204068,
    23.907646888912));
#1461 = CARTESIAN_POINT('',(-20.51087941196,-277.5181046345,
    23.852824408263));
#1462 = CARTESIAN_POINT('',(-20.60494032451,-277.5111323913,
    23.793065998349));
#1463 = CARTESIAN_POINT('',(-20.69365095012,-277.5045230531,
    23.728979716237));
#1464 = CARTESIAN_POINT('',(-20.77691005585,-277.4982913725,
    23.661163770678));
#1465 = CARTESIAN_POINT('',(-20.95248615299,-277.4850961233,
    23.500953438033));
#1466 = CARTESIAN_POINT('',(-21.04174230683,-277.4783477038,
    23.406603002246));
#1467 = CARTESIAN_POINT('',(-21.12259480855,-277.4722031636,
    23.308036201515));
#1468 = CARTESIAN_POINT('',(-21.19522852135,-277.4666592442,
    23.205993245317));
#1469 = CARTESIAN_POINT('',(-21.25984094861,-277.4617097955,
    23.101095469854));
#1470 = CARTESIAN_POINT('',(-21.31662391148,-277.4573473477,
    22.993866909956));
#1471 = CARTESIAN_POINT('',(-21.41856456861,-277.4494972481,
    22.767430564958));
#1472 = CARTESIAN_POINT('',(-21.46253816492,-277.4460992031,
    22.647900486452));
#1473 = CARTESIAN_POINT('',(-21.49787291045,-277.4433616879,
    22.526709402984));
#1474 = CARTESIAN_POINT('',(-21.5247350025,-277.4412770052,
    22.40431654814));
#1475 = CARTESIAN_POINT('',(-21.54324349985,-277.4398393003,
    22.281121338244));
#1476 = CARTESIAN_POINT('',(-21.55346388188,-277.4390452396,
    22.157488089014));
#1477 = CARTESIAN_POINT('',(-21.55922851615,-277.4385973607,
    21.789435355686));
#1478 = CARTESIAN_POINT('',(-21.53074391233,-277.4408103782,
    21.545132057349));
#1479 = CARTESIAN_POINT('',(-21.47016941641,-277.4455184761,
    21.30326515763));
#1480 = CARTESIAN_POINT('',(-21.3765488771,-277.4527737259,
    21.066474403862));
#1481 = CARTESIAN_POINT('',(-21.24821985598,-277.4626609761,
    20.838482470508));
#1482 = CARTESIAN_POINT('',(-21.08307503989,-277.4752624817,
    20.62451682568));
#1483 = CARTESIAN_POINT('',(-20.69501213048,-277.5044617482,
    20.259076476911));
#1484 = CARTESIAN_POINT('',(-20.47133764492,-277.5211480107,
    20.096344469815));
#1485 = CARTESIAN_POINT('',(-20.21130301071,-277.5403165415,
    19.961741418353));
#1486 = CARTESIAN_POINT('',(-19.92286012775,-277.5612358452,
    19.868034394109));
#1487 = CARTESIAN_POINT('',(-19.61768127806,-277.5829309724,
    19.823368103982));
#1488 = CARTESIAN_POINT('',(-19.30898073329,-277.6044469254,
    19.830833835944));
#1489 = CARTESIAN_POINT('',(-18.80153614355,-277.6391927417,
    19.927860622203));
#1490 = CARTESIAN_POINT('',(-18.59805390567,-277.6529429009,
    19.991660212475));
#1491 = CARTESIAN_POINT('',(-18.40246109786,-277.6659844696,
    20.0788445391));
#1492 = CARTESIAN_POINT('',(-18.217943441,-277.6781311278,
    20.188199807912));
#1493 = CARTESIAN_POINT('',(-18.0474514212,-277.6892259083,
    20.317985638589));
#1494 = CARTESIAN_POINT('',(-17.89360222571,-277.6991410365,
    20.465982843781));
#1495 = CARTESIAN_POINT('',(-17.62353029986,-277.7164113178,
    20.793104728485));
#1496 = CARTESIAN_POINT('',(-17.5072818211,-277.7237681512,
    20.972267155078));
#1497 = CARTESIAN_POINT('',(-17.41200024234,-277.7297457517,
    21.164392772867));
#1498 = CARTESIAN_POINT('',(-17.33936617938,-277.7342748245,
    21.366522757661));
#1499 = CARTESIAN_POINT('',(-17.29054421375,-277.73730987,
    21.575431491659));
#1500 = CARTESIAN_POINT('',(-17.26614064277,-277.7388269801,
    21.78772803968));
#1501 = CARTESIAN_POINT('',(-17.26614064277,-277.7388269801,22.));
#1502 = PCURVE('',#102,#1503);
#1503 = DEFINITIONAL_REPRESENTATION('',(#1504),#1549);
#1504 = B_SPLINE_CURVE_WITH_KNOTS('',7,(#1505,#1506,#1507,#1508,#1509,
    #1510,#1511,#1512,#1513,#1514,#1515,#1516,#1517,#1518,#1519,#1520,
    #1521,#1522,#1523,#1524,#1525,#1526,#1527,#1528,#1529,#1530,#1531,
    #1532,#1533,#1534,#1535,#1536,#1537,#1538,#1539,#1540,#1541,#1542,
    #1543,#1544,#1545,#1546,#1547,#1548),.UNSPECIFIED.,.F.,.F.,(8,6,6,6,
    6,6,6,8),(0.,8.291387518154E-02,0.187207395471,0.29935250291,
    0.520833285903,0.721345612826,0.860668237082,1.),.UNSPECIFIED.);
#1505 = CARTESIAN_POINT('',(0.241510820001,24.0000006));
#1506 = CARTESIAN_POINT('',(0.241118338727,23.956915202821));
#1507 = CARTESIAN_POINT('',(0.24074278165,23.907646888912));
#1508 = CARTESIAN_POINT('',(0.240385141876,23.852824408263));
#1509 = CARTESIAN_POINT('',(0.240046200349,23.793065998349));
#1510 = CARTESIAN_POINT('',(0.239726529201,23.728979716237));
#1511 = CARTESIAN_POINT('',(0.239426495109,23.661163770678));
#1512 = CARTESIAN_POINT('',(0.238793771231,23.500953438033));
#1513 = CARTESIAN_POINT('',(0.238472107782,23.406603002246));
#1514 = CARTESIAN_POINT('',(0.238180721061,23.308036201515));
#1515 = CARTESIAN_POINT('',(0.237918947723,23.205993245317));
#1516 = CARTESIAN_POINT('',(0.237686078379,23.101095469854));
#1517 = CARTESIAN_POINT('',(0.237481423662,22.993866909956));
#1518 = CARTESIAN_POINT('',(0.237114008461,22.767430564958));
#1519 = CARTESIAN_POINT('',(0.236955515277,22.647900486452));
#1520 = CARTESIAN_POINT('',(0.236828156985,22.526709402984));
#1521 = CARTESIAN_POINT('',(0.236731335986,22.40431654814));
#1522 = CARTESIAN_POINT('',(0.236664624091,22.281121338244));
#1523 = CARTESIAN_POINT('',(0.236627785775,22.157488089014));
#1524 = CARTESIAN_POINT('',(0.236607007743,21.789435355686));
#1525 = CARTESIAN_POINT('',(0.236709677552,21.545132057349));
#1526 = CARTESIAN_POINT('',(0.236928012605,21.30326515763));
#1527 = CARTESIAN_POINT('',(0.237265453063,21.066474403862));
#1528 = CARTESIAN_POINT('',(0.237727978686,20.838482470508));
#1529 = CARTESIAN_POINT('',(0.238323162622,20.62451682568));
#1530 = CARTESIAN_POINT('',(0.239721634955,20.259076476911));
#1531 = CARTESIAN_POINT('',(0.24052765769,20.096344469815));
#1532 = CARTESIAN_POINT('',(0.241464644592,19.961741418353));
#1533 = CARTESIAN_POINT('',(0.242503904435,19.868034394109));
#1534 = CARTESIAN_POINT('',(0.243603351194,19.823368103982));
#1535 = CARTESIAN_POINT('',(0.244715377869,19.830833835944));
#1536 = CARTESIAN_POINT('',(0.246543184028,19.927860622203));
#1537 = CARTESIAN_POINT('',(0.247276078488,19.991660212475));
#1538 = CARTESIAN_POINT('',(0.247980514713,20.0788445391));
#1539 = CARTESIAN_POINT('',(0.248645026166,20.188199807912));
#1540 = CARTESIAN_POINT('',(0.249258996446,20.317985638589));
#1541 = CARTESIAN_POINT('',(0.249813010805,20.465982843781));
#1542 = CARTESIAN_POINT('',(0.250785514815,20.793104728485));
#1543 = CARTESIAN_POINT('',(0.251204097191,20.972267155078));
#1544 = CARTESIAN_POINT('',(0.251547171075,21.164392772867));
#1545 = CARTESIAN_POINT('',(0.251808693408,21.366522757661));
#1546 = CARTESIAN_POINT('',(0.251984477125,21.575431491659));
#1547 = CARTESIAN_POINT('',(0.252072342304,21.78772803968));
#1548 = CARTESIAN_POINT('',(0.252072342304,22.));
#1549 = ( GEOMETRIC_REPRESENTATION_CONTEXT(2) 
PARAMETRIC_REPRESENTATION_CONTEXT() REPRESENTATION_CONTEXT('2D SPACE',''
  ) );
#1550 = PCURVE('',#470,#1551);
#1551 = DEFINITIONAL_REPRESENTATION('',(#1552),#1597);
#1552 = B_SPLINE_CURVE_WITH_KNOTS('',7,(#1553,#1554,#1555,#1556,#1557,
    #1558,#1559,#1560,#1561,#1562,#1563,#1564,#1565,#1566,#1567,#1568,
    #1569,#1570,#1571,#1572,#1573,#1574,#1575,#1576,#1577,#1578,#1579,
    #1580,#1581,#1582,#1583,#1584,#1585,#1586,#1587,#1588,#1589,#1590,
    #1591,#1592,#1593,#1594,#1595,#1596),.UNSPECIFIED.,.F.,.F.,(8,6,6,6,
    6,6,6,8),(0.,8.291387518154E-02,0.187207395471,0.29935250291,
    0.520833285903,0.721345612826,0.860668237082,1.),.UNSPECIFIED.);
#1553 = CARTESIAN_POINT('',(-1.946545832549,-8.998881504176));
#1554 = CARTESIAN_POINT('',(-2.001154459891,-8.998571842271));
#1555 = CARTESIAN_POINT('',(-2.054780856432,-8.998225514982));
#1556 = CARTESIAN_POINT('',(-2.107463405912,-8.997851100884));
#1557 = CARTESIAN_POINT('',(-2.159226481993,-8.997457199237));
#1558 = CARTESIAN_POINT('',(-2.210082264691,-8.997052101453));
#1559 = CARTESIAN_POINT('',(-2.260032556813,-8.996643462559));
#1560 = CARTESIAN_POINT('',(-2.370753282345,-8.995727925722));
#1561 = CARTESIAN_POINT('',(-2.43108076154,-8.995222139574));
#1562 = CARTESIAN_POINT('',(-2.490211484011,-8.994732552584));
#1563 = CARTESIAN_POINT('',(-2.548287563106,-8.994268809635));
#1564 = CARTESIAN_POINT('',(-2.605440187198,-8.993838552587));
#1565 = CARTESIAN_POINT('',(-2.661795027413,-8.993447710725));
#1566 = CARTESIAN_POINT('',(-2.777352248823,-8.992727754376));
#1567 = CARTESIAN_POINT('',(-2.836463779328,-8.99240542986));
#1568 = CARTESIAN_POINT('',(-2.894971062186,-8.992139410372));
#1569 = CARTESIAN_POINT('',(-2.953022972915,-8.991933610697));
#1570 = CARTESIAN_POINT('',(-3.010763137702,-8.991790495447));
#1571 = CARTESIAN_POINT('',(-3.068334633866,-8.991711306822));
#1572 = CARTESIAN_POINT('',(-3.239543073253,-8.991666639564));
#1573 = CARTESIAN_POINT('',(-3.352949432822,-8.99188728066));
#1574 = CARTESIAN_POINT('',(-3.467387716104,-8.992358446694));
#1575 = CARTESIAN_POINT('',(-3.583966546371,-8.993065384356));
#1576 = CARTESIAN_POINT('',(-3.703807637858,-8.993976769715));
#1577 = CARTESIAN_POINT('',(-3.828088448864,-8.995027658621));
#1578 = CARTESIAN_POINT('',(-4.076387293121,-8.997085897026));
#1579 = CARTESIAN_POINT('',(-4.204249552766,-8.998128769248));
#1580 = CARTESIAN_POINT('',(-4.338184886377,-8.999111507397));
#1581 = CARTESIAN_POINT('',(-4.476171939851,-8.999859094324));
#1582 = CARTESIAN_POINT('',(-4.616752410934,-9.000213172856));
#1583 = CARTESIAN_POINT('',(-4.758782621701,-9.000142852603));
#1584 = CARTESIAN_POINT('',(-4.999621671712,-8.999406484653));
#1585 = CARTESIAN_POINT('',(-5.098360137604,-8.998928945835));
#1586 = CARTESIAN_POINT('',(-5.197091524429,-8.998294881338));
#1587 = CARTESIAN_POINT('',(-5.295821904562,-8.997540649763));
#1588 = CARTESIAN_POINT('',(-5.394560109592,-8.996715481884));
#1589 = CARTESIAN_POINT('',(-5.493305456123,-8.995874479988));
#1590 = CARTESIAN_POINT('',(-5.690770866669,-8.994263426467));
#1591 = CARTESIAN_POINT('',(-5.789511789023,-8.993493255069));
#1592 = CARTESIAN_POINT('',(-5.888241624942,-8.992809787512));
#1593 = CARTESIAN_POINT('',(-5.986972169148,-8.992261131544));
#1594 = CARTESIAN_POINT('',(-6.085711871721,-8.99188313575));
#1595 = CARTESIAN_POINT('',(-6.184454162845,-8.991694243131));
#1596 = CARTESIAN_POINT('',(-6.28318530718,-8.991694243131));
#1597 = ( GEOMETRIC_REPRESENTATION_CONTEXT(2) 
PARAMETRIC_REPRESENTATION_CONTEXT() REPRESENTATION_CONTEXT('2D SPACE',''
  ) );
#1598 = ORIENTED_EDGE('',*,*,#1599,.F.);
#1599 = EDGE_CURVE('',#1600,#1454,#1602,.T.);
#1600 = VERTEX_POINT('',#1601);
#1601 = CARTESIAN_POINT('',(-66.55499449308,-270.1988311096,24.));
#1602 = SURFACE_CURVE('',#1603,(#1608,#1615),.PCURVE_S1.);
#1603 = CIRCLE('',#1604,278.275);
#1604 = AXIS2_PLACEMENT_3D('',#1605,#1606,#1607);
#1605 = CARTESIAN_POINT('',(0.,0.,24.));
#1606 = DIRECTION('',(0.,0.,1.));
#1607 = DIRECTION('',(-0.309016994375,-0.951056516295,0.));
#1608 = PCURVE('',#102,#1609);
#1609 = DEFINITIONAL_REPRESENTATION('',(#1610),#1614);
#1610 = LINE('',#1611,#1612);
#1611 = CARTESIAN_POINT('',(0.,24.));
#1612 = VECTOR('',#1613,1.);
#1613 = DIRECTION('',(1.,0.));
#1614 = ( GEOMETRIC_REPRESENTATION_CONTEXT(2) 
PARAMETRIC_REPRESENTATION_CONTEXT() REPRESENTATION_CONTEXT('2D SPACE',''
  ) );
#1615 = PCURVE('',#1616,#1621);
#1616 = PLANE('',#1617);
#1617 = AXIS2_PLACEMENT_3D('',#1618,#1619,#1620);
#1618 = CARTESIAN_POINT('',(0.,0.,24.));
#1619 = DIRECTION('',(0.,0.,1.));
#1620 = DIRECTION('',(-0.309016994375,-0.951056516295,-0.));
#1621 = DEFINITIONAL_REPRESENTATION('',(#1622),#1626);
#1622 = CIRCLE('',#1623,278.275);
#1623 = AXIS2_PLACEMENT_2D('',#1624,#1625);
#1624 = CARTESIAN_POINT('',(0.,0.));
#1625 = DIRECTION('',(1.,-0.));
#1626 = ( GEOMETRIC_REPRESENTATION_CONTEXT(2) 
PARAMETRIC_REPRESENTATION_CONTEXT() REPRESENTATION_CONTEXT('2D SPACE',''
  ) );
#1627 = ORIENTED_EDGE('',*,*,#1628,.F.);
#1628 = EDGE_CURVE('',#1629,#1600,#1631,.T.);
#1629 = VERTEX_POINT('',#1630);
#1630 = CARTESIAN_POINT('',(-65.23267034205,-270.5211162645,22.));
#1631 = SURFACE_CURVE('',#1632,(#1650,#1671),.PCURVE_S1.);
#1632 = B_SPLINE_CURVE_WITH_KNOTS('',6,(#1633,#1634,#1635,#1636,#1637,
    #1638,#1639,#1640,#1641,#1642,#1643,#1644,#1645,#1646,#1647,#1648,
    #1649),.UNSPECIFIED.,.F.,.F.,(7,5,5,7),(0.,0.533128683328,
    0.72696814706,1.),.UNSPECIFIED.);
#1633 = CARTESIAN_POINT('',(-65.23267034205,-270.5211162645,22.));
#1634 = CARTESIAN_POINT('',(-65.23267034205,-270.5211162645,
    22.208469159979));
#1635 = CARTESIAN_POINT('',(-65.25625204975,-270.5154298497,
    22.416840321196));
#1636 = CARTESIAN_POINT('',(-65.30337109797,-270.5040676554,
    22.623319447043));
#1637 = CARTESIAN_POINT('',(-65.37463082163,-270.4868681025,
    22.826000477185));
#1638 = CARTESIAN_POINT('',(-65.47109055345,-270.4635427044,
    23.022324937813));
#1639 = CARTESIAN_POINT('',(-65.63874107356,-270.4228788604,
    23.276162835925));
#1640 = CARTESIAN_POINT('',(-65.6869495208,-270.4111764518,
    23.342508388138));
#1641 = CARTESIAN_POINT('',(-65.7387209976,-270.3985976755,
    23.40732144516));
#1642 = CARTESIAN_POINT('',(-65.79410806219,-270.3851265749,
    23.470380210418));
#1643 = CARTESIAN_POINT('',(-65.85315763489,-270.3707480968,
    23.531434862697));
#1644 = CARTESIAN_POINT('',(-66.00429930898,-270.3338979389,
    23.672989923417));
#1645 = CARTESIAN_POINT('',(-66.10017515658,-270.3104855028,
    23.751375633366));
#1646 = CARTESIAN_POINT('',(-66.20345686147,-270.2852190566,
    23.824333772094));
#1647 = CARTESIAN_POINT('',(-66.31393598933,-270.2581361822,
    23.890811923161));
#1648 = CARTESIAN_POINT('',(-66.43127332509,-270.2293059337,
    23.949734303287));
#1649 = CARTESIAN_POINT('',(-66.55499596988,-270.1988307458,24.0000006)
  );
#1650 = PCURVE('',#102,#1651);
#1651 = DEFINITIONAL_REPRESENTATION('',(#1652),#1670);
#1652 = B_SPLINE_CURVE_WITH_KNOTS('',6,(#1653,#1654,#1655,#1656,#1657,
    #1658,#1659,#1660,#1661,#1662,#1663,#1664,#1665,#1666,#1667,#1668,
    #1669),.UNSPECIFIED.,.F.,.F.,(7,5,5,7),(0.,0.533128683328,
    0.72696814706,1.),.UNSPECIFIED.);
#1653 = CARTESIAN_POINT('',(7.753941710455E-02,22.));
#1654 = CARTESIAN_POINT('',(7.753941710455E-02,22.208469159979));
#1655 = CARTESIAN_POINT('',(7.745224569965E-02,22.416840321196));
#1656 = CARTESIAN_POINT('',(7.727806684661E-02,22.623319447043));
#1657 = CARTESIAN_POINT('',(7.701463670788E-02,22.826000477185));
#1658 = CARTESIAN_POINT('',(7.665801157959E-02,23.022324937813));
#1659 = CARTESIAN_POINT('',(7.603807957118E-02,23.276162835925));
#1660 = CARTESIAN_POINT('',(7.585980817153E-02,23.342508388138));
#1661 = CARTESIAN_POINT('',(7.566835122996E-02,23.40732144516));
#1662 = CARTESIAN_POINT('',(7.546351166671E-02,23.470380210418));
#1663 = CARTESIAN_POINT('',(7.524511284579E-02,23.531434862697));
#1664 = CARTESIAN_POINT('',(7.46860648406E-02,23.672989923417));
#1665 = CARTESIAN_POINT('',(7.433140468502E-02,23.751375633366));
#1666 = CARTESIAN_POINT('',(7.394931025318E-02,23.824333772094));
#1667 = CARTESIAN_POINT('',(7.354054112197E-02,23.890811923161));
#1668 = CARTESIAN_POINT('',(7.310634017733E-02,23.949734303287));
#1669 = CARTESIAN_POINT('',(7.264844535799E-02,24.0000006));
#1670 = ( GEOMETRIC_REPRESENTATION_CONTEXT(2) 
PARAMETRIC_REPRESENTATION_CONTEXT() REPRESENTATION_CONTEXT('2D SPACE',''
  ) );
#1671 = PCURVE('',#317,#1672);
#1672 = DEFINITIONAL_REPRESENTATION('',(#1673),#1691);
#1673 = B_SPLINE_CURVE_WITH_KNOTS('',6,(#1674,#1675,#1676,#1677,#1678,
    #1679,#1680,#1681,#1682,#1683,#1684,#1685,#1686,#1687,#1688,#1689,
    #1690),.UNSPECIFIED.,.F.,.F.,(7,5,5,7),(0.,0.533128683328,
    0.72696814706,1.),.UNSPECIFIED.);
#1674 = CARTESIAN_POINT('',(0.,-8.991694243131));
#1675 = CARTESIAN_POINT('',(-9.696239999029E-02,-8.991694243131));
#1676 = CARTESIAN_POINT('',(-0.193880007902,-8.99188167055));
#1677 = CARTESIAN_POINT('',(-0.291554032892,-8.992256111459));
#1678 = CARTESIAN_POINT('',(-0.39074845599,-8.992806746206));
#1679 = CARTESIAN_POINT('',(-0.492217027626,-8.993509933301));
#1680 = CARTESIAN_POINT('',(-0.634965077004,-8.994612310802));
#1681 = CARTESIAN_POINT('',(-0.673456528504,-8.994920192746));
#1682 = CARTESIAN_POINT('',(-0.712417055263,-8.995239713617));
#1683 = CARTESIAN_POINT('',(-0.751885917336,-8.99556810596));
#1684 = CARTESIAN_POINT('',(-0.791904962947,-8.995902114656));
#1685 = CARTESIAN_POINT('',(-0.889733104035,-8.996711044208));
#1686 = CARTESIAN_POINT('',(-0.948221302843,-8.997188524351));
#1687 = CARTESIAN_POINT('',(-1.007974823167,-8.997658705402));
#1688 = CARTESIAN_POINT('',(-1.069001813699,-8.998107628193));
#1689 = CARTESIAN_POINT('',(-1.131336755803,-8.998520231953));
#1690 = CARTESIAN_POINT('',(-1.19504682104,-8.998881504176));
#1691 = ( GEOMETRIC_REPRESENTATION_CONTEXT(2) 
PARAMETRIC_REPRESENTATION_CONTEXT() REPRESENTATION_CONTEXT('2D SPACE',''
  ) );
#1692 = ORIENTED_EDGE('',*,*,#1693,.F.);
#1693 = EDGE_CURVE('',#1694,#1629,#1696,.T.);
#1694 = VERTEX_POINT('',#1695);
#1695 = CARTESIAN_POINT('',(-68.08609532356,-269.8170847974,24.));
#1696 = SURFACE_CURVE('',#1697,(#1742,#1790),.PCURVE_S1.);
#1697 = B_SPLINE_CURVE_WITH_KNOTS('',7,(#1698,#1699,#1700,#1701,#1702,
    #1703,#1704,#1705,#1706,#1707,#1708,#1709,#1710,#1711,#1712,#1713,
    #1714,#1715,#1716,#1717,#1718,#1719,#1720,#1721,#1722,#1723,#1724,
    #1725,#1726,#1727,#1728,#1729,#1730,#1731,#1732,#1733,#1734,#1735,
    #1736,#1737,#1738,#1739,#1740,#1741),.UNSPECIFIED.,.F.,.F.,(8,6,6,6,
    6,6,6,8),(0.,8.291387510789E-02,0.187207395323,0.29935250268,
    0.520833285513,0.721345612879,0.86066823708,1.),.UNSPECIFIED.);
#1698 = CARTESIAN_POINT('',(-68.08609384884,-269.8170851695,24.0000006)
  );
#1699 = CARTESIAN_POINT('',(-68.19199200211,-269.7903626527,
    23.956915202814));
#1700 = CARTESIAN_POINT('',(-68.29331148002,-269.76474394,23.90764688891
    ));
#1701 = CARTESIAN_POINT('',(-68.38978620536,-269.7403042131,
    23.852824408269));
#1702 = CARTESIAN_POINT('',(-68.48120740396,-269.7171043879,
    23.793065998358));
#1703 = CARTESIAN_POINT('',(-68.56742261631,-269.6951910218,
    23.728979716238));
#1704 = CARTESIAN_POINT('',(-68.64833470918,-269.6745962225,
    23.661163770666));
#1705 = CARTESIAN_POINT('',(-68.81895207989,-269.6311129695,
    23.500953438033));
#1706 = CARTESIAN_POINT('',(-68.90568038145,-269.6089679052,
    23.406603002246));
#1707 = CARTESIAN_POINT('',(-68.98423756378,-269.5888768248,
    23.308036201515));
#1708 = CARTESIAN_POINT('',(-69.05480511579,-269.5708044181,
    23.205993245318));
#1709 = CARTESIAN_POINT('',(-69.11757647235,-269.5547103324,
    23.101095469854));
#1710 = CARTESIAN_POINT('',(-69.1727392433,-269.5405539019,
    22.993866909956));
#1711 = CARTESIAN_POINT('',(-69.27176803731,-269.5151212537,
    22.767430564958));
#1712 = CARTESIAN_POINT('',(-69.31448351156,-269.5041388978,
    22.647900486452));
#1713 = CARTESIAN_POINT('',(-69.34880607838,-269.4953071574,
    22.526709402984));
#1714 = CARTESIAN_POINT('',(-69.37489807355,-269.4885895924,
    22.40431654814));
#1715 = CARTESIAN_POINT('',(-69.3928757304,-269.4839597626,
    22.281121338244));
#1716 = CARTESIAN_POINT('',(-69.40280295466,-269.4814030147,
    22.157488089014));
#1717 = CARTESIAN_POINT('',(-69.40840223784,-269.479960922,
    21.789435355687));
#1718 = CARTESIAN_POINT('',(-69.3807346656,-269.4870866182,
    21.545132057348));
#1719 = CARTESIAN_POINT('',(-69.32189798501,-269.5022418404,
    21.303265157631));
#1720 = CARTESIAN_POINT('',(-69.23095961295,-269.5256439027,
    21.066474403862));
#1721 = CARTESIAN_POINT('',(-69.106297101,-269.557665044,20.838482470508
    ));
#1722 = CARTESIAN_POINT('',(-68.94584943422,-269.5987522007,
    20.62451682568));
#1723 = CARTESIAN_POINT('',(-68.56875247127,-269.6948942819,
    20.259076476401));
#1724 = CARTESIAN_POINT('',(-68.35137364382,-269.7501677092,
    20.096344470564));
#1725 = CARTESIAN_POINT('',(-68.09861810064,-269.8141995673,
    19.961741418259));
#1726 = CARTESIAN_POINT('',(-67.81818991086,-269.8848886411,
    19.868034393644));
#1727 = CARTESIAN_POINT('',(-67.5214147329,-269.9592479216,
    19.82336810436));
#1728 = CARTESIAN_POINT('',(-67.22114025045,-270.0340422856,
    19.830833835806));
#1729 = CARTESIAN_POINT('',(-66.72743843126,-270.1563770634,
    19.927860622195));
#1730 = CARTESIAN_POINT('',(-66.52943523581,-270.2052526466,
    19.991660212475));
#1731 = CARTESIAN_POINT('',(-66.33907856691,-270.2520604192,
    20.078844539126));
#1732 = CARTESIAN_POINT('',(-66.15947339297,-270.2960636972,
    20.188199807906));
#1733 = CARTESIAN_POINT('',(-65.99349811846,-270.3365955516,
    20.317985638548));
#1734 = CARTESIAN_POINT('',(-65.84370798184,-270.3730756792,
    20.465982843813));
#1735 = CARTESIAN_POINT('',(-65.58073800826,-270.4369810838,
    20.793104728521));
#1736 = CARTESIAN_POINT('',(-65.46753310589,-270.4644124869,
    20.972267155047));
#1737 = CARTESIAN_POINT('',(-65.3747370678,-270.4868447468,
    21.164392772826));
#1738 = CARTESIAN_POINT('',(-65.30399294467,-270.5039177854,
    21.366522757689));
#1739 = CARTESIAN_POINT('',(-65.25643972457,-270.5153845672,
    21.575431491714));
#1740 = CARTESIAN_POINT('',(-65.23267034205,-270.5211162645,
    21.78772803963));
#1741 = CARTESIAN_POINT('',(-65.23267034205,-270.5211162645,22.));
#1742 = PCURVE('',#102,#1743);
#1743 = DEFINITIONAL_REPRESENTATION('',(#1744),#1789);
#1744 = B_SPLINE_CURVE_WITH_KNOTS('',7,(#1745,#1746,#1747,#1748,#1749,
    #1750,#1751,#1752,#1753,#1754,#1755,#1756,#1757,#1758,#1759,#1760,
    #1761,#1762,#1763,#1764,#1765,#1766,#1767,#1768,#1769,#1770,#1771,
    #1772,#1773,#1774,#1775,#1776,#1777,#1778,#1779,#1780,#1781,#1782,
    #1783,#1784,#1785,#1786,#1787,#1788),.UNSPECIFIED.,.F.,.F.,(8,6,6,6,
    6,6,6,8),(0.,8.291387510789E-02,0.187207395323,0.29935250268,
    0.520833285513,0.721345612879,0.86066823708,1.),.UNSPECIFIED.);
#1745 = CARTESIAN_POINT('',(6.697789480156E-02,24.0000006));
#1746 = CARTESIAN_POINT('',(6.65854135278E-02,23.956915202814));
#1747 = CARTESIAN_POINT('',(6.620985645033E-02,23.90764688891));
#1748 = CARTESIAN_POINT('',(6.585221667691E-02,23.852824408269));
#1749 = CARTESIAN_POINT('',(6.551327514989E-02,23.793065998358));
#1750 = CARTESIAN_POINT('',(6.51936040015E-02,23.728979716238));
#1751 = CARTESIAN_POINT('',(6.489356990926E-02,23.661163770666));
#1752 = CARTESIAN_POINT('',(6.426084603196E-02,23.500953438033));
#1753 = CARTESIAN_POINT('',(6.393918258252E-02,23.406603002246));
#1754 = CARTESIAN_POINT('',(6.364779586202E-02,23.308036201515));
#1755 = CARTESIAN_POINT('',(6.338602252398E-02,23.205993245318));
#1756 = CARTESIAN_POINT('',(6.315315317987E-02,23.101095469854));
#1757 = CARTESIAN_POINT('',(6.294849846255E-02,22.993866909956));
#1758 = CARTESIAN_POINT('',(6.258108326192E-02,22.767430564958));
#1759 = CARTESIAN_POINT('',(6.242259007752E-02,22.647900486452));
#1760 = CARTESIAN_POINT('',(6.229523178568E-02,22.526709402984));
#1761 = CARTESIAN_POINT('',(6.219841078704E-02,22.40431654814));
#1762 = CARTESIAN_POINT('',(6.213169889149E-02,22.281121338244));
#1763 = CARTESIAN_POINT('',(6.209486057588E-02,22.157488089014));
#1764 = CARTESIAN_POINT('',(6.207408254373E-02,21.789435355687));
#1765 = CARTESIAN_POINT('',(6.217675235236E-02,21.545132057348));
#1766 = CARTESIAN_POINT('',(6.239508740574E-02,21.303265157631));
#1767 = CARTESIAN_POINT('',(6.273252786381E-02,21.066474403862));
#1768 = CARTESIAN_POINT('',(6.31950534864E-02,20.838482470508));
#1769 = CARTESIAN_POINT('',(6.379023742257E-02,20.62451682568));
#1770 = CARTESIAN_POINT('',(6.518870975766E-02,20.259076476401));
#1771 = CARTESIAN_POINT('',(6.599473248896E-02,20.096344470564));
#1772 = CARTESIAN_POINT('',(6.693171939047E-02,19.961741418259));
#1773 = CARTESIAN_POINT('',(6.797097923797E-02,19.868034393644));
#1774 = CARTESIAN_POINT('',(6.907042599689E-02,19.82336810436));
#1775 = CARTESIAN_POINT('',(7.018245266718E-02,19.830833835806));
#1776 = CARTESIAN_POINT('',(7.201025882861E-02,19.927860622195));
#1777 = CARTESIAN_POINT('',(7.27431532884E-02,19.991660212475));
#1778 = CARTESIAN_POINT('',(7.344758951406E-02,20.078844539126));
#1779 = CARTESIAN_POINT('',(7.411210096637E-02,20.188199807906));
#1780 = CARTESIAN_POINT('',(7.472607124607E-02,20.317985638548));
#1781 = CARTESIAN_POINT('',(7.528008560543E-02,20.465982843813));
#1782 = CARTESIAN_POINT('',(7.62525896161E-02,20.793104728521));
#1783 = CARTESIAN_POINT('',(7.667117199098E-02,20.972267155047));
#1784 = CARTESIAN_POINT('',(7.701424587593E-02,21.164392772826));
#1785 = CARTESIAN_POINT('',(7.7275768209E-02,21.366522757689));
#1786 = CARTESIAN_POINT('',(7.745155192601E-02,21.575431491714));
#1787 = CARTESIAN_POINT('',(7.753941710455E-02,21.78772803963));
#1788 = CARTESIAN_POINT('',(7.753941710455E-02,22.));
#1789 = ( GEOMETRIC_REPRESENTATION_CONTEXT(2) 
PARAMETRIC_REPRESENTATION_CONTEXT() REPRESENTATION_CONTEXT('2D SPACE',''
  ) );
#1790 = PCURVE('',#317,#1791);
#1791 = DEFINITIONAL_REPRESENTATION('',(#1792),#1837);
#1792 = B_SPLINE_CURVE_WITH_KNOTS('',7,(#1793,#1794,#1795,#1796,#1797,
    #1798,#1799,#1800,#1801,#1802,#1803,#1804,#1805,#1806,#1807,#1808,
    #1809,#1810,#1811,#1812,#1813,#1814,#1815,#1816,#1817,#1818,#1819,
    #1820,#1821,#1822,#1823,#1824,#1825,#1826,#1827,#1828,#1829,#1830,
    #1831,#1832,#1833,#1834,#1835,#1836),.UNSPECIFIED.,.F.,.F.,(8,6,6,6,
    6,6,6,8),(0.,8.291387510789E-02,0.187207395323,0.29935250268,
    0.520833285513,0.721345612879,0.86066823708,1.),.UNSPECIFIED.);
#1793 = CARTESIAN_POINT('',(-1.946545832549,-8.998881504176));
#1794 = CARTESIAN_POINT('',(-2.0011544599,-8.998571842271));
#1795 = CARTESIAN_POINT('',(-2.054780856433,-8.998225514982));
#1796 = CARTESIAN_POINT('',(-2.107463405905,-8.997851100884));
#1797 = CARTESIAN_POINT('',(-2.159226481986,-8.997457199237));
#1798 = CARTESIAN_POINT('',(-2.210082264692,-8.997052101453));
#1799 = CARTESIAN_POINT('',(-2.260032556821,-8.996643462559));
#1800 = CARTESIAN_POINT('',(-2.370753282345,-8.995727925722));
#1801 = CARTESIAN_POINT('',(-2.43108076154,-8.995222139574));
#1802 = CARTESIAN_POINT('',(-2.490211484011,-8.994732552584));
#1803 = CARTESIAN_POINT('',(-2.548287563106,-8.994268809635));
#1804 = CARTESIAN_POINT('',(-2.605440187198,-8.993838552586));
#1805 = CARTESIAN_POINT('',(-2.661795027413,-8.993447710725));
#1806 = CARTESIAN_POINT('',(-2.777352248823,-8.992727754376));
#1807 = CARTESIAN_POINT('',(-2.836463779328,-8.99240542986));
#1808 = CARTESIAN_POINT('',(-2.894971062186,-8.992139410372));
#1809 = CARTESIAN_POINT('',(-2.953022972915,-8.991933610697));
#1810 = CARTESIAN_POINT('',(-3.010763137702,-8.991790495447));
#1811 = CARTESIAN_POINT('',(-3.068334633866,-8.991711306822));
#1812 = CARTESIAN_POINT('',(-3.239543073253,-8.991666639564));
#1813 = CARTESIAN_POINT('',(-3.352949432822,-8.99188728066));
#1814 = CARTESIAN_POINT('',(-3.467387716104,-8.992358446694));
#1815 = CARTESIAN_POINT('',(-3.583966546371,-8.993065384355));
#1816 = CARTESIAN_POINT('',(-3.703807637858,-8.993976769715));
#1817 = CARTESIAN_POINT('',(-3.828088448864,-8.995027658621));
#1818 = CARTESIAN_POINT('',(-4.076387293467,-8.997085897029));
#1819 = CARTESIAN_POINT('',(-4.204249552358,-8.998128769244));
#1820 = CARTESIAN_POINT('',(-4.338184886201,-8.999111507395));
#1821 = CARTESIAN_POINT('',(-4.476171940083,-8.999859094329));
#1822 = CARTESIAN_POINT('',(-4.616752411278,-9.000213172853));
#1823 = CARTESIAN_POINT('',(-4.758782621358,-9.000142852604));
#1824 = CARTESIAN_POINT('',(-4.999621671693,-8.999406484653));
#1825 = CARTESIAN_POINT('',(-5.098360137623,-8.998928945835));
#1826 = CARTESIAN_POINT('',(-5.197091524445,-8.998294881338));
#1827 = CARTESIAN_POINT('',(-5.295821904547,-8.997540649763));
#1828 = CARTESIAN_POINT('',(-5.394560109573,-8.996715481884));
#1829 = CARTESIAN_POINT('',(-5.493305456143,-8.995874479988));
#1830 = CARTESIAN_POINT('',(-5.690770866691,-8.994263426467));
#1831 = CARTESIAN_POINT('',(-5.789511789003,-8.993493255069));
#1832 = CARTESIAN_POINT('',(-5.888241624924,-8.992809787512));
#1833 = CARTESIAN_POINT('',(-5.986972169165,-8.992261131544));
#1834 = CARTESIAN_POINT('',(-6.085711871745,-8.99188313575));
#1835 = CARTESIAN_POINT('',(-6.184454162822,-8.991694243131));
#1836 = CARTESIAN_POINT('',(-6.28318530718,-8.991694243131));
#1837 = ( GEOMETRIC_REPRESENTATION_CONTEXT(2) 
PARAMETRIC_REPRESENTATION_CONTEXT() REPRESENTATION_CONTEXT('2D SPACE',''
  ) );
#1838 = ORIENTED_EDGE('',*,*,#1839,.F.);
#1839 = EDGE_CURVE('',#833,#1694,#1840,.T.);
#1840 = SURFACE_CURVE('',#1841,(#1846,#1853),.PCURVE_S1.);
#1841 = CIRCLE('',#1842,278.275);
#1842 = AXIS2_PLACEMENT_3D('',#1843,#1844,#1845);
#1843 = CARTESIAN_POINT('',(0.,0.,24.));
#1844 = DIRECTION('',(0.,0.,1.));
#1845 = DIRECTION('',(-0.309016994375,-0.951056516295,0.));
#1846 = PCURVE('',#102,#1847);
#1847 = DEFINITIONAL_REPRESENTATION('',(#1848),#1852);
#1848 = LINE('',#1849,#1850);
#1849 = CARTESIAN_POINT('',(0.,24.));
#1850 = VECTOR('',#1851,1.);
#1851 = DIRECTION('',(1.,0.));
#1852 = ( GEOMETRIC_REPRESENTATION_CONTEXT(2) 
PARAMETRIC_REPRESENTATION_CONTEXT() REPRESENTATION_CONTEXT('2D SPACE',''
  ) );
#1853 = PCURVE('',#1854,#1859);
#1854 = PLANE('',#1855);
#1855 = AXIS2_PLACEMENT_3D('',#1856,#1857,#1858);
#1856 = CARTESIAN_POINT('',(0.,0.,24.));
#1857 = DIRECTION('',(0.,0.,1.));
#1858 = DIRECTION('',(-0.309016994375,-0.951056516295,-0.));
#1859 = DEFINITIONAL_REPRESENTATION('',(#1860),#1864);
#1860 = CIRCLE('',#1861,278.275);
#1861 = AXIS2_PLACEMENT_2D('',#1862,#1863);
#1862 = CARTESIAN_POINT('',(0.,0.));
#1863 = DIRECTION('',(1.,-0.));
#1864 = ( GEOMETRIC_REPRESENTATION_CONTEXT(2) 
PARAMETRIC_REPRESENTATION_CONTEXT() REPRESENTATION_CONTEXT('2D SPACE',''
  ) );
#1865 = ADVANCED_FACE('',(#1866),#128,.T.);
#1866 = FACE_BOUND('',#1867,.T.);
#1867 = EDGE_LOOP('',(#1868,#1869,#1870,#1893,#1921,#1949,#1977,#1998));
#1868 = ORIENTED_EDGE('',*,*,#114,.T.);
#1869 = ORIENTED_EDGE('',*,*,#832,.T.);
#1870 = ORIENTED_EDGE('',*,*,#1871,.T.);
#1871 = EDGE_CURVE('',#833,#1872,#1874,.T.);
#1872 = VERTEX_POINT('',#1873);
#1873 = CARTESIAN_POINT('',(-96.49828191843,-296.991173626,24.));
#1874 = SURFACE_CURVE('',#1875,(#1879,#1886),.PCURVE_S1.);
#1875 = LINE('',#1876,#1877);
#1876 = CARTESIAN_POINT('',(-85.99170410968,-264.655252072,24.));
#1877 = VECTOR('',#1878,1.);
#1878 = DIRECTION('',(-0.309016994375,-0.951056516295,0.));
#1879 = PCURVE('',#128,#1880);
#1880 = DEFINITIONAL_REPRESENTATION('',(#1881),#1885);
#1881 = LINE('',#1882,#1883);
#1882 = CARTESIAN_POINT('',(-5.571428571429,-17.));
#1883 = VECTOR('',#1884,1.);
#1884 = DIRECTION('',(-0.,1.));
#1885 = ( GEOMETRIC_REPRESENTATION_CONTEXT(2) 
PARAMETRIC_REPRESENTATION_CONTEXT() REPRESENTATION_CONTEXT('2D SPACE',''
  ) );
#1886 = PCURVE('',#1854,#1887);
#1887 = DEFINITIONAL_REPRESENTATION('',(#1888),#1892);
#1888 = LINE('',#1889,#1890);
#1889 = CARTESIAN_POINT('',(278.275,-0.));
#1890 = VECTOR('',#1891,1.);
#1891 = DIRECTION('',(1.,-0.));
#1892 = ( GEOMETRIC_REPRESENTATION_CONTEXT(2) 
PARAMETRIC_REPRESENTATION_CONTEXT() REPRESENTATION_CONTEXT('2D SPACE',''
  ) );
#1893 = ORIENTED_EDGE('',*,*,#1894,.T.);
#1894 = EDGE_CURVE('',#1872,#1895,#1897,.T.);
#1895 = VERTEX_POINT('',#1896);
#1896 = CARTESIAN_POINT('',(-96.49828191843,-296.991173626,0.));
#1897 = SURFACE_CURVE('',#1898,(#1902,#1909),.PCURVE_S1.);
#1898 = LINE('',#1899,#1900);
#1899 = CARTESIAN_POINT('',(-96.49828191843,-296.991173626,24.));
#1900 = VECTOR('',#1901,1.);
#1901 = DIRECTION('',(0.,0.,-1.));
#1902 = PCURVE('',#128,#1903);
#1903 = DEFINITIONAL_REPRESENTATION('',(#1904),#1908);
#1904 = LINE('',#1905,#1906);
#1905 = CARTESIAN_POINT('',(-5.571428571429,17.));
#1906 = VECTOR('',#1907,1.);
#1907 = DIRECTION('',(1.,-0.));
#1908 = ( GEOMETRIC_REPRESENTATION_CONTEXT(2) 
PARAMETRIC_REPRESENTATION_CONTEXT() REPRESENTATION_CONTEXT('2D SPACE',''
  ) );
#1909 = PCURVE('',#1910,#1915);
#1910 = CYLINDRICAL_SURFACE('',#1911,312.275);
#1911 = AXIS2_PLACEMENT_3D('',#1912,#1913,#1914);
#1912 = CARTESIAN_POINT('',(0.,0.,24.));
#1913 = DIRECTION('',(0.,0.,-1.));
#1914 = DIRECTION('',(-0.309016994375,-0.951056516295,0.));
#1915 = DEFINITIONAL_REPRESENTATION('',(#1916),#1920);
#1916 = LINE('',#1917,#1918);
#1917 = CARTESIAN_POINT('',(-0.,0.));
#1918 = VECTOR('',#1919,1.);
#1919 = DIRECTION('',(-0.,1.));
#1920 = ( GEOMETRIC_REPRESENTATION_CONTEXT(2) 
PARAMETRIC_REPRESENTATION_CONTEXT() REPRESENTATION_CONTEXT('2D SPACE',''
  ) );
#1921 = ORIENTED_EDGE('',*,*,#1922,.T.);
#1922 = EDGE_CURVE('',#1895,#1923,#1925,.T.);
#1923 = VERTEX_POINT('',#1924);
#1924 = CARTESIAN_POINT('',(-98.04336689031,-301.7464562075,0.));
#1925 = SURFACE_CURVE('',#1926,(#1930,#1937),.PCURVE_S1.);
#1926 = LINE('',#1927,#1928);
#1927 = CARTESIAN_POINT('',(-96.49828191843,-296.991173626,0.));
#1928 = VECTOR('',#1929,1.);
#1929 = DIRECTION('',(-0.309016994375,-0.951056516295,0.));
#1930 = PCURVE('',#128,#1931);
#1931 = DEFINITIONAL_REPRESENTATION('',(#1932),#1936);
#1932 = LINE('',#1933,#1934);
#1933 = CARTESIAN_POINT('',(18.428571428571,17.));
#1934 = VECTOR('',#1935,1.);
#1935 = DIRECTION('',(-0.,1.));
#1936 = ( GEOMETRIC_REPRESENTATION_CONTEXT(2) 
PARAMETRIC_REPRESENTATION_CONTEXT() REPRESENTATION_CONTEXT('2D SPACE',''
  ) );
#1937 = PCURVE('',#1938,#1943);
#1938 = PLANE('',#1939);
#1939 = AXIS2_PLACEMENT_3D('',#1940,#1941,#1942);
#1940 = CARTESIAN_POINT('',(0.,0.,0.));
#1941 = DIRECTION('',(0.,0.,1.));
#1942 = DIRECTION('',(-0.309016994375,-0.951056516295,-0.));
#1943 = DEFINITIONAL_REPRESENTATION('',(#1944),#1948);
#1944 = LINE('',#1945,#1946);
#1945 = CARTESIAN_POINT('',(312.275,-0.));
#1946 = VECTOR('',#1947,1.);
#1947 = DIRECTION('',(1.,-0.));
#1948 = ( GEOMETRIC_REPRESENTATION_CONTEXT(2) 
PARAMETRIC_REPRESENTATION_CONTEXT() REPRESENTATION_CONTEXT('2D SPACE',''
  ) );
#1949 = ORIENTED_EDGE('',*,*,#1950,.T.);
#1950 = EDGE_CURVE('',#1923,#1951,#1953,.T.);
#1951 = VERTEX_POINT('',#1952);
#1952 = CARTESIAN_POINT('',(-98.04336689031,-301.7464562075,30.));
#1953 = SURFACE_CURVE('',#1954,(#1958,#1965),.PCURVE_S1.);
#1954 = LINE('',#1955,#1956);
#1955 = CARTESIAN_POINT('',(-98.04336689031,-301.7464562075,0.));
#1956 = VECTOR('',#1957,1.);
#1957 = DIRECTION('',(0.,0.,1.));
#1958 = PCURVE('',#128,#1959);
#1959 = DEFINITIONAL_REPRESENTATION('',(#1960),#1964);
#1960 = LINE('',#1961,#1962);
#1961 = CARTESIAN_POINT('',(18.428571428571,22.));
#1962 = VECTOR('',#1963,1.);
#1963 = DIRECTION('',(-1.,0.));
#1964 = ( GEOMETRIC_REPRESENTATION_CONTEXT(2) 
PARAMETRIC_REPRESENTATION_CONTEXT() REPRESENTATION_CONTEXT('2D SPACE',''
  ) );
#1965 = PCURVE('',#1966,#1971);
#1966 = CYLINDRICAL_SURFACE('',#1967,317.275);
#1967 = AXIS2_PLACEMENT_3D('',#1968,#1969,#1970);
#1968 = CARTESIAN_POINT('',(0.,0.,0.));
#1969 = DIRECTION('',(0.,0.,1.));
#1970 = DIRECTION('',(-0.309016994375,-0.951056516295,0.));
#1971 = DEFINITIONAL_REPRESENTATION('',(#1972),#1976);
#1972 = LINE('',#1973,#1974);
#1973 = CARTESIAN_POINT('',(0.,0.));
#1974 = VECTOR('',#1975,1.);
#1975 = DIRECTION('',(0.,1.));
#1976 = ( GEOMETRIC_REPRESENTATION_CONTEXT(2) 
PARAMETRIC_REPRESENTATION_CONTEXT() REPRESENTATION_CONTEXT('2D SPACE',''
  ) );
#1977 = ORIENTED_EDGE('',*,*,#1978,.T.);
#1978 = EDGE_CURVE('',#1951,#144,#1979,.T.);
#1979 = SURFACE_CURVE('',#1980,(#1984,#1991),.PCURVE_S1.);
#1980 = LINE('',#1981,#1982);
#1981 = CARTESIAN_POINT('',(-98.04336689031,-301.7464562075,30.));
#1982 = VECTOR('',#1983,1.);
#1983 = DIRECTION('',(0.309016994375,0.951056516295,0.));
#1984 = PCURVE('',#128,#1985);
#1985 = DEFINITIONAL_REPRESENTATION('',(#1986),#1990);
#1986 = LINE('',#1987,#1988);
#1987 = CARTESIAN_POINT('',(-11.57142857142,22.));
#1988 = VECTOR('',#1989,1.);
#1989 = DIRECTION('',(0.,-1.));
#1990 = ( GEOMETRIC_REPRESENTATION_CONTEXT(2) 
PARAMETRIC_REPRESENTATION_CONTEXT() REPRESENTATION_CONTEXT('2D SPACE',''
  ) );
#1991 = PCURVE('',#162,#1992);
#1992 = DEFINITIONAL_REPRESENTATION('',(#1993),#1997);
#1993 = LINE('',#1994,#1995);
#1994 = CARTESIAN_POINT('',(317.275,1.42108547152E-14));
#1995 = VECTOR('',#1996,1.);
#1996 = DIRECTION('',(-1.,0.));
#1997 = ( GEOMETRIC_REPRESENTATION_CONTEXT(2) 
PARAMETRIC_REPRESENTATION_CONTEXT() REPRESENTATION_CONTEXT('2D SPACE',''
  ) );
#1998 = ORIENTED_EDGE('',*,*,#196,.T.);
#1999 = ADVANCED_FACE('',(#2000),#73,.F.);
#2000 = FACE_BOUND('',#2001,.F.);
#2001 = EDGE_LOOP('',(#2002,#2003,#2004,#2027,#2050,#2073,#2096,#2117));
#2002 = ORIENTED_EDGE('',*,*,#57,.T.);
#2003 = ORIENTED_EDGE('',*,*,#856,.T.);
#2004 = ORIENTED_EDGE('',*,*,#2005,.T.);
#2005 = EDGE_CURVE('',#857,#2006,#2008,.T.);
#2006 = VERTEX_POINT('',#2007);
#2007 = CARTESIAN_POINT('',(96.498281918437,-296.991173626,24.));
#2008 = SURFACE_CURVE('',#2009,(#2013,#2020),.PCURVE_S1.);
#2009 = LINE('',#2010,#2011);
#2010 = CARTESIAN_POINT('',(85.991704109689,-264.655252072,24.));
#2011 = VECTOR('',#2012,1.);
#2012 = DIRECTION('',(0.309016994375,-0.951056516295,0.));
#2013 = PCURVE('',#73,#2014);
#2014 = DEFINITIONAL_REPRESENTATION('',(#2015),#2019);
#2015 = LINE('',#2016,#2017);
#2016 = CARTESIAN_POINT('',(-5.571428571429,-17.));
#2017 = VECTOR('',#2018,1.);
#2018 = DIRECTION('',(0.,1.));
#2019 = ( GEOMETRIC_REPRESENTATION_CONTEXT(2) 
PARAMETRIC_REPRESENTATION_CONTEXT() REPRESENTATION_CONTEXT('2D SPACE',''
  ) );
#2020 = PCURVE('',#896,#2021);
#2021 = DEFINITIONAL_REPRESENTATION('',(#2022),#2026);
#2022 = LINE('',#2023,#2024);
#2023 = CARTESIAN_POINT('',(225.12920410968,163.56594108168));
#2024 = VECTOR('',#2025,1.);
#2025 = DIRECTION('',(0.809016994375,0.587785252292));
#2026 = ( GEOMETRIC_REPRESENTATION_CONTEXT(2) 
PARAMETRIC_REPRESENTATION_CONTEXT() REPRESENTATION_CONTEXT('2D SPACE',''
  ) );
#2027 = ORIENTED_EDGE('',*,*,#2028,.T.);
#2028 = EDGE_CURVE('',#2006,#2029,#2031,.T.);
#2029 = VERTEX_POINT('',#2030);
#2030 = CARTESIAN_POINT('',(96.498281918437,-296.991173626,0.));
#2031 = SURFACE_CURVE('',#2032,(#2036,#2043),.PCURVE_S1.);
#2032 = LINE('',#2033,#2034);
#2033 = CARTESIAN_POINT('',(96.498281918437,-296.991173626,24.));
#2034 = VECTOR('',#2035,1.);
#2035 = DIRECTION('',(0.,0.,-1.));
#2036 = PCURVE('',#73,#2037);
#2037 = DEFINITIONAL_REPRESENTATION('',(#2038),#2042);
#2038 = LINE('',#2039,#2040);
#2039 = CARTESIAN_POINT('',(-5.571428571429,17.));
#2040 = VECTOR('',#2041,1.);
#2041 = DIRECTION('',(1.,0.));
#2042 = ( GEOMETRIC_REPRESENTATION_CONTEXT(2) 
PARAMETRIC_REPRESENTATION_CONTEXT() REPRESENTATION_CONTEXT('2D SPACE',''
  ) );
#2043 = PCURVE('',#1910,#2044);
#2044 = DEFINITIONAL_REPRESENTATION('',(#2045),#2049);
#2045 = LINE('',#2046,#2047);
#2046 = CARTESIAN_POINT('',(-0.628318530718,0.));
#2047 = VECTOR('',#2048,1.);
#2048 = DIRECTION('',(-0.,1.));
#2049 = ( GEOMETRIC_REPRESENTATION_CONTEXT(2) 
PARAMETRIC_REPRESENTATION_CONTEXT() REPRESENTATION_CONTEXT('2D SPACE',''
  ) );
#2050 = ORIENTED_EDGE('',*,*,#2051,.T.);
#2051 = EDGE_CURVE('',#2029,#2052,#2054,.T.);
#2052 = VERTEX_POINT('',#2053);
#2053 = CARTESIAN_POINT('',(98.043366890311,-301.7464562075,0.));
#2054 = SURFACE_CURVE('',#2055,(#2059,#2066),.PCURVE_S1.);
#2055 = LINE('',#2056,#2057);
#2056 = CARTESIAN_POINT('',(96.498281918437,-296.991173626,0.));
#2057 = VECTOR('',#2058,1.);
#2058 = DIRECTION('',(0.309016994375,-0.951056516295,0.));
#2059 = PCURVE('',#73,#2060);
#2060 = DEFINITIONAL_REPRESENTATION('',(#2061),#2065);
#2061 = LINE('',#2062,#2063);
#2062 = CARTESIAN_POINT('',(18.428571428571,17.));
#2063 = VECTOR('',#2064,1.);
#2064 = DIRECTION('',(0.,1.));
#2065 = ( GEOMETRIC_REPRESENTATION_CONTEXT(2) 
PARAMETRIC_REPRESENTATION_CONTEXT() REPRESENTATION_CONTEXT('2D SPACE',''
  ) );
#2066 = PCURVE('',#1938,#2067);
#2067 = DEFINITIONAL_REPRESENTATION('',(#2068),#2072);
#2068 = LINE('',#2069,#2070);
#2069 = CARTESIAN_POINT('',(252.63578191843,183.55063965963));
#2070 = VECTOR('',#2071,1.);
#2071 = DIRECTION('',(0.809016994375,0.587785252292));
#2072 = ( GEOMETRIC_REPRESENTATION_CONTEXT(2) 
PARAMETRIC_REPRESENTATION_CONTEXT() REPRESENTATION_CONTEXT('2D SPACE',''
  ) );
#2073 = ORIENTED_EDGE('',*,*,#2074,.T.);
#2074 = EDGE_CURVE('',#2052,#2075,#2077,.T.);
#2075 = VERTEX_POINT('',#2076);
#2076 = CARTESIAN_POINT('',(98.043366890311,-301.7464562075,30.));
#2077 = SURFACE_CURVE('',#2078,(#2082,#2089),.PCURVE_S1.);
#2078 = LINE('',#2079,#2080);
#2079 = CARTESIAN_POINT('',(98.043366890311,-301.7464562075,0.));
#2080 = VECTOR('',#2081,1.);
#2081 = DIRECTION('',(0.,0.,1.));
#2082 = PCURVE('',#73,#2083);
#2083 = DEFINITIONAL_REPRESENTATION('',(#2084),#2088);
#2084 = LINE('',#2085,#2086);
#2085 = CARTESIAN_POINT('',(18.428571428571,22.));
#2086 = VECTOR('',#2087,1.);
#2087 = DIRECTION('',(-1.,0.));
#2088 = ( GEOMETRIC_REPRESENTATION_CONTEXT(2) 
PARAMETRIC_REPRESENTATION_CONTEXT() REPRESENTATION_CONTEXT('2D SPACE',''
  ) );
#2089 = PCURVE('',#1966,#2090);
#2090 = DEFINITIONAL_REPRESENTATION('',(#2091),#2095);
#2091 = LINE('',#2092,#2093);
#2092 = CARTESIAN_POINT('',(0.628318530718,0.));
#2093 = VECTOR('',#2094,1.);
#2094 = DIRECTION('',(0.,1.));
#2095 = ( GEOMETRIC_REPRESENTATION_CONTEXT(2) 
PARAMETRIC_REPRESENTATION_CONTEXT() REPRESENTATION_CONTEXT('2D SPACE',''
  ) );
#2096 = ORIENTED_EDGE('',*,*,#2097,.T.);
#2097 = EDGE_CURVE('',#2075,#146,#2098,.T.);
#2098 = SURFACE_CURVE('',#2099,(#2103,#2110),.PCURVE_S1.);
#2099 = LINE('',#2100,#2101);
#2100 = CARTESIAN_POINT('',(98.043366890311,-301.7464562075,30.));
#2101 = VECTOR('',#2102,1.);
#2102 = DIRECTION('',(-0.309016994375,0.951056516295,0.));
#2103 = PCURVE('',#73,#2104);
#2104 = DEFINITIONAL_REPRESENTATION('',(#2105),#2109);
#2105 = LINE('',#2106,#2107);
#2106 = CARTESIAN_POINT('',(-11.57142857142,22.));
#2107 = VECTOR('',#2108,1.);
#2108 = DIRECTION('',(0.,-1.));
#2109 = ( GEOMETRIC_REPRESENTATION_CONTEXT(2) 
PARAMETRIC_REPRESENTATION_CONTEXT() REPRESENTATION_CONTEXT('2D SPACE',''
  ) );
#2110 = PCURVE('',#162,#2111);
#2111 = DEFINITIONAL_REPRESENTATION('',(#2112),#2116);
#2112 = LINE('',#2113,#2114);
#2113 = CARTESIAN_POINT('',(256.68086689031,186.48956592109));
#2114 = VECTOR('',#2115,1.);
#2115 = DIRECTION('',(-0.809016994375,-0.587785252292));
#2116 = ( GEOMETRIC_REPRESENTATION_CONTEXT(2) 
PARAMETRIC_REPRESENTATION_CONTEXT() REPRESENTATION_CONTEXT('2D SPACE',''
  ) );
#2117 = ORIENTED_EDGE('',*,*,#174,.T.);
#2118 = ADVANCED_FACE('',(#2119,#2146),#162,.T.);
#2119 = FACE_BOUND('',#2120,.T.);
#2120 = EDGE_LOOP('',(#2121,#2143,#2144,#2145));
#2121 = ORIENTED_EDGE('',*,*,#2122,.T.);
#2122 = EDGE_CURVE('',#1951,#2075,#2123,.T.);
#2123 = SURFACE_CURVE('',#2124,(#2129,#2136),.PCURVE_S1.);
#2124 = CIRCLE('',#2125,317.275);
#2125 = AXIS2_PLACEMENT_3D('',#2126,#2127,#2128);
#2126 = CARTESIAN_POINT('',(0.,0.,30.));
#2127 = DIRECTION('',(0.,0.,1.));
#2128 = DIRECTION('',(-0.309016994375,-0.951056516295,0.));
#2129 = PCURVE('',#162,#2130);
#2130 = DEFINITIONAL_REPRESENTATION('',(#2131),#2135);
#2131 = CIRCLE('',#2132,317.275);
#2132 = AXIS2_PLACEMENT_2D('',#2133,#2134);
#2133 = CARTESIAN_POINT('',(0.,0.));
#2134 = DIRECTION('',(1.,0.));
#2135 = ( GEOMETRIC_REPRESENTATION_CONTEXT(2) 
PARAMETRIC_REPRESENTATION_CONTEXT() REPRESENTATION_CONTEXT('2D SPACE',''
  ) );
#2136 = PCURVE('',#1966,#2137);
#2137 = DEFINITIONAL_REPRESENTATION('',(#2138),#2142);
#2138 = LINE('',#2139,#2140);
#2139 = CARTESIAN_POINT('',(0.,30.));
#2140 = VECTOR('',#2141,1.);
#2141 = DIRECTION('',(1.,0.));
#2142 = ( GEOMETRIC_REPRESENTATION_CONTEXT(2) 
PARAMETRIC_REPRESENTATION_CONTEXT() REPRESENTATION_CONTEXT('2D SPACE',''
  ) );
#2143 = ORIENTED_EDGE('',*,*,#2097,.T.);
#2144 = ORIENTED_EDGE('',*,*,#143,.F.);
#2145 = ORIENTED_EDGE('',*,*,#1978,.F.);
#2146 = FACE_BOUND('',#2147,.T.);
#2147 = EDGE_LOOP('',(#2148));
#2148 = ORIENTED_EDGE('',*,*,#2149,.F.);
#2149 = EDGE_CURVE('',#2150,#2150,#2152,.T.);
#2150 = VERTEX_POINT('',#2151);
#2151 = CARTESIAN_POINT('',(3.302080830991E-14,-297.425,30.));
#2152 = SURFACE_CURVE('',#2153,(#2158,#2165),.PCURVE_S1.);
#2153 = CIRCLE('',#2154,2.15);
#2154 = AXIS2_PLACEMENT_3D('',#2155,#2156,#2157);
#2155 = CARTESIAN_POINT('',(3.278211035962E-14,-295.275,30.));
#2156 = DIRECTION('',(-0.,0.,1.));
#2157 = DIRECTION('',(1.110223024625E-16,-1.,0.));
#2158 = PCURVE('',#162,#2159);
#2159 = DEFINITIONAL_REPRESENTATION('',(#2160),#2164);
#2160 = CIRCLE('',#2161,2.15);
#2161 = AXIS2_PLACEMENT_2D('',#2162,#2163);
#2162 = CARTESIAN_POINT('',(280.82321284905,91.244993014063));
#2163 = DIRECTION('',(0.951056516295,0.309016994375));
#2164 = ( GEOMETRIC_REPRESENTATION_CONTEXT(2) 
PARAMETRIC_REPRESENTATION_CONTEXT() REPRESENTATION_CONTEXT('2D SPACE',''
  ) );
#2165 = PCURVE('',#2166,#2171);
#2166 = CYLINDRICAL_SURFACE('',#2167,2.15);
#2167 = AXIS2_PLACEMENT_3D('',#2168,#2169,#2170);
#2168 = CARTESIAN_POINT('',(3.278211035962E-14,-295.275,31.));
#2169 = DIRECTION('',(0.,0.,1.));
#2170 = DIRECTION('',(1.110223024625E-16,-1.,0.));
#2171 = DEFINITIONAL_REPRESENTATION('',(#2172),#2176);
#2172 = LINE('',#2173,#2174);
#2173 = CARTESIAN_POINT('',(0.,-1.));
#2174 = VECTOR('',#2175,1.);
#2175 = DIRECTION('',(1.,0.));
#2176 = ( GEOMETRIC_REPRESENTATION_CONTEXT(2) 
PARAMETRIC_REPRESENTATION_CONTEXT() REPRESENTATION_CONTEXT('2D SPACE',''
  ) );
#2177 = ADVANCED_FACE('',(#2178),#317,.F.);
#2178 = FACE_BOUND('',#2179,.T.);
#2179 = EDGE_LOOP('',(#2180,#2181,#2202,#2203,#2226,#2291,#2314,#2458,
    #2459,#2605,#2626,#2627));
#2180 = ORIENTED_EDGE('',*,*,#219,.F.);
#2181 = ORIENTED_EDGE('',*,*,#2182,.T.);
#2182 = EDGE_CURVE('',#220,#1629,#2183,.T.);
#2183 = SEAM_CURVE('',#2184,(#2188,#2195),.PCURVE_S1.);
#2184 = LINE('',#2185,#2186);
#2185 = CARTESIAN_POINT('',(-63.0573826261,-261.7965137685,22.));
#2186 = VECTOR('',#2187,1.);
#2187 = DIRECTION('',(-0.2419218956,-0.970295726276,0.));
#2188 = PCURVE('',#317,#2189);
#2189 = DEFINITIONAL_REPRESENTATION('',(#2190),#2194);
#2190 = LINE('',#2191,#2192);
#2191 = CARTESIAN_POINT('',(-6.28318530718,0.));
#2192 = VECTOR('',#2193,1.);
#2193 = DIRECTION('',(-0.,-1.));
#2194 = ( GEOMETRIC_REPRESENTATION_CONTEXT(2) 
PARAMETRIC_REPRESENTATION_CONTEXT() REPRESENTATION_CONTEXT('2D SPACE',''
  ) );
#2195 = PCURVE('',#317,#2196);
#2196 = DEFINITIONAL_REPRESENTATION('',(#2197),#2201);
#2197 = LINE('',#2198,#2199);
#2198 = CARTESIAN_POINT('',(-0.,0.));
#2199 = VECTOR('',#2200,1.);
#2200 = DIRECTION('',(-0.,-1.));
#2201 = ( GEOMETRIC_REPRESENTATION_CONTEXT(2) 
PARAMETRIC_REPRESENTATION_CONTEXT() REPRESENTATION_CONTEXT('2D SPACE',''
  ) );
#2202 = ORIENTED_EDGE('',*,*,#1628,.T.);
#2203 = ORIENTED_EDGE('',*,*,#2204,.F.);
#2204 = EDGE_CURVE('',#2205,#1600,#2207,.T.);
#2205 = VERTEX_POINT('',#2206);
#2206 = CARTESIAN_POINT('',(-74.78036840493,-303.1890039665,24.));
#2207 = SURFACE_CURVE('',#2208,(#2212,#2219),.PCURVE_S1.);
#2208 = LINE('',#2209,#2210);
#2209 = CARTESIAN_POINT('',(-64.37796802235,-261.467254849,24.));
#2210 = VECTOR('',#2211,1.);
#2211 = DIRECTION('',(0.2419218956,0.970295726276,0.));
#2212 = PCURVE('',#317,#2213);
#2213 = DEFINITIONAL_REPRESENTATION('',(#2214),#2218);
#2214 = LINE('',#2215,#2216);
#2215 = CARTESIAN_POINT('',(-1.195046060571,8.909539772617E-15));
#2216 = VECTOR('',#2217,1.);
#2217 = DIRECTION('',(-0.,1.));
#2218 = ( GEOMETRIC_REPRESENTATION_CONTEXT(2) 
PARAMETRIC_REPRESENTATION_CONTEXT() REPRESENTATION_CONTEXT('2D SPACE',''
  ) );
#2219 = PCURVE('',#1616,#2220);
#2220 = DEFINITIONAL_REPRESENTATION('',(#2221),#2225);
#2221 = LINE('',#2222,#2223);
#2222 = CARTESIAN_POINT('',(268.56402270425,19.570739227425));
#2223 = VECTOR('',#2224,1.);
#2224 = DIRECTION('',(-0.99756405026,-6.975647374413E-02));
#2225 = ( GEOMETRIC_REPRESENTATION_CONTEXT(2) 
PARAMETRIC_REPRESENTATION_CONTEXT() REPRESENTATION_CONTEXT('2D SPACE',''
  ) );
#2226 = ORIENTED_EDGE('',*,*,#2227,.F.);
#2227 = EDGE_CURVE('',#2228,#2205,#2230,.T.);
#2228 = VERTEX_POINT('',#2229);
#2229 = CARTESIAN_POINT('',(-73.45823357214,-303.5120484354,22.));
#2230 = SURFACE_CURVE('',#2231,(#2249,#2270),.PCURVE_S1.);
#2231 = B_SPLINE_CURVE_WITH_KNOTS('',6,(#2232,#2233,#2234,#2235,#2236,
    #2237,#2238,#2239,#2240,#2241,#2242,#2243,#2244,#2245,#2246,#2247,
    #2248),.UNSPECIFIED.,.F.,.F.,(7,5,5,7),(0.,0.533129068932,
    0.726968402161,1.),.UNSPECIFIED.);
#2232 = CARTESIAN_POINT('',(-73.45823357214,-303.5120484354,22.));
#2233 = CARTESIAN_POINT('',(-73.45823357214,-303.5120484354,
    22.208469034763));
#2234 = CARTESIAN_POINT('',(-73.48181031436,-303.5063422258,
    22.416840068791));
#2235 = CARTESIAN_POINT('',(-73.5289194421,-303.4949404858,
    22.623319118555));
#2236 = CARTESIAN_POINT('',(-73.60016460923,-303.4776827714,
    22.826000165115));
#2237 = CARTESIAN_POINT('',(-73.69660582938,-303.45428308,
    23.022324746166));
#2238 = CARTESIAN_POINT('',(-73.86422742195,-303.4135027453,
    23.276162811083));
#2239 = CARTESIAN_POINT('',(-73.91242774841,-303.4017678124,
    23.342508351693));
#2240 = CARTESIAN_POINT('',(-73.96419080448,-303.3891552806,
    23.407321407798));
#2241 = CARTESIAN_POINT('',(-74.01956922196,-303.3756494855,
    23.470380180373));
#2242 = CARTESIAN_POINT('',(-74.07861000721,-303.3612357179,
    23.531434845855));
#2243 = CARTESIAN_POINT('',(-74.22973039379,-303.3243000943,
    23.672989925527));
#2244 = CARTESIAN_POINT('',(-74.32559367772,-303.300837211,
    23.751375647464));
#2245 = CARTESIAN_POINT('',(-74.42886301567,-303.2755210877,
    23.824333796507));
#2246 = CARTESIAN_POINT('',(-74.53933033086,-303.2483907836,
    23.890811948851));
#2247 = CARTESIAN_POINT('',(-74.65665679217,-303.219516947,
    23.949734319268));
#2248 = CARTESIAN_POINT('',(-74.78036988163,-303.1890036023,24.0000006)
  );
#2249 = PCURVE('',#317,#2250);
#2250 = DEFINITIONAL_REPRESENTATION('',(#2251),#2269);
#2251 = B_SPLINE_CURVE_WITH_KNOTS('',6,(#2252,#2253,#2254,#2255,#2256,
    #2257,#2258,#2259,#2260,#2261,#2262,#2263,#2264,#2265,#2266,#2267,
    #2268),.UNSPECIFIED.,.F.,.F.,(7,5,5,7),(0.,0.533129068932,
    0.726968402161,1.),.UNSPECIFIED.);
#2252 = CARTESIAN_POINT('',(0.,-42.99259858333));
#2253 = CARTESIAN_POINT('',(-9.69623417503E-02,-42.99259858333));
#2254 = CARTESIAN_POINT('',(-0.193879890501,-42.99276560272));
#2255 = CARTESIAN_POINT('',(-0.291553877152,-42.99309927265));
#2256 = CARTESIAN_POINT('',(-0.39074829891,-42.993589952));
#2257 = CARTESIAN_POINT('',(-0.492216919852,-42.99421657425));
#2258 = CARTESIAN_POINT('',(-0.634965063034,-42.99519892318));
#2259 = CARTESIAN_POINT('',(-0.673456507142,-42.99547328229));
#2260 = CARTESIAN_POINT('',(-0.712417032287,-42.99575801318));
#2261 = CARTESIAN_POINT('',(-0.751885897819,-42.99605064973));
#2262 = CARTESIAN_POINT('',(-0.791904951308,-42.99634829123));
#2263 = CARTESIAN_POINT('',(-0.889733105493,-42.99706914393));
#2264 = CARTESIAN_POINT('',(-0.948221312826,-42.99749463585));
#2265 = CARTESIAN_POINT('',(-1.007974842701,-42.99791362361));
#2266 = CARTESIAN_POINT('',(-1.069001838446,-42.99831366783));
#2267 = CARTESIAN_POINT('',(-1.131336776059,-42.9986813475));
#2268 = CARTESIAN_POINT('',(-1.19504682104,-42.99900328461));
#2269 = ( GEOMETRIC_REPRESENTATION_CONTEXT(2) 
PARAMETRIC_REPRESENTATION_CONTEXT() REPRESENTATION_CONTEXT('2D SPACE',''
  ) );
#2270 = PCURVE('',#1910,#2271);
#2271 = DEFINITIONAL_REPRESENTATION('',(#2272),#2290);
#2272 = B_SPLINE_CURVE_WITH_KNOTS('',6,(#2273,#2274,#2275,#2276,#2277,
    #2278,#2279,#2280,#2281,#2282,#2283,#2284,#2285,#2286,#2287,#2288,
    #2289),.UNSPECIFIED.,.F.,.F.,(7,5,5,7),(0.,0.533129068932,
    0.726968402161,1.),.UNSPECIFIED.);
#2273 = CARTESIAN_POINT('',(-7.669818164428E-02,2.));
#2274 = CARTESIAN_POINT('',(-7.669818164428E-02,1.791530965237));
#2275 = CARTESIAN_POINT('',(-7.662050189288E-02,1.583159931209));
#2276 = CARTESIAN_POINT('',(-7.646528849498E-02,1.376680881445));
#2277 = CARTESIAN_POINT('',(-7.623054174157E-02,1.173999834885));
#2278 = CARTESIAN_POINT('',(-7.591274697455E-02,0.977675253834));
#2279 = CARTESIAN_POINT('',(-7.536031412608E-02,0.723837188917));
#2280 = CARTESIAN_POINT('',(-7.520145329513E-02,0.657491648307));
#2281 = CARTESIAN_POINT('',(-7.503084252226E-02,0.592678592202));
#2282 = CARTESIAN_POINT('',(-7.484830617338E-02,0.529619819627));
#2283 = CARTESIAN_POINT('',(-7.465368683359E-02,0.468565154145));
#2284 = CARTESIAN_POINT('',(-7.415550839656E-02,0.327010074473));
#2285 = CARTESIAN_POINT('',(-7.38394637817E-02,0.248624352536));
#2286 = CARTESIAN_POINT('',(-7.349897179406E-02,0.175666203493));
#2287 = CARTESIAN_POINT('',(-7.313470931848E-02,0.109188051149));
#2288 = CARTESIAN_POINT('',(-7.274778394664E-02,5.026568073165E-02));
#2289 = CARTESIAN_POINT('',(-7.233974444656E-02,-6.E-07));
#2290 = ( GEOMETRIC_REPRESENTATION_CONTEXT(2) 
PARAMETRIC_REPRESENTATION_CONTEXT() REPRESENTATION_CONTEXT('2D SPACE',''
  ) );
#2291 = ORIENTED_EDGE('',*,*,#2292,.T.);
#2292 = EDGE_CURVE('',#2228,#2293,#2295,.T.);
#2293 = VERTEX_POINT('',#2294);
#2294 = CARTESIAN_POINT('',(-74.66787126866,-308.363640245,22.));
#2295 = SEAM_CURVE('',#2296,(#2300,#2307),.PCURVE_S1.);
#2296 = LINE('',#2297,#2298);
#2297 = CARTESIAN_POINT('',(-63.0573826261,-261.7965137685,22.));
#2298 = VECTOR('',#2299,1.);
#2299 = DIRECTION('',(-0.2419218956,-0.970295726276,0.));
#2300 = PCURVE('',#317,#2301);
#2301 = DEFINITIONAL_REPRESENTATION('',(#2302),#2306);
#2302 = LINE('',#2303,#2304);
#2303 = CARTESIAN_POINT('',(-6.28318530718,0.));
#2304 = VECTOR('',#2305,1.);
#2305 = DIRECTION('',(-0.,-1.));
#2306 = ( GEOMETRIC_REPRESENTATION_CONTEXT(2) 
PARAMETRIC_REPRESENTATION_CONTEXT() REPRESENTATION_CONTEXT('2D SPACE',''
  ) );
#2307 = PCURVE('',#317,#2308);
#2308 = DEFINITIONAL_REPRESENTATION('',(#2309),#2313);
#2309 = LINE('',#2310,#2311);
#2310 = CARTESIAN_POINT('',(-0.,0.));
#2311 = VECTOR('',#2312,1.);
#2312 = DIRECTION('',(-0.,-1.));
#2313 = ( GEOMETRIC_REPRESENTATION_CONTEXT(2) 
PARAMETRIC_REPRESENTATION_CONTEXT() REPRESENTATION_CONTEXT('2D SPACE',''
  ) );
#2314 = ORIENTED_EDGE('',*,*,#2315,.T.);
#2315 = EDGE_CURVE('',#2293,#2293,#2316,.T.);
#2316 = SURFACE_CURVE('',#2317,(#2362,#2410),.PCURVE_S1.);
#2317 = B_SPLINE_CURVE_WITH_KNOTS('',7,(#2318,#2319,#2320,#2321,#2322,
    #2323,#2324,#2325,#2326,#2327,#2328,#2329,#2330,#2331,#2332,#2333,
    #2334,#2335,#2336,#2337,#2338,#2339,#2340,#2341,#2342,#2343,#2344,
    #2345,#2346,#2347,#2348,#2349,#2350,#2351,#2352,#2353,#2354,#2355,
    #2356,#2357,#2358,#2359,#2360,#2361),.UNSPECIFIED.,.T.,.F.,(8,6,6,6,
    6,6,6,8),(0.,0.15388662778,0.285620767736,0.421510895163,
    0.589776763979,0.715035578068,0.837010153871,1.),.UNSPECIFIED.);
#2318 = CARTESIAN_POINT('',(-74.66787126866,-308.363640245,22.));
#2319 = CARTESIAN_POINT('',(-74.66787126866,-308.363640245,
    22.255805697362));
#2320 = CARTESIAN_POINT('',(-74.70238336177,-308.3552833895,
    22.511808541229));
#2321 = CARTESIAN_POINT('',(-74.77149979758,-308.3385474758,
    22.76486358387));
#2322 = CARTESIAN_POINT('',(-74.87637067444,-308.3131278007,
    23.011578060859));
#2323 = CARTESIAN_POINT('',(-75.01883144376,-308.2785290101,
    23.247341111113));
#2324 = CARTESIAN_POINT('',(-75.20123412146,-308.2340883559,
    23.465770624021));
#2325 = CARTESIAN_POINT('',(-75.61711152679,-308.1323044808,
    23.819965301791));
#2326 = CARTESIAN_POINT('',(-75.84725875947,-308.0758293938,
    23.969752529965));
#2327 = CARTESIAN_POINT('',(-76.11116342183,-308.0108390303,
    24.087910724615));
#2328 = CARTESIAN_POINT('',(-76.39919130854,-307.9395717084,
    24.161954074935));
#2329 = CARTESIAN_POINT('',(-76.69818480219,-307.8651847852,
    24.185098898798));
#2330 = CARTESIAN_POINT('',(-76.9941230752,-307.7911860049,
    24.156667131455));
#2331 = CARTESIAN_POINT('',(-77.56364374191,-307.6481686837,
    24.005899157232));
#2332 = CARTESIAN_POINT('',(-77.82509413998,-307.5821765234,
    23.88357862906));
#2333 = CARTESIAN_POINT('',(-78.05456317197,-307.5239945477,
    23.726688276367));
#2334 = CARTESIAN_POINT('',(-78.25057258304,-307.4741229153,
    23.544277096933));
#2335 = CARTESIAN_POINT('',(-78.41305325891,-307.4326757807,
    23.344036593789));
#2336 = CARTESIAN_POINT('',(-78.5429302514,-307.3994862921,
    23.132558491203));
#2337 = CARTESIAN_POINT('',(-78.76449107088,-307.3427997835,
    22.64656065204));
#2338 = CARTESIAN_POINT('',(-78.84121543853,-307.3231090419,
    22.365705463444));
#2339 = CARTESIAN_POINT('',(-78.87496398817,-307.3144346911,
    22.079267945003));
#2340 = CARTESIAN_POINT('',(-78.86691956469,-307.3165016959,
    21.791300685786));
#2341 = CARTESIAN_POINT('',(-78.81675828983,-307.3293896701,
    21.505870630304));
#2342 = CARTESIAN_POINT('',(-78.72284147121,-307.3534786453,
    21.227694592048));
#2343 = CARTESIAN_POINT('',(-78.47804731284,-307.4160590157,
    20.768103597205));
#2344 = CARTESIAN_POINT('',(-78.34673385447,-307.4495844962,
    20.578007416521));
#2345 = CARTESIAN_POINT('',(-78.18731455612,-307.4902101964,
    20.398924335252));
#2346 = CARTESIAN_POINT('',(-77.9993132881,-307.5379979535,
    20.236503378739));
#2347 = CARTESIAN_POINT('',(-77.78313652602,-307.5927650109,
    20.097099747069));
#2348 = CARTESIAN_POINT('',(-77.54033871546,-307.654021013,
    19.987931353526));
#2349 = CARTESIAN_POINT('',(-77.01555511235,-307.7858040184,
    19.849006525382));
#2350 = CARTESIAN_POINT('',(-76.74216715938,-307.8541866079,
    19.819204352947));
#2351 = CARTESIAN_POINT('',(-76.46467561044,-307.9232759209,
    19.833534292539));
#2352 = CARTESIAN_POINT('',(-76.19477476364,-307.9901392053,
    19.892115600476));
#2353 = CARTESIAN_POINT('',(-75.94367779829,-308.0520660304,
    19.990041114421));
#2354 = CARTESIAN_POINT('',(-75.72008020589,-308.1070167971,
    20.117648086393));
#2355 = CARTESIAN_POINT('',(-75.27357517226,-308.2164558321,
    20.45165249161));
#2356 = CARTESIAN_POINT('',(-75.06574351286,-308.267133867,
    20.677925259057));
#2357 = CARTESIAN_POINT('',(-74.90394033948,-308.3064444869,
    20.925739747773));
#2358 = CARTESIAN_POINT('',(-74.78519261749,-308.3352319279,
    21.18679303985));
#2359 = CARTESIAN_POINT('',(-74.7070329506,-308.3541575117,
    21.455321304334));
#2360 = CARTESIAN_POINT('',(-74.66787126866,-308.363640245,
    21.727507745883));
#2361 = CARTESIAN_POINT('',(-74.66787126866,-308.363640245,22.));
#2362 = PCURVE('',#317,#2363);
#2363 = DEFINITIONAL_REPRESENTATION('',(#2364),#2409);
#2364 = B_SPLINE_CURVE_WITH_KNOTS('',7,(#2365,#2366,#2367,#2368,#2369,
    #2370,#2371,#2372,#2373,#2374,#2375,#2376,#2377,#2378,#2379,#2380,
    #2381,#2382,#2383,#2384,#2385,#2386,#2387,#2388,#2389,#2390,#2391,
    #2392,#2393,#2394,#2395,#2396,#2397,#2398,#2399,#2400,#2401,#2402,
    #2403,#2404,#2405,#2406,#2407,#2408),.UNSPECIFIED.,.F.,.F.,(8,6,6,6,
    6,6,6,8),(0.,0.15388662778,0.285620767736,0.421510895163,
    0.589776763979,0.715035578068,0.837010153871,1.),.UNSPECIFIED.);
#2365 = CARTESIAN_POINT('',(0.,-47.99271522643));
#2366 = CARTESIAN_POINT('',(-0.118979394122,-47.99271522643));
#2367 = CARTESIAN_POINT('',(-0.238049755251,-47.99295583615));
#2368 = CARTESIAN_POINT('',(-0.358504366733,-47.99343782982));
#2369 = CARTESIAN_POINT('',(-0.481518754176,-47.99414378901));
#2370 = CARTESIAN_POINT('',(-0.608358115046,-47.99503710973));
#2371 = CARTESIAN_POINT('',(-0.740398808306,-47.99604373443));
#2372 = CARTESIAN_POINT('',(-0.998847993212,-47.99789312568));
#2373 = CARTESIAN_POINT('',(-1.128184168475,-47.99877324489));
#2374 = CARTESIAN_POINT('',(-1.263374826457,-47.99955768911));
#2375 = CARTESIAN_POINT('',(-1.402111791126,-48.00008756362));
#2376 = CARTESIAN_POINT('',(-1.542611483138,-48.00024332265));
#2377 = CARTESIAN_POINT('',(-1.683325050324,-48.00003657037));
#2378 = CARTESIAN_POINT('',(-1.965301289781,-47.99904699418));
#2379 = CARTESIAN_POINT('',(-2.100928992377,-47.99826565892));
#2380 = CARTESIAN_POINT('',(-2.2305115483,-47.9973255198));
#2381 = CARTESIAN_POINT('',(-2.354854584337,-47.99635425625));
#2382 = CARTESIAN_POINT('',(-2.474608836544,-47.99544591177));
#2383 = CARTESIAN_POINT('',(-2.590154871923,-47.99466238104));
#2384 = CARTESIAN_POINT('',(-2.839976653856,-47.99326011749));
#2385 = CARTESIAN_POINT('',(-2.973861152163,-47.99271557951));
#2386 = CARTESIAN_POINT('',(-3.105618110549,-47.99246340714));
#2387 = CARTESIAN_POINT('',(-3.236897216314,-47.99252289082));
#2388 = CARTESIAN_POINT('',(-3.369303231768,-47.99289292647));
#2389 = CARTESIAN_POINT('',(-3.504408470611,-47.99354582133));
#2390 = CARTESIAN_POINT('',(-3.748345049303,-47.99504622048));
#2391 = CARTESIAN_POINT('',(-3.856191710067,-47.99580825019));
#2392 = CARTESIAN_POINT('',(-3.96789074656,-47.9966601746));
#2393 = CARTESIAN_POINT('',(-4.083674273623,-47.99754680793));
#2394 = CARTESIAN_POINT('',(-4.203986285644,-47.9983891576));
#2395 = CARTESIAN_POINT('',(-4.329422604323,-47.99908748806));
#2396 = CARTESIAN_POINT('',(-4.589249008498,-47.99999933093));
#2397 = CARTESIAN_POINT('',(-4.719652234847,-48.00021213351));
#2398 = CARTESIAN_POINT('',(-4.850265717934,-48.00011791705));
#2399 = CARTESIAN_POINT('',(-4.979605510589,-47.99970015169));
#2400 = CARTESIAN_POINT('',(-5.106051365653,-47.99904163162));
#2401 = CARTESIAN_POINT('',(-5.227578569329,-47.99826697224));
#2402 = CARTESIAN_POINT('',(-5.491877283089,-47.9964358561));
#2403 = CARTESIAN_POINT('',(-5.63423415975,-47.99532950782));
#2404 = CARTESIAN_POINT('',(-5.77026959938,-47.9943287038));
#2405 = CARTESIAN_POINT('',(-5.901620156744,-47.99353336085));
#2406 = CARTESIAN_POINT('',(-6.029847463915,-47.99298823914));
#2407 = CARTESIAN_POINT('',(-6.156444723869,-47.99271522643));
#2408 = CARTESIAN_POINT('',(-6.28318530718,-47.99271522643));
#2409 = ( GEOMETRIC_REPRESENTATION_CONTEXT(2) 
PARAMETRIC_REPRESENTATION_CONTEXT() REPRESENTATION_CONTEXT('2D SPACE',''
  ) );
#2410 = PCURVE('',#1966,#2411);
#2411 = DEFINITIONAL_REPRESENTATION('',(#2412),#2457);
#2412 = B_SPLINE_CURVE_WITH_KNOTS('',7,(#2413,#2414,#2415,#2416,#2417,
    #2418,#2419,#2420,#2421,#2422,#2423,#2424,#2425,#2426,#2427,#2428,
    #2429,#2430,#2431,#2432,#2433,#2434,#2435,#2436,#2437,#2438,#2439,
    #2440,#2441,#2442,#2443,#2444,#2445,#2446,#2447,#2448,#2449,#2450,
    #2451,#2452,#2453,#2454,#2455,#2456),.UNSPECIFIED.,.T.,.F.,(8,6,6,6,
    6,6,6,8),(0.,0.15388662778,0.285620767736,0.421510895163,
    0.589776763979,0.715035578068,0.837010153871,1.),.UNSPECIFIED.);
#2413 = CARTESIAN_POINT('',(7.658967769977E-02,22.));
#2414 = CARTESIAN_POINT('',(7.658967769977E-02,22.255805697362));
#2415 = CARTESIAN_POINT('',(7.647775757378E-02,22.511808541229));
#2416 = CARTESIAN_POINT('',(7.625361826304E-02,22.76486358387));
#2417 = CARTESIAN_POINT('',(7.591351064262E-02,23.011578060859));
#2418 = CARTESIAN_POINT('',(7.545144470304E-02,23.247341111113));
#2419 = CARTESIAN_POINT('',(7.485972363253E-02,23.465770624021));
#2420 = CARTESIAN_POINT('',(7.351025767631E-02,23.819965301791));
#2421 = CARTESIAN_POINT('',(7.276335033969E-02,23.969752529965));
#2422 = CARTESIAN_POINT('',(7.1906714464E-02,24.087910724615));
#2423 = CARTESIAN_POINT('',(7.097152121133E-02,24.161954074935));
#2424 = CARTESIAN_POINT('',(7.00004153419E-02,24.185098898798));
#2425 = CARTESIAN_POINT('',(6.903894821009E-02,24.156667131455));
#2426 = CARTESIAN_POINT('',(6.718817735139E-02,24.005899157232));
#2427 = CARTESIAN_POINT('',(6.633828345574E-02,23.88357862906));
#2428 = CARTESIAN_POINT('',(6.559214841201E-02,23.726688276367));
#2429 = CARTESIAN_POINT('',(6.495467494291E-02,23.544277096933));
#2430 = CARTESIAN_POINT('',(6.442616274737E-02,23.344036593789));
#2431 = CARTESIAN_POINT('',(6.400365659443E-02,23.132558491203));
#2432 = CARTESIAN_POINT('',(6.32828386198E-02,22.64656065204));
#2433 = CARTESIAN_POINT('',(6.303317886767E-02,22.365705463444));
#2434 = CARTESIAN_POINT('',(6.292335139733E-02,22.079267945003));
#2435 = CARTESIAN_POINT('',(6.294952975143E-02,21.791300685786));
#2436 = CARTESIAN_POINT('',(6.311276506863E-02,21.505870630304));
#2437 = CARTESIAN_POINT('',(6.341835771299E-02,21.227694592048));
#2438 = CARTESIAN_POINT('',(6.42147228298E-02,20.768103597205));
#2439 = CARTESIAN_POINT('',(6.464187773064E-02,20.578007416521));
#2440 = CARTESIAN_POINT('',(6.516040042395E-02,20.398924335252));
#2441 = CARTESIAN_POINT('',(6.577179334344E-02,20.236503378739));
#2442 = CARTESIAN_POINT('',(6.647467310798E-02,20.097099747069));
#2443 = CARTESIAN_POINT('',(6.726391167734E-02,19.987931353526));
#2444 = CARTESIAN_POINT('',(6.896930053597E-02,19.849006525382));
#2445 = CARTESIAN_POINT('',(6.985752169363E-02,19.819204352947));
#2446 = CARTESIAN_POINT('',(7.075883071214E-02,19.833534292539));
#2447 = CARTESIAN_POINT('',(7.163522919497E-02,19.892115600476));
#2448 = CARTESIAN_POINT('',(7.245035950496E-02,19.990041114421));
#2449 = CARTESIAN_POINT('',(7.31760732858E-02,20.117648086393));
#2450 = CARTESIAN_POINT('',(7.462504112592E-02,20.45165249161));
#2451 = CARTESIAN_POINT('',(7.529928588776E-02,20.677925259057));
#2452 = CARTESIAN_POINT('',(7.582409871186E-02,20.925739747773));
#2453 = CARTESIAN_POINT('',(7.62092135296E-02,21.18679303985));
#2454 = CARTESIAN_POINT('',(7.646267929632E-02,21.455321304334));
#2455 = CARTESIAN_POINT('',(7.658967769977E-02,21.727507745883));
#2456 = CARTESIAN_POINT('',(7.658967769977E-02,22.));
#2457 = ( GEOMETRIC_REPRESENTATION_CONTEXT(2) 
PARAMETRIC_REPRESENTATION_CONTEXT() REPRESENTATION_CONTEXT('2D SPACE',''
  ) );
#2458 = ORIENTED_EDGE('',*,*,#2292,.F.);
#2459 = ORIENTED_EDGE('',*,*,#2460,.F.);
#2460 = EDGE_CURVE('',#2461,#2228,#2463,.T.);
#2461 = VERTEX_POINT('',#2462);
#2462 = CARTESIAN_POINT('',(-76.31146923542,-302.8072576543,24.));
#2463 = SURFACE_CURVE('',#2464,(#2509,#2557),.PCURVE_S1.);
#2464 = B_SPLINE_CURVE_WITH_KNOTS('',7,(#2465,#2466,#2467,#2468,#2469,
    #2470,#2471,#2472,#2473,#2474,#2475,#2476,#2477,#2478,#2479,#2480,
    #2481,#2482,#2483,#2484,#2485,#2486,#2487,#2488,#2489,#2490,#2491,
    #2492,#2493,#2494,#2495,#2496,#2497,#2498,#2499,#2500,#2501,#2502,
    #2503,#2504,#2505,#2506,#2507,#2508),.UNSPECIFIED.,.F.,.F.,(8,6,6,6,
    6,6,6,8),(0.,8.163790739316E-02,0.184326515775,0.294746027991,
    0.497639190128,0.673749900588,0.822989785332,1.),.UNSPECIFIED.);
#2465 = CARTESIAN_POINT('',(-76.31146776059,-302.8072580259,24.0000006)
  );
#2466 = CARTESIAN_POINT('',(-76.41737403675,-302.7805682318,
    23.956915216516));
#2467 = CARTESIAN_POINT('',(-76.5187026269,-302.7549861095,
    23.907646911827));
#2468 = CARTESIAN_POINT('',(-76.61518721957,-302.7305859365,
    23.852824433226));
#2469 = CARTESIAN_POINT('',(-76.70661880654,-302.707427722,
    23.793066018346));
#2470 = CARTESIAN_POINT('',(-76.79284470339,-302.6855571494,
    23.72897972691));
#2471 = CARTESIAN_POINT('',(-76.87376756994,-302.6650055188,
    23.661163772481));
#2472 = CARTESIAN_POINT('',(-77.04440912457,-302.6216189718,
    23.500953375942));
#2473 = CARTESIAN_POINT('',(-77.13115076781,-302.5995273375,
    23.406602909888));
#2474 = CARTESIAN_POINT('',(-77.209720856,-302.5794879782,
    23.308036074692));
#2475 = CARTESIAN_POINT('',(-77.28030062436,-302.5614645647,
    23.205993093796));
#2476 = CARTESIAN_POINT('',(-77.34308329373,-302.5454159401,
    23.101095332949));
#2477 = CARTESIAN_POINT('',(-77.39825631644,-302.5313008125,
    22.993866837718));
#2478 = CARTESIAN_POINT('',(-77.49730407451,-302.5059442268,
    22.767430493706));
#2479 = CARTESIAN_POINT('',(-77.54002804613,-302.4949959224,
    22.647900372718));
#2480 = CARTESIAN_POINT('',(-77.57435761298,-302.4861922886,
    22.526709275849));
#2481 = CARTESIAN_POINT('',(-77.60045501652,-302.4794964695,
    22.404316433067));
#2482 = CARTESIAN_POINT('',(-77.61843643186,-302.4748817627,
    22.281121254157));
#2483 = CARTESIAN_POINT('',(-77.62836573591,-302.4723333826,
    22.157488046396));
#2484 = CARTESIAN_POINT('',(-77.63370739611,-302.4709624305,
    21.806443183126));
#2485 = CARTESIAN_POINT('',(-77.60999495628,-302.4770482424,
    21.579098637385));
#2486 = CARTESIAN_POINT('',(-77.55925776358,-302.4900713936,
    21.353711790991));
#2487 = CARTESIAN_POINT('',(-77.48084195434,-302.5101846139,
    21.132461944867));
#2488 = CARTESIAN_POINT('',(-77.3735192974,-302.5376724832,
    20.918170086778));
#2489 = CARTESIAN_POINT('',(-77.2357197286,-302.5728836479,
    20.714793465266));
#2490 = CARTESIAN_POINT('',(-76.91856421573,-302.6536522677,
    20.366281695001));
#2491 = CARTESIAN_POINT('',(-76.74359878704,-302.6981206046,
    20.213160250442));
#2492 = CARTESIAN_POINT('',(-76.54166924245,-302.7493074071,
    20.077847618322));
#2493 = CARTESIAN_POINT('',(-76.31564386536,-302.8064052552,
    19.968144920953));
#2494 = CARTESIAN_POINT('',(-76.07017963965,-302.8681577676,
    19.890524890887));
#2495 = CARTESIAN_POINT('',(-75.81132279228,-302.9329854005,19.85));
#2496 = CARTESIAN_POINT('',(-75.32145543065,-303.0551230514,19.85));
#2497 = CARTESIAN_POINT('',(-75.09669548289,-303.1109555285,
    19.879102228089));
#2498 = CARTESIAN_POINT('',(-74.87617008318,-303.1655255671,
    19.937308732785));
#2499 = CARTESIAN_POINT('',(-74.66411764842,-303.217800375,
    20.023774951991));
#2500 = CARTESIAN_POINT('',(-74.46457991147,-303.2668186671,
    20.136864840181));
#2501 = CARTESIAN_POINT('',(-74.28124270529,-303.311722658,
    20.274202090395));
#2502 = CARTESIAN_POINT('',(-73.92276944554,-303.3993076265,
    20.620729108015));
#2503 = CARTESIAN_POINT('',(-73.76429523328,-303.4378731005,
    20.83003654721));
#2504 = CARTESIAN_POINT('',(-73.64029091584,-303.4679653968,
    21.052993808887));
#2505 = CARTESIAN_POINT('',(-73.54887751922,-303.4901101423,
    21.284567084334));
#2506 = CARTESIAN_POINT('',(-73.4884901889,-303.5047254986,
    21.521257690112));
#2507 = CARTESIAN_POINT('',(-73.45823357214,-303.5120484354,
    21.760480875213));
#2508 = CARTESIAN_POINT('',(-73.45823357214,-303.5120484354,22.));
#2509 = PCURVE('',#317,#2510);
#2510 = DEFINITIONAL_REPRESENTATION('',(#2511),#2556);
#2511 = B_SPLINE_CURVE_WITH_KNOTS('',7,(#2512,#2513,#2514,#2515,#2516,
    #2517,#2518,#2519,#2520,#2521,#2522,#2523,#2524,#2525,#2526,#2527,
    #2528,#2529,#2530,#2531,#2532,#2533,#2534,#2535,#2536,#2537,#2538,
    #2539,#2540,#2541,#2542,#2543,#2544,#2545,#2546,#2547,#2548,#2549,
    #2550,#2551,#2552,#2553,#2554,#2555),.UNSPECIFIED.,.F.,.F.,(8,6,6,6,
    6,6,6,8),(0.,8.163790739316E-02,0.184326515775,0.294746027991,
    0.497639190128,0.673749900588,0.822989785332,1.),.UNSPECIFIED.);
#2512 = CARTESIAN_POINT('',(-1.946545832549,-42.99900328461));
#2513 = CARTESIAN_POINT('',(-2.001154442533,-42.99872733851));
#2514 = CARTESIAN_POINT('',(-2.054780832968,-42.99841871917));
#2515 = CARTESIAN_POINT('',(-2.107463384141,-42.99808507113));
#2516 = CARTESIAN_POINT('',(-2.15922646655,-42.99773405743));
#2517 = CARTESIAN_POINT('',(-2.210082257145,-42.99737306673));
#2518 = CARTESIAN_POINT('',(-2.260032555567,-42.99700892062));
#2519 = CARTESIAN_POINT('',(-2.370753325256,-42.99619306791));
#2520 = CARTESIAN_POINT('',(-2.43108082043,-42.99574235227));
#2521 = CARTESIAN_POINT('',(-2.490211558043,-42.99530607224));
#2522 = CARTESIAN_POINT('',(-2.548287646869,-42.99489282255));
#2523 = CARTESIAN_POINT('',(-2.605440260291,-42.99450941304));
#2524 = CARTESIAN_POINT('',(-2.661795064278,-42.99416112735));
#2525 = CARTESIAN_POINT('',(-2.777352285184,-42.99351956197));
#2526 = CARTESIAN_POINT('',(-2.836463835066,-42.99323233315));
#2527 = CARTESIAN_POINT('',(-2.894971122814,-42.99299527885));
#2528 = CARTESIAN_POINT('',(-2.953023026897,-42.9928118875));
#2529 = CARTESIAN_POINT('',(-3.010763176851,-42.99268435527));
#2530 = CARTESIAN_POINT('',(-3.068334653691,-42.99261378905));
#2531 = CARTESIAN_POINT('',(-3.231631479806,-42.99257582468));
#2532 = CARTESIAN_POINT('',(-3.337180943448,-42.99274430357));
#2533 = CARTESIAN_POINT('',(-3.443549180311,-42.99310617368));
#2534 = CARTESIAN_POINT('',(-3.551611310398,-42.99365144414));
#2535 = CARTESIAN_POINT('',(-3.662295025534,-42.9943591056));
#2536 = CARTESIAN_POINT('',(-3.776534617122,-42.99518761537));
#2537 = CARTESIAN_POINT('',(-3.9989015225,-42.99683019904));
#2538 = CARTESIAN_POINT('',(-4.108296810552,-42.99764966817));
#2539 = CARTESIAN_POINT('',(-4.222301955097,-42.99846482566));
#2540 = CARTESIAN_POINT('',(-4.340084374677,-42.99918613601));
#2541 = CARTESIAN_POINT('',(-4.461165026163,-42.99972116403));
#2542 = CARTESIAN_POINT('',(-4.585281798562,-43.));
#2543 = CARTESIAN_POINT('',(-4.820102254131,-43.));
#2544 = CARTESIAN_POINT('',(-4.927818516369,-42.99979966129));
#2545 = CARTESIAN_POINT('',(-5.035524439754,-42.99939881376));
#2546 = CARTESIAN_POINT('',(-5.143228120271,-42.99882070952));
#2547 = CARTESIAN_POINT('',(-5.250942577233,-42.99811040128));
#2548 = CARTESIAN_POINT('',(-5.358667782257,-42.9973272673));
#2549 = CARTESIAN_POINT('',(-5.594115942999,-42.99558805737));
#2550 = CARTESIAN_POINT('',(-5.716057311645,-42.99466959014));
#2551 = CARTESIAN_POINT('',(-5.833711722536,-42.99386865708));
#2552 = CARTESIAN_POINT('',(-5.94816578979,-42.99324070681));
#2553 = CARTESIAN_POINT('',(-6.06051495161,-42.99281290718));
#2554 = CARTESIAN_POINT('',(-6.171781063093,-42.99259858333));
#2555 = CARTESIAN_POINT('',(-6.28318530718,-42.99259858333));
#2556 = ( GEOMETRIC_REPRESENTATION_CONTEXT(2) 
PARAMETRIC_REPRESENTATION_CONTEXT() REPRESENTATION_CONTEXT('2D SPACE',''
  ) );
#2557 = PCURVE('',#1910,#2558);
#2558 = DEFINITIONAL_REPRESENTATION('',(#2559),#2604);
#2559 = B_SPLINE_CURVE_WITH_KNOTS('',7,(#2560,#2561,#2562,#2563,#2564,
    #2565,#2566,#2567,#2568,#2569,#2570,#2571,#2572,#2573,#2574,#2575,
    #2576,#2577,#2578,#2579,#2580,#2581,#2582,#2583,#2584,#2585,#2586,
    #2587,#2588,#2589,#2590,#2591,#2592,#2593,#2594,#2595,#2596,#2597,
    #2598,#2599,#2600,#2601,#2602,#2603),.UNSPECIFIED.,.F.,.F.,(8,6,6,6,
    6,6,6,8),(0.,8.163790739316E-02,0.184326515775,0.294746027991,
    0.497639190128,0.673749900588,0.822989785332,1.),.UNSPECIFIED.);
#2560 = CARTESIAN_POINT('',(-6.728659571299E-02,-6.E-07));
#2561 = CARTESIAN_POINT('',(-6.693684757006E-02,4.30847834842E-02));
#2562 = CARTESIAN_POINT('',(-6.660218094731E-02,9.235308817291E-02));
#2563 = CARTESIAN_POINT('',(-6.628348085502E-02,0.147175566774));
#2564 = CARTESIAN_POINT('',(-6.598144322793E-02,0.206933981654));
#2565 = CARTESIAN_POINT('',(-6.569657791646E-02,0.27102027309));
#2566 = CARTESIAN_POINT('',(-6.542921167804E-02,0.338836227519));
#2567 = CARTESIAN_POINT('',(-6.486537910398E-02,0.499046624058));
#2568 = CARTESIAN_POINT('',(-6.457873872775E-02,0.593397090112));
#2569 = CARTESIAN_POINT('',(-6.431907866151E-02,0.691963925308));
#2570 = CARTESIAN_POINT('',(-6.408580775036E-02,0.794006906204));
#2571 = CARTESIAN_POINT('',(-6.387829385448E-02,0.898904667051));
#2572 = CARTESIAN_POINT('',(-6.369592264099E-02,1.006133162282));
#2573 = CARTESIAN_POINT('',(-6.336851268965E-02,1.232569506294));
#2574 = CARTESIAN_POINT('',(-6.322727674115E-02,1.352099627282));
#2575 = CARTESIAN_POINT('',(-6.311378569705E-02,1.473290724151));
#2576 = CARTESIAN_POINT('',(-6.302750697326E-02,1.595683566933));
#2577 = CARTESIAN_POINT('',(-6.296805896315E-02,1.718878745843));
#2578 = CARTESIAN_POINT('',(-6.293523176602E-02,1.842511953604));
#2579 = CARTESIAN_POINT('',(-6.29175717418E-02,2.193556816874));
#2580 = CARTESIAN_POINT('',(-6.299596722621E-02,2.420901362615));
#2581 = CARTESIAN_POINT('',(-6.316371013488E-02,2.646288209009));
#2582 = CARTESIAN_POINT('',(-6.342295018885E-02,2.867538055133));
#2583 = CARTESIAN_POINT('',(-6.377772363905E-02,3.081829913222));
#2584 = CARTESIAN_POINT('',(-6.423317813063E-02,3.285206534734));
#2585 = CARTESIAN_POINT('',(-6.528122379011E-02,3.633718304999));
#2586 = CARTESIAN_POINT('',(-6.585932933859E-02,3.786839749558));
#2587 = CARTESIAN_POINT('',(-6.652642120683E-02,3.922152381678));
#2588 = CARTESIAN_POINT('',(-6.727296072729E-02,4.031855079047));
#2589 = CARTESIAN_POINT('',(-6.808350438031E-02,4.109475109113));
#2590 = CARTESIAN_POINT('',(-6.893804257703E-02,4.15));
#2591 = CARTESIAN_POINT('',(-7.055477135606E-02,4.15));
#2592 = CARTESIAN_POINT('',(-7.129639561677E-02,4.120897771911));
#2593 = CARTESIAN_POINT('',(-7.202388499601E-02,4.062691267215));
#2594 = CARTESIAN_POINT('',(-7.272327053673E-02,3.976225048009));
#2595 = CARTESIAN_POINT('',(-7.33812494212E-02,3.863135159819));
#2596 = CARTESIAN_POINT('',(-7.398570434486E-02,3.725797909605));
#2597 = CARTESIAN_POINT('',(-7.516741242925E-02,3.379270891985));
#2598 = CARTESIAN_POINT('',(-7.568970592315E-02,3.16996345279));
#2599 = CARTESIAN_POINT('',(-7.609833081062E-02,2.947006191113));
#2600 = CARTESIAN_POINT('',(-7.639953142045E-02,2.715432915666));
#2601 = CARTESIAN_POINT('',(-7.659849328483E-02,2.478742309888));
#2602 = CARTESIAN_POINT('',(-7.669818164428E-02,2.239519124787));
#2603 = CARTESIAN_POINT('',(-7.669818164428E-02,2.));
#2604 = ( GEOMETRIC_REPRESENTATION_CONTEXT(2) 
PARAMETRIC_REPRESENTATION_CONTEXT() REPRESENTATION_CONTEXT('2D SPACE',''
  ) );
#2605 = ORIENTED_EDGE('',*,*,#2606,.T.);
#2606 = EDGE_CURVE('',#2461,#1694,#2607,.T.);
#2607 = SURFACE_CURVE('',#2608,(#2612,#2619),.PCURVE_S1.);
#2608 = LINE('',#2609,#2610);
#2609 = CARTESIAN_POINT('',(-65.90906885284,-261.0855085368,24.));
#2610 = VECTOR('',#2611,1.);
#2611 = DIRECTION('',(0.2419218956,0.970295726276,0.));
#2612 = PCURVE('',#317,#2613);
#2613 = DEFINITIONAL_REPRESENTATION('',(#2614),#2618);
#2614 = LINE('',#2615,#2616);
#2615 = CARTESIAN_POINT('',(-1.946546593019,-8.909539772617E-15));
#2616 = VECTOR('',#2617,1.);
#2617 = DIRECTION('',(-0.,1.));
#2618 = ( GEOMETRIC_REPRESENTATION_CONTEXT(2) 
PARAMETRIC_REPRESENTATION_CONTEXT() REPRESENTATION_CONTEXT('2D SPACE',''
  ) );
#2619 = PCURVE('',#1854,#2620);
#2620 = DEFINITIONAL_REPRESENTATION('',(#2621),#2625);
#2621 = LINE('',#2622,#2623);
#2622 = CARTESIAN_POINT('',(268.67409656317,17.996609707474));
#2623 = VECTOR('',#2624,1.);
#2624 = DIRECTION('',(-0.99756405026,-6.975647374413E-02));
#2625 = ( GEOMETRIC_REPRESENTATION_CONTEXT(2) 
PARAMETRIC_REPRESENTATION_CONTEXT() REPRESENTATION_CONTEXT('2D SPACE',''
  ) );
#2626 = ORIENTED_EDGE('',*,*,#1693,.T.);
#2627 = ORIENTED_EDGE('',*,*,#2182,.F.);
#2628 = ADVANCED_FACE('',(#2629),#470,.F.);
#2629 = FACE_BOUND('',#2630,.T.);
#2630 = EDGE_LOOP('',(#2631,#2632,#2653,#2654,#2677,#2742,#2765,#2909,
    #2910,#3056,#3077,#3078));
#2631 = ORIENTED_EDGE('',*,*,#372,.F.);
#2632 = ORIENTED_EDGE('',*,*,#2633,.T.);
#2633 = EDGE_CURVE('',#373,#1389,#2634,.T.);
#2634 = SEAM_CURVE('',#2635,(#2639,#2646),.PCURVE_S1.);
#2635 = LINE('',#2636,#2637);
#2636 = CARTESIAN_POINT('',(-16.63891175939,-268.7690360522,22.));
#2637 = VECTOR('',#2638,1.);
#2638 = DIRECTION('',(-6.975647374413E-02,-0.99756405026,0.));
#2639 = PCURVE('',#470,#2640);
#2640 = DEFINITIONAL_REPRESENTATION('',(#2641),#2645);
#2641 = LINE('',#2642,#2643);
#2642 = CARTESIAN_POINT('',(-6.28318530718,0.));
#2643 = VECTOR('',#2644,1.);
#2644 = DIRECTION('',(-0.,-1.));
#2645 = ( GEOMETRIC_REPRESENTATION_CONTEXT(2) 
PARAMETRIC_REPRESENTATION_CONTEXT() REPRESENTATION_CONTEXT('2D SPACE',''
  ) );
#2646 = PCURVE('',#470,#2647);
#2647 = DEFINITIONAL_REPRESENTATION('',(#2648),#2652);
#2648 = LINE('',#2649,#2650);
#2649 = CARTESIAN_POINT('',(-0.,0.));
#2650 = VECTOR('',#2651,1.);
#2651 = DIRECTION('',(-0.,-1.));
#2652 = ( GEOMETRIC_REPRESENTATION_CONTEXT(2) 
PARAMETRIC_REPRESENTATION_CONTEXT() REPRESENTATION_CONTEXT('2D SPACE',''
  ) );
#2653 = ORIENTED_EDGE('',*,*,#1388,.T.);
#2654 = ORIENTED_EDGE('',*,*,#2655,.F.);
#2655 = EDGE_CURVE('',#2656,#1360,#2658,.T.);
#2656 = VERTEX_POINT('',#2657);
#2657 = CARTESIAN_POINT('',(-20.99606855085,-311.568356433,24.));
#2658 = SURFACE_CURVE('',#2659,(#2663,#2670),.PCURVE_S1.);
#2659 = LINE('',#2660,#2661);
#2660 = CARTESIAN_POINT('',(-17.99660970747,-268.6740965631,24.));
#2661 = VECTOR('',#2662,1.);
#2662 = DIRECTION('',(6.975647374413E-02,0.99756405026,0.));
#2663 = PCURVE('',#470,#2664);
#2664 = DEFINITIONAL_REPRESENTATION('',(#2665),#2669);
#2665 = LINE('',#2666,#2667);
#2666 = CARTESIAN_POINT('',(-1.195046060571,-2.844946500602E-15));
#2667 = VECTOR('',#2668,1.);
#2668 = DIRECTION('',(-0.,1.));
#2669 = ( GEOMETRIC_REPRESENTATION_CONTEXT(2) 
PARAMETRIC_REPRESENTATION_CONTEXT() REPRESENTATION_CONTEXT('2D SPACE',''
  ) );
#2670 = PCURVE('',#1376,#2671);
#2671 = DEFINITIONAL_REPRESENTATION('',(#2672),#2676);
#2672 = LINE('',#2673,#2674);
#2673 = CARTESIAN_POINT('',(261.08550853686,65.909068852843));
#2674 = VECTOR('',#2675,1.);
#2675 = DIRECTION('',(-0.970295726276,-0.2419218956));
#2676 = ( GEOMETRIC_REPRESENTATION_CONTEXT(2) 
PARAMETRIC_REPRESENTATION_CONTEXT() REPRESENTATION_CONTEXT('2D SPACE',''
  ) );
#2677 = ORIENTED_EDGE('',*,*,#2678,.F.);
#2678 = EDGE_CURVE('',#2679,#2656,#2681,.T.);
#2679 = VERTEX_POINT('',#2680);
#2680 = CARTESIAN_POINT('',(-19.63792383366,-311.6569068262,22.));
#2681 = SURFACE_CURVE('',#2682,(#2700,#2721),.PCURVE_S1.);
#2682 = B_SPLINE_CURVE_WITH_KNOTS('',6,(#2683,#2684,#2685,#2686,#2687,
    #2688,#2689,#2690,#2691,#2692,#2693,#2694,#2695,#2696,#2697,#2698,
    #2699),.UNSPECIFIED.,.F.,.F.,(7,5,5,7),(0.,0.53312906891,
    0.72696840213,1.),.UNSPECIFIED.);
#2683 = CARTESIAN_POINT('',(-19.63792383366,-311.6569068262,22.));
#2684 = CARTESIAN_POINT('',(-19.63792383366,-311.6569068262,
    22.208469034764));
#2685 = CARTESIAN_POINT('',(-19.66213326508,-311.6553813651,
    22.41684006879));
#2686 = CARTESIAN_POINT('',(-19.71050659068,-311.6523332574,
    22.623319118555));
#2687 = CARTESIAN_POINT('',(-19.7836661543,-311.6477093198,
    22.826000165115));
#2688 = CARTESIAN_POINT('',(-19.88270552938,-311.6414119645,
    23.022324746166));
#2689 = CARTESIAN_POINT('',(-20.05486200412,-311.6303583588,
    23.276162811083));
#2690 = CARTESIAN_POINT('',(-20.10436780903,-311.6271716047,
    23.342508351693));
#2691 = CARTESIAN_POINT('',(-20.15753461114,-311.6237392459,
    23.407321407798));
#2692 = CARTESIAN_POINT('',(-20.21441696272,-311.6200549956,
    23.470380180373));
#2693 = CARTESIAN_POINT('',(-20.27506371026,-311.6161125302,
    23.531434845855));
#2694 = CARTESIAN_POINT('',(-20.43030204234,-311.6059798215,
    23.672989925539));
#2695 = CARTESIAN_POINT('',(-20.52878323451,-311.5995198766,
    23.751375647458));
#2696 = CARTESIAN_POINT('',(-20.63487977783,-311.5925208944,
    23.824333796497));
#2697 = CARTESIAN_POINT('',(-20.74837997415,-311.5849852087,
    23.890811948851));
#2698 = CARTESIAN_POINT('',(-20.86893787201,-311.5769235567,
    23.949734319276));
#2699 = CARTESIAN_POINT('',(-20.99607006835,-311.5683563308,24.0000006)
  );
#2700 = PCURVE('',#470,#2701);
#2701 = DEFINITIONAL_REPRESENTATION('',(#2702),#2720);
#2702 = B_SPLINE_CURVE_WITH_KNOTS('',6,(#2703,#2704,#2705,#2706,#2707,
    #2708,#2709,#2710,#2711,#2712,#2713,#2714,#2715,#2716,#2717,#2718,
    #2719),.UNSPECIFIED.,.F.,.F.,(7,5,5,7),(0.,0.53312906891,
    0.72696840213,1.),.UNSPECIFIED.);
#2703 = CARTESIAN_POINT('',(0.,-42.99259858333));
#2704 = CARTESIAN_POINT('',(-9.69623417507E-02,-42.99259858333));
#2705 = CARTESIAN_POINT('',(-0.193879890501,-42.99276560272));
#2706 = CARTESIAN_POINT('',(-0.291553877152,-42.99309927265));
#2707 = CARTESIAN_POINT('',(-0.39074829891,-42.993589952));
#2708 = CARTESIAN_POINT('',(-0.492216919852,-42.99421657425));
#2709 = CARTESIAN_POINT('',(-0.634965063034,-42.99519892318));
#2710 = CARTESIAN_POINT('',(-0.673456507142,-42.99547328229));
#2711 = CARTESIAN_POINT('',(-0.712417032287,-42.99575801318));
#2712 = CARTESIAN_POINT('',(-0.751885897819,-42.99605064973));
#2713 = CARTESIAN_POINT('',(-0.791904951308,-42.99634829123));
#2714 = CARTESIAN_POINT('',(-0.889733105502,-42.99706914393));
#2715 = CARTESIAN_POINT('',(-0.948221312824,-42.99749463585));
#2716 = CARTESIAN_POINT('',(-1.007974842692,-42.99791362361));
#2717 = CARTESIAN_POINT('',(-1.069001838444,-42.99831366783));
#2718 = CARTESIAN_POINT('',(-1.131336776069,-42.9986813475));
#2719 = CARTESIAN_POINT('',(-1.19504682104,-42.99900328461));
#2720 = ( GEOMETRIC_REPRESENTATION_CONTEXT(2) 
PARAMETRIC_REPRESENTATION_CONTEXT() REPRESENTATION_CONTEXT('2D SPACE',''
  ) );
#2721 = PCURVE('',#1910,#2722);
#2722 = DEFINITIONAL_REPRESENTATION('',(#2723),#2741);
#2723 = B_SPLINE_CURVE_WITH_KNOTS('',6,(#2724,#2725,#2726,#2727,#2728,
    #2729,#2730,#2731,#2732,#2733,#2734,#2735,#2736,#2737,#2738,#2739,
    #2740),.UNSPECIFIED.,.F.,.F.,(7,5,5,7),(0.,0.53312906891,
    0.72696840213,1.),.UNSPECIFIED.);
#2724 = CARTESIAN_POINT('',(-0.251231106844,2.));
#2725 = CARTESIAN_POINT('',(-0.251231106844,1.791530965236));
#2726 = CARTESIAN_POINT('',(-0.251153427092,1.58315993121));
#2727 = CARTESIAN_POINT('',(-0.250998213694,1.376680881445));
#2728 = CARTESIAN_POINT('',(-0.250763466941,1.173999834885));
#2729 = CARTESIAN_POINT('',(-0.250445672174,0.977675253834));
#2730 = CARTESIAN_POINT('',(-0.249893239326,0.723837188917));
#2731 = CARTESIAN_POINT('',(-0.249734378495,0.657491648307));
#2732 = CARTESIAN_POINT('',(-0.249563767722,0.592678592202));
#2733 = CARTESIAN_POINT('',(-0.249381231373,0.529619819627));
#2734 = CARTESIAN_POINT('',(-0.249186612033,0.468565154145));
#2735 = CARTESIAN_POINT('',(-0.248688433596,0.327010074461));
#2736 = CARTESIAN_POINT('',(-0.248372388981,0.248624352542));
#2737 = CARTESIAN_POINT('',(-0.248031896994,0.175666203503));
#2738 = CARTESIAN_POINT('',(-0.247667634518,0.109188051149));
#2739 = CARTESIAN_POINT('',(-0.247280709146,5.026568072402E-02));
#2740 = CARTESIAN_POINT('',(-0.246872669646,-6.E-07));
#2741 = ( GEOMETRIC_REPRESENTATION_CONTEXT(2) 
PARAMETRIC_REPRESENTATION_CONTEXT() REPRESENTATION_CONTEXT('2D SPACE',''
  ) );
#2742 = ORIENTED_EDGE('',*,*,#2743,.T.);
#2743 = EDGE_CURVE('',#2679,#2744,#2746,.T.);
#2744 = VERTEX_POINT('',#2745);
#2745 = CARTESIAN_POINT('',(-19.98671433899,-316.6448434365,22.));
#2746 = SEAM_CURVE('',#2747,(#2751,#2758),.PCURVE_S1.);
#2747 = LINE('',#2748,#2749);
#2748 = CARTESIAN_POINT('',(-16.63891175939,-268.7690360522,22.));
#2749 = VECTOR('',#2750,1.);
#2750 = DIRECTION('',(-6.975647374413E-02,-0.99756405026,0.));
#2751 = PCURVE('',#470,#2752);
#2752 = DEFINITIONAL_REPRESENTATION('',(#2753),#2757);
#2753 = LINE('',#2754,#2755);
#2754 = CARTESIAN_POINT('',(-6.28318530718,0.));
#2755 = VECTOR('',#2756,1.);
#2756 = DIRECTION('',(-0.,-1.));
#2757 = ( GEOMETRIC_REPRESENTATION_CONTEXT(2) 
PARAMETRIC_REPRESENTATION_CONTEXT() REPRESENTATION_CONTEXT('2D SPACE',''
  ) );
#2758 = PCURVE('',#470,#2759);
#2759 = DEFINITIONAL_REPRESENTATION('',(#2760),#2764);
#2760 = LINE('',#2761,#2762);
#2761 = CARTESIAN_POINT('',(-0.,0.));
#2762 = VECTOR('',#2763,1.);
#2763 = DIRECTION('',(-0.,-1.));
#2764 = ( GEOMETRIC_REPRESENTATION_CONTEXT(2) 
PARAMETRIC_REPRESENTATION_CONTEXT() REPRESENTATION_CONTEXT('2D SPACE',''
  ) );
#2765 = ORIENTED_EDGE('',*,*,#2766,.T.);
#2766 = EDGE_CURVE('',#2744,#2744,#2767,.T.);
#2767 = SURFACE_CURVE('',#2768,(#2813,#2861),.PCURVE_S1.);
#2768 = B_SPLINE_CURVE_WITH_KNOTS('',7,(#2769,#2770,#2771,#2772,#2773,
    #2774,#2775,#2776,#2777,#2778,#2779,#2780,#2781,#2782,#2783,#2784,
    #2785,#2786,#2787,#2788,#2789,#2790,#2791,#2792,#2793,#2794,#2795,
    #2796,#2797,#2798,#2799,#2800,#2801,#2802,#2803,#2804,#2805,#2806,
    #2807,#2808,#2809,#2810,#2811,#2812),.UNSPECIFIED.,.T.,.F.,(8,6,6,6,
    6,6,6,8),(0.,0.153886628409,0.285620768316,0.421510896266,
    0.589776761873,0.715035576513,0.837010153221,1.),.UNSPECIFIED.);
#2769 = CARTESIAN_POINT('',(-19.98671433899,-316.6448434365,22.));
#2770 = CARTESIAN_POINT('',(-19.98671433899,-316.6448434365,
    22.255805697362));
#2771 = CARTESIAN_POINT('',(-20.0221532686,-316.6426065024,
    22.51180854123));
#2772 = CARTESIAN_POINT('',(-20.09312583135,-316.638126788,
    22.76486358387));
#2773 = CARTESIAN_POINT('',(-20.20081756422,-316.6313039315,
    23.011578060859));
#2774 = CARTESIAN_POINT('',(-20.34712205128,-316.6219688272,
    23.247341111113));
#2775 = CARTESIAN_POINT('',(-20.53447066106,-316.609877219,
    23.465770624021));
#2776 = CARTESIAN_POINT('',(-20.96170453768,-316.5818560233,
    23.819965301064));
#2777 = CARTESIAN_POINT('',(-21.1981621144,-316.5662035672,
    23.969752531058));
#2778 = CARTESIAN_POINT('',(-21.46934293038,-316.548027117,
    24.08791072441));
#2779 = CARTESIAN_POINT('',(-21.76537046479,-316.5278580237,
    24.161954074288));
#2780 = CARTESIAN_POINT('',(-22.07273872908,-316.5065208803,
    24.185098899442));
#2781 = CARTESIAN_POINT('',(-22.37703079023,-316.4850354494,
    24.156667131173));
#2782 = CARTESIAN_POINT('',(-22.96273385452,-316.4430871087,
    24.005899157201));
#2783 = CARTESIAN_POINT('',(-23.23167165185,-316.4234979028,
    23.883578629014));
#2784 = CARTESIAN_POINT('',(-23.46775772757,-316.4060467213,
    23.726688276407));
#2785 = CARTESIAN_POINT('',(-23.66944943337,-316.390969428,
    23.544277097027));
#2786 = CARTESIAN_POINT('',(-23.83665888217,-316.3783664418,
    23.344036593807));
#2787 = CARTESIAN_POINT('',(-23.97032604556,-316.3682340792,
    23.132558491085));
#2788 = CARTESIAN_POINT('',(-24.19836436424,-316.3508823988,
    22.646560658347));
#2789 = CARTESIAN_POINT('',(-24.27734238659,-316.3448138498,
    22.365705438623));
#2790 = CARTESIAN_POINT('',(-24.3120844969,-316.3421316567,
    22.07926798984));
#2791 = CARTESIAN_POINT('',(-24.30380335162,-316.3427703597,
    21.791300641094));
#2792 = CARTESIAN_POINT('',(-24.25216617897,-316.3467521217,
    21.505870654871));
#2793 = CARTESIAN_POINT('',(-24.15549315025,-316.3541666476,
    21.227694585864));
#2794 = CARTESIAN_POINT('',(-23.90355100131,-316.3732882219,
    20.768103597205));
#2795 = CARTESIAN_POINT('',(-23.76841085083,-316.3835020323,
    20.578007416522));
#2796 = CARTESIAN_POINT('',(-23.60435891103,-316.3958276661,
    20.398924335252));
#2797 = CARTESIAN_POINT('',(-23.41091554778,-316.4102433422,
    20.236503378738));
#2798 = CARTESIAN_POINT('',(-23.18851279675,-316.4266396642,
    20.097099747069));
#2799 = CARTESIAN_POINT('',(-22.93876663736,-316.4448036526,
    19.987931353526));
#2800 = CARTESIAN_POINT('',(-22.39907179683,-316.4834568617,
    19.849006525176));
#2801 = CARTESIAN_POINT('',(-22.11796271067,-316.5033272461,
    19.819204353398));
#2802 = CARTESIAN_POINT('',(-21.83268964855,-316.5231810354,
    19.833534292113));
#2803 = CARTESIAN_POINT('',(-21.5552785131,-316.5421607262,
    19.892115600324));
#2804 = CARTESIAN_POINT('',(-21.29724279466,-316.5595442132,
    19.990041115157));
#2805 = CARTESIAN_POINT('',(-21.06750005292,-316.5748328397,
    20.117648085905));
#2806 = CARTESIAN_POINT('',(-20.60877454438,-316.6050744645,
    20.45165249161));
#2807 = CARTESIAN_POINT('',(-20.39530016646,-316.6188929973,
    20.677925259057));
#2808 = CARTESIAN_POINT('',(-20.22912892936,-316.6295095743,
    20.925739747773));
#2809 = CARTESIAN_POINT('',(-20.10718636541,-316.6372393439,
    21.18679303985));
#2810 = CARTESIAN_POINT('',(-20.02692772634,-316.6423051219,
    21.455321304334));
#2811 = CARTESIAN_POINT('',(-19.98671433899,-316.6448434365,
    21.727507745883));
#2812 = CARTESIAN_POINT('',(-19.98671433899,-316.6448434365,22.));
#2813 = PCURVE('',#470,#2814);
#2814 = DEFINITIONAL_REPRESENTATION('',(#2815),#2860);
#2815 = B_SPLINE_CURVE_WITH_KNOTS('',7,(#2816,#2817,#2818,#2819,#2820,
    #2821,#2822,#2823,#2824,#2825,#2826,#2827,#2828,#2829,#2830,#2831,
    #2832,#2833,#2834,#2835,#2836,#2837,#2838,#2839,#2840,#2841,#2842,
    #2843,#2844,#2845,#2846,#2847,#2848,#2849,#2850,#2851,#2852,#2853,
    #2854,#2855,#2856,#2857,#2858,#2859),.UNSPECIFIED.,.F.,.F.,(8,6,6,6,
    6,6,6,8),(0.,0.153886628409,0.285620768316,0.421510896266,
    0.589776761873,0.715035576513,0.837010153221,1.),.UNSPECIFIED.);
#2816 = CARTESIAN_POINT('',(0.,-47.99271522643));
#2817 = CARTESIAN_POINT('',(-0.118979394122,-47.99271522643));
#2818 = CARTESIAN_POINT('',(-0.238049755252,-47.99295583615));
#2819 = CARTESIAN_POINT('',(-0.358504366733,-47.99343782982));
#2820 = CARTESIAN_POINT('',(-0.481518754176,-47.99414378901));
#2821 = CARTESIAN_POINT('',(-0.608358115046,-47.99503710973));
#2822 = CARTESIAN_POINT('',(-0.740398808305,-47.99604373443));
#2823 = CARTESIAN_POINT('',(-0.998847992682,-47.99789312567));
#2824 = CARTESIAN_POINT('',(-1.128184169094,-47.99877324489));
#2825 = CARTESIAN_POINT('',(-1.26337482673,-47.99955768911));
#2826 = CARTESIAN_POINT('',(-1.402111790785,-48.00008756362));
#2827 = CARTESIAN_POINT('',(-1.542611482598,-48.00024332265));
#2828 = CARTESIAN_POINT('',(-1.683325050852,-48.00003657037));
#2829 = CARTESIAN_POINT('',(-1.965301289839,-47.99904699418));
#2830 = CARTESIAN_POINT('',(-2.100928992387,-47.99826565892));
#2831 = CARTESIAN_POINT('',(-2.230511548259,-47.9973255198));
#2832 = CARTESIAN_POINT('',(-2.354854584288,-47.99635425625));
#2833 = CARTESIAN_POINT('',(-2.474608836542,-47.99544591177));
#2834 = CARTESIAN_POINT('',(-2.590154871984,-47.99466238104));
#2835 = CARTESIAN_POINT('',(-2.839976650614,-47.99326011751));
#2836 = CARTESIAN_POINT('',(-2.973861164799,-47.99271557948));
#2837 = CARTESIAN_POINT('',(-3.105618087766,-47.99246340715));
#2838 = CARTESIAN_POINT('',(-3.236897239148,-47.99252289085));
#2839 = CARTESIAN_POINT('',(-3.369303219045,-47.99289292643));
#2840 = CARTESIAN_POINT('',(-3.504408473893,-47.99354582135));
#2841 = CARTESIAN_POINT('',(-3.748345049304,-47.99504622048));
#2842 = CARTESIAN_POINT('',(-3.856191710067,-47.99580825019));
#2843 = CARTESIAN_POINT('',(-3.96789074656,-47.9966601746));
#2844 = CARTESIAN_POINT('',(-4.083674273623,-47.99754680793));
#2845 = CARTESIAN_POINT('',(-4.203986285644,-47.9983891576));
#2846 = CARTESIAN_POINT('',(-4.329422604323,-47.99908748806));
#2847 = CARTESIAN_POINT('',(-4.589249008883,-47.99999933093));
#2848 = CARTESIAN_POINT('',(-4.719652234452,-48.0002121335));
#2849 = CARTESIAN_POINT('',(-4.850265717681,-48.00011791706));
#2850 = CARTESIAN_POINT('',(-4.979605510801,-47.99970015169));
#2851 = CARTESIAN_POINT('',(-5.106051366095,-47.99904163162));
#2852 = CARTESIAN_POINT('',(-5.227578568943,-47.99826697224));
#2853 = CARTESIAN_POINT('',(-5.491877283089,-47.9964358561));
#2854 = CARTESIAN_POINT('',(-5.634234159751,-47.99532950782));
#2855 = CARTESIAN_POINT('',(-5.77026959938,-47.9943287038));
#2856 = CARTESIAN_POINT('',(-5.901620156745,-47.99353336085));
#2857 = CARTESIAN_POINT('',(-6.029847463915,-47.99298823914));
#2858 = CARTESIAN_POINT('',(-6.15644472387,-47.99271522643));
#2859 = CARTESIAN_POINT('',(-6.28318530718,-47.99271522643));
#2860 = ( GEOMETRIC_REPRESENTATION_CONTEXT(2) 
PARAMETRIC_REPRESENTATION_CONTEXT() REPRESENTATION_CONTEXT('2D SPACE',''
  ) );
#2861 = PCURVE('',#1966,#2862);
#2862 = DEFINITIONAL_REPRESENTATION('',(#2863),#2908);
#2863 = B_SPLINE_CURVE_WITH_KNOTS('',7,(#2864,#2865,#2866,#2867,#2868,
    #2869,#2870,#2871,#2872,#2873,#2874,#2875,#2876,#2877,#2878,#2879,
    #2880,#2881,#2882,#2883,#2884,#2885,#2886,#2887,#2888,#2889,#2890,
    #2891,#2892,#2893,#2894,#2895,#2896,#2897,#2898,#2899,#2900,#2901,
    #2902,#2903,#2904,#2905,#2906,#2907),.UNSPECIFIED.,.T.,.F.,(8,6,6,6,
    6,6,6,8),(0.,0.153886628409,0.285620768316,0.421510896266,
    0.589776761873,0.715035576513,0.837010153221,1.),.UNSPECIFIED.);
#2864 = CARTESIAN_POINT('',(0.251122602899,22.));
#2865 = CARTESIAN_POINT('',(0.251122602899,22.255805697362));
#2866 = CARTESIAN_POINT('',(0.251010682773,22.51180854123));
#2867 = CARTESIAN_POINT('',(0.250786543462,22.76486358387));
#2868 = CARTESIAN_POINT('',(0.250446435842,23.011578060859));
#2869 = CARTESIAN_POINT('',(0.249984369902,23.247341111113));
#2870 = CARTESIAN_POINT('',(0.249392648832,23.465770624021));
#2871 = CARTESIAN_POINT('',(0.248043182879,23.819965301064));
#2872 = CARTESIAN_POINT('',(0.247296275537,23.969752531058));
#2873 = CARTESIAN_POINT('',(0.24643963966,24.08791072441));
#2874 = CARTESIAN_POINT('',(0.245504446414,24.161954074288));
#2875 = CARTESIAN_POINT('',(0.244533340545,24.185098899442));
#2876 = CARTESIAN_POINT('',(0.243571873406,24.156667131173));
#2877 = CARTESIAN_POINT('',(0.24172110255,24.005899157201));
#2878 = CARTESIAN_POINT('',(0.240871208655,23.883578629014));
#2879 = CARTESIAN_POINT('',(0.240125073612,23.726688276407));
#2880 = CARTESIAN_POINT('',(0.239487600143,23.544277097027));
#2881 = CARTESIAN_POINT('',(0.238959087947,23.344036593807));
#2882 = CARTESIAN_POINT('',(0.238536581794,23.132558491085));
#2883 = CARTESIAN_POINT('',(0.237815763829,22.646560658347));
#2884 = CARTESIAN_POINT('',(0.237566104049,22.365705438623));
#2885 = CARTESIAN_POINT('',(0.237456276604,22.07926798984));
#2886 = CARTESIAN_POINT('',(0.237482454968,21.791300641094));
#2887 = CARTESIAN_POINT('',(0.237645690244,21.505870654871));
#2888 = CARTESIAN_POINT('',(0.237951282923,21.227694585864));
#2889 = CARTESIAN_POINT('',(0.238747648029,20.768103597205));
#2890 = CARTESIAN_POINT('',(0.23917480293,20.578007416522));
#2891 = CARTESIAN_POINT('',(0.239693325623,20.398924335252));
#2892 = CARTESIAN_POINT('',(0.240304718543,20.236503378738));
#2893 = CARTESIAN_POINT('',(0.241007598307,20.097099747069));
#2894 = CARTESIAN_POINT('',(0.241796836877,19.987931353526));
#2895 = CARTESIAN_POINT('',(0.243502225738,19.849006525176));
#2896 = CARTESIAN_POINT('',(0.244390446891,19.819204353398));
#2897 = CARTESIAN_POINT('',(0.245291755909,19.833534292113));
#2898 = CARTESIAN_POINT('',(0.246168154397,19.892115600324));
#2899 = CARTESIAN_POINT('',(0.246983284706,19.990041115157));
#2900 = CARTESIAN_POINT('',(0.247708998483,20.117648085905));
#2901 = CARTESIAN_POINT('',(0.249157966325,20.45165249161));
#2902 = CARTESIAN_POINT('',(0.249832211087,20.677925259057));
#2903 = CARTESIAN_POINT('',(0.250357023911,20.925739747773));
#2904 = CARTESIAN_POINT('',(0.250742138729,21.18679303985));
#2905 = CARTESIAN_POINT('',(0.250995604496,21.455321304334));
#2906 = CARTESIAN_POINT('',(0.251122602899,21.727507745883));
#2907 = CARTESIAN_POINT('',(0.251122602899,22.));
#2908 = ( GEOMETRIC_REPRESENTATION_CONTEXT(2) 
PARAMETRIC_REPRESENTATION_CONTEXT() REPRESENTATION_CONTEXT('2D SPACE',''
  ) );
#2909 = ORIENTED_EDGE('',*,*,#2743,.F.);
#2910 = ORIENTED_EDGE('',*,*,#2911,.F.);
#2911 = EDGE_CURVE('',#2912,#2679,#2914,.T.);
#2912 = VERTEX_POINT('',#2913);
#2913 = CARTESIAN_POINT('',(-22.5701980708,-311.4582825741,24.));
#2914 = SURFACE_CURVE('',#2915,(#2960,#3008),.PCURVE_S1.);
#2915 = B_SPLINE_CURVE_WITH_KNOTS('',7,(#2916,#2917,#2918,#2919,#2920,
    #2921,#2922,#2923,#2924,#2925,#2926,#2927,#2928,#2929,#2930,#2931,
    #2932,#2933,#2934,#2935,#2936,#2937,#2938,#2939,#2940,#2941,#2942,
    #2943,#2944,#2945,#2946,#2947,#2948,#2949,#2950,#2951,#2952,#2953,
    #2954,#2955,#2956,#2957,#2958,#2959),.UNSPECIFIED.,.F.,.F.,(8,6,6,6,
    6,6,6,8),(0.,8.163790749347E-02,0.184326507106,0.294746019236,
    0.497639181216,0.673749891539,0.822989779024,1.),.UNSPECIFIED.);
#2916 = CARTESIAN_POINT('',(-22.57019655383,-311.458282684,24.0000006));
#2917 = CARTESIAN_POINT('',(-22.6791285098,-311.4503887997,
    23.956915216516));
#2918 = CARTESIAN_POINT('',(-22.78335997991,-311.4427908523,
    23.907646911827));
#2919 = CARTESIAN_POINT('',(-22.88261580039,-311.4355157465,
    23.852824433226));
#2920 = CARTESIAN_POINT('',(-22.97667971786,-311.4285862858,
    23.793066018346));
#2921 = CARTESIAN_POINT('',(-23.06539343465,-311.4220209462,
    23.72897972691));
#2922 = CARTESIAN_POINT('',(-23.14865565424,-311.4158336493,
    23.661163772481));
#2923 = CARTESIAN_POINT('',(-23.32423876656,-311.4027378371,
    23.500953383674));
#2924 = CARTESIAN_POINT('',(-23.41349879592,-311.3960443515,
    23.406602901176));
#2925 = CARTESIAN_POINT('',(-23.49435502676,-311.3899529877,
    23.308036068378));
#2926 = CARTESIAN_POINT('',(-23.56699225257,-311.3844594393,
    23.205993101189));
#2927 = CARTESIAN_POINT('',(-23.63160792334,-311.3795567257,
    23.101095341427));
#2928 = CARTESIAN_POINT('',(-23.6883938209,-311.3752367327,
    22.993866828485));
#2929 = CARTESIAN_POINT('',(-23.79033994171,-311.3674648335,
    22.767430493706));
#2930 = CARTESIAN_POINT('',(-23.83431599332,-311.3641017982,
    22.647900372717));
#2931 = CARTESIAN_POINT('',(-23.86965275187,-311.3613931781,
    22.526709275849));
#2932 = CARTESIAN_POINT('',(-23.896516394,-311.3593308501,
    22.404316433067));
#2933 = CARTESIAN_POINT('',(-23.91502596666,-311.3579086911,
    22.281121254157));
#2934 = CARTESIAN_POINT('',(-23.92524694383,-311.3571232322,
    22.157488046396));
#2935 = CARTESIAN_POINT('',(-23.93074551554,-311.3567006775,
    21.806443183126));
#2936 = CARTESIAN_POINT('',(-23.9063365308,-311.3585764103,
    21.579098637385));
#2937 = CARTESIAN_POINT('',(-23.85410870359,-311.3625912895,
    21.35371179099));
#2938 = CARTESIAN_POINT('',(-23.77339158265,-311.3687821824,
    21.132461944867));
#2939 = CARTESIAN_POINT('',(-23.66292617961,-311.3772160654,
    20.918170086778));
#2940 = CARTESIAN_POINT('',(-23.5211057413,-311.3879636494,
    20.714793465266));
#2941 = CARTESIAN_POINT('',(-23.19474320969,-311.4124317355,
    20.366281695001));
#2942 = CARTESIAN_POINT('',(-23.01471405334,-311.4258420706,
    20.213160250442));
#2943 = CARTESIAN_POINT('',(-22.80696377728,-311.4411865331,
    20.077847618322));
#2944 = CARTESIAN_POINT('',(-22.57445729627,-311.4581680418,
    19.968144920953));
#2945 = CARTESIAN_POINT('',(-22.32199901248,-311.4763579792,
    19.890524890887));
#2946 = CARTESIAN_POINT('',(-22.05581758194,-311.4952507149,19.85));
#2947 = CARTESIAN_POINT('',(-21.55218342132,-311.5304682462,19.85));
#2948 = CARTESIAN_POINT('',(-21.3211428883,-311.5464233462,
    19.879102225945));
#2949 = CARTESIAN_POINT('',(-21.09449176274,-311.5618705104,
    19.937308735866));
#2950 = CARTESIAN_POINT('',(-20.87658345469,-311.5765286278,
    20.02377495305));
#2951 = CARTESIAN_POINT('',(-20.67156522143,-311.5901528565,
    20.136864835578));
#2952 = CARTESIAN_POINT('',(-20.48321581205,-311.6025384839,
    20.27420209313));
#2953 = CARTESIAN_POINT('',(-20.11497959935,-311.6265446114,
    20.620729108015));
#2954 = CARTESIAN_POINT('',(-19.95221614218,-311.637005431,
    20.830036547211));
#2955 = CARTESIAN_POINT('',(-19.82487025654,-311.645107434,
    21.052993808887));
#2956 = CARTESIAN_POINT('',(-19.73100024012,-311.6510419813,
    21.284567084333));
#2957 = CARTESIAN_POINT('',(-19.66899239904,-311.6549491477,
    21.521257690114));
#2958 = CARTESIAN_POINT('',(-19.63792383366,-311.6569068262,
    21.760480875212));
#2959 = CARTESIAN_POINT('',(-19.63792383366,-311.6569068262,22.));
#2960 = PCURVE('',#470,#2961);
#2961 = DEFINITIONAL_REPRESENTATION('',(#2962),#3007);
#2962 = B_SPLINE_CURVE_WITH_KNOTS('',7,(#2963,#2964,#2965,#2966,#2967,
    #2968,#2969,#2970,#2971,#2972,#2973,#2974,#2975,#2976,#2977,#2978,
    #2979,#2980,#2981,#2982,#2983,#2984,#2985,#2986,#2987,#2988,#2989,
    #2990,#2991,#2992,#2993,#2994,#2995,#2996,#2997,#2998,#2999,#3000,
    #3001,#3002,#3003,#3004,#3005,#3006),.UNSPECIFIED.,.F.,.F.,(8,6,6,6,
    6,6,6,8),(0.,8.163790749347E-02,0.184326507106,0.294746019236,
    0.497639181216,0.673749891539,0.822989779024,1.),.UNSPECIFIED.);
#2963 = CARTESIAN_POINT('',(-1.946545832549,-42.99900328461));
#2964 = CARTESIAN_POINT('',(-2.001154442533,-42.99872733851));
#2965 = CARTESIAN_POINT('',(-2.054780832968,-42.99841871917));
#2966 = CARTESIAN_POINT('',(-2.107463384141,-42.99808507113));
#2967 = CARTESIAN_POINT('',(-2.15922646655,-42.99773405743));
#2968 = CARTESIAN_POINT('',(-2.210082257145,-42.99737306673));
#2969 = CARTESIAN_POINT('',(-2.260032555567,-42.99700892062));
#2970 = CARTESIAN_POINT('',(-2.370753319913,-42.99619306795));
#2971 = CARTESIAN_POINT('',(-2.431080825451,-42.99574235224));
#2972 = CARTESIAN_POINT('',(-2.490211562323,-42.99530607221));
#2973 = CARTESIAN_POINT('',(-2.548287643058,-42.99489282257));
#2974 = CARTESIAN_POINT('',(-2.605440255179,-42.99450941307));
#2975 = CARTESIAN_POINT('',(-2.66179506899,-42.99416112733));
#2976 = CARTESIAN_POINT('',(-2.777352285184,-42.99351956197));
#2977 = CARTESIAN_POINT('',(-2.836463835066,-42.99323233315));
#2978 = CARTESIAN_POINT('',(-2.894971122814,-42.99299527885));
#2979 = CARTESIAN_POINT('',(-2.953023026897,-42.9928118875));
#2980 = CARTESIAN_POINT('',(-3.010763176851,-42.99268435527));
#2981 = CARTESIAN_POINT('',(-3.068334653691,-42.99261378905));
#2982 = CARTESIAN_POINT('',(-3.231631479806,-42.99257582468));
#2983 = CARTESIAN_POINT('',(-3.337180943448,-42.99274430357));
#2984 = CARTESIAN_POINT('',(-3.443549180311,-42.99310617368));
#2985 = CARTESIAN_POINT('',(-3.551611310398,-42.99365144414));
#2986 = CARTESIAN_POINT('',(-3.662295025535,-42.9943591056));
#2987 = CARTESIAN_POINT('',(-3.776534617122,-42.99518761537));
#2988 = CARTESIAN_POINT('',(-3.9989015225,-42.99683019904));
#2989 = CARTESIAN_POINT('',(-4.108296810552,-42.99764966817));
#2990 = CARTESIAN_POINT('',(-4.222301955097,-42.99846482566));
#2991 = CARTESIAN_POINT('',(-4.340084374677,-42.99918613601));
#2992 = CARTESIAN_POINT('',(-4.461165026163,-42.99972116403));
#2993 = CARTESIAN_POINT('',(-4.585281798562,-43.));
#2994 = CARTESIAN_POINT('',(-4.820102256194,-43.));
#2995 = CARTESIAN_POINT('',(-4.927818511576,-42.9997996613));
#2996 = CARTESIAN_POINT('',(-5.035524442535,-42.99939881374));
#2997 = CARTESIAN_POINT('',(-5.143228123199,-42.99882070951));
#2998 = CARTESIAN_POINT('',(-5.250942572615,-42.9981104013));
#2999 = CARTESIAN_POINT('',(-5.358667784116,-42.99732726729));
#3000 = CARTESIAN_POINT('',(-5.594115942999,-42.99558805737));
#3001 = CARTESIAN_POINT('',(-5.716057311646,-42.99466959014));
#3002 = CARTESIAN_POINT('',(-5.833711722535,-42.99386865708));
#3003 = CARTESIAN_POINT('',(-5.94816578979,-42.99324070681));
#3004 = CARTESIAN_POINT('',(-6.060514951611,-42.99281290718));
#3005 = CARTESIAN_POINT('',(-6.171781063092,-42.99259858333));
#3006 = CARTESIAN_POINT('',(-6.28318530718,-42.99259858333));
#3007 = ( GEOMETRIC_REPRESENTATION_CONTEXT(2) 
PARAMETRIC_REPRESENTATION_CONTEXT() REPRESENTATION_CONTEXT('2D SPACE',''
  ) );
#3008 = PCURVE('',#1910,#3009);
#3009 = DEFINITIONAL_REPRESENTATION('',(#3010),#3055);
#3010 = B_SPLINE_CURVE_WITH_KNOTS('',7,(#3011,#3012,#3013,#3014,#3015,
    #3016,#3017,#3018,#3019,#3020,#3021,#3022,#3023,#3024,#3025,#3026,
    #3027,#3028,#3029,#3030,#3031,#3032,#3033,#3034,#3035,#3036,#3037,
    #3038,#3039,#3040,#3041,#3042,#3043,#3044,#3045,#3046,#3047,#3048,
    #3049,#3050,#3051,#3052,#3053,#3054),.UNSPECIFIED.,.F.,.F.,(8,6,6,6,
    6,6,6,8),(0.,8.163790749347E-02,0.184326507106,0.294746019236,
    0.497639181216,0.673749891539,0.822989779024,1.),.UNSPECIFIED.);
#3011 = CARTESIAN_POINT('',(-0.241819520912,-6.E-07));
#3012 = CARTESIAN_POINT('',(-0.241469772769,4.308478348419E-02));
#3013 = CARTESIAN_POINT('',(-0.241135106147,9.235308817291E-02));
#3014 = CARTESIAN_POINT('',(-0.240816406054,0.147175566774));
#3015 = CARTESIAN_POINT('',(-0.240514368427,0.206933981654));
#3016 = CARTESIAN_POINT('',(-0.240229503116,0.27102027309));
#3017 = CARTESIAN_POINT('',(-0.239962136877,0.338836227519));
#3018 = CARTESIAN_POINT('',(-0.239398304331,0.499046616326));
#3019 = CARTESIAN_POINT('',(-0.239111663908,0.593397098824));
#3020 = CARTESIAN_POINT('',(-0.23885200384,0.691963931622));
#3021 = CARTESIAN_POINT('',(-0.238618732961,0.794006898811));
#3022 = CARTESIAN_POINT('',(-0.238411219075,0.898904658573));
#3023 = CARTESIAN_POINT('',(-0.238228847827,1.006133171515));
#3024 = CARTESIAN_POINT('',(-0.237901437889,1.232569506294));
#3025 = CARTESIAN_POINT('',(-0.237760201941,1.352099627283));
#3026 = CARTESIAN_POINT('',(-0.237646710896,1.473290724151));
#3027 = CARTESIAN_POINT('',(-0.237560432173,1.595683566933));
#3028 = CARTESIAN_POINT('',(-0.237500984163,1.718878745843));
#3029 = CARTESIAN_POINT('',(-0.237468156965,1.842511953604));
#3030 = CARTESIAN_POINT('',(-0.237450496941,2.193556816874));
#3031 = CARTESIAN_POINT('',(-0.237528892426,2.420901362615));
#3032 = CARTESIAN_POINT('',(-0.237696635334,2.64628820901));
#3033 = CARTESIAN_POINT('',(-0.237955875388,2.867538055133));
#3034 = CARTESIAN_POINT('',(-0.238310648838,3.081829913222));
#3035 = CARTESIAN_POINT('',(-0.23876610333,3.285206534734));
#3036 = CARTESIAN_POINT('',(-0.23981414899,3.633718304999));
#3037 = CARTESIAN_POINT('',(-0.240392254538,3.786839749558));
#3038 = CARTESIAN_POINT('',(-0.241059346406,3.922152381678));
#3039 = CARTESIAN_POINT('',(-0.241805885927,4.031855079047));
#3040 = CARTESIAN_POINT('',(-0.24261642958,4.109475109113));
#3041 = CARTESIAN_POINT('',(-0.243470967776,4.15));
#3042 = CARTESIAN_POINT('',(-0.24508769657,4.15));
#3043 = CARTESIAN_POINT('',(-0.245829320785,4.120897774055));
#3044 = CARTESIAN_POINT('',(-0.246556810211,4.062691264134));
#3045 = CARTESIAN_POINT('',(-0.247256195755,3.97622504695));
#3046 = CARTESIAN_POINT('',(-0.247914174594,3.863135164422));
#3047 = CARTESIAN_POINT('',(-0.248518629554,3.72579790687));
#3048 = CARTESIAN_POINT('',(-0.249700337629,3.379270891985));
#3049 = CARTESIAN_POINT('',(-0.250222631123,3.169963452789));
#3050 = CARTESIAN_POINT('',(-0.25063125601,2.947006191113));
#3051 = CARTESIAN_POINT('',(-0.25093245662,2.715432915667));
#3052 = CARTESIAN_POINT('',(-0.251131418484,2.478742309886));
#3053 = CARTESIAN_POINT('',(-0.251231106844,2.239519124788));
#3054 = CARTESIAN_POINT('',(-0.251231106844,2.));
#3055 = ( GEOMETRIC_REPRESENTATION_CONTEXT(2) 
PARAMETRIC_REPRESENTATION_CONTEXT() REPRESENTATION_CONTEXT('2D SPACE',''
  ) );
#3056 = ORIENTED_EDGE('',*,*,#3057,.T.);
#3057 = EDGE_CURVE('',#2912,#1454,#3058,.T.);
#3058 = SURFACE_CURVE('',#3059,(#3063,#3070),.PCURVE_S1.);
#3059 = LINE('',#3060,#3061);
#3060 = CARTESIAN_POINT('',(-19.57073922742,-268.5640227042,24.));
#3061 = VECTOR('',#3062,1.);
#3062 = DIRECTION('',(6.975647374413E-02,0.99756405026,0.));
#3063 = PCURVE('',#470,#3064);
#3064 = DEFINITIONAL_REPRESENTATION('',(#3065),#3069);
#3065 = LINE('',#3066,#3067);
#3066 = CARTESIAN_POINT('',(-1.946546593019,2.844946500602E-15));
#3067 = VECTOR('',#3068,1.);
#3068 = DIRECTION('',(-0.,1.));
#3069 = ( GEOMETRIC_REPRESENTATION_CONTEXT(2) 
PARAMETRIC_REPRESENTATION_CONTEXT() REPRESENTATION_CONTEXT('2D SPACE',''
  ) );
#3070 = PCURVE('',#1616,#3071);
#3071 = DEFINITIONAL_REPRESENTATION('',(#3072),#3076);
#3072 = LINE('',#3073,#3074);
#3073 = CARTESIAN_POINT('',(261.46725484907,64.377968022358));
#3074 = VECTOR('',#3075,1.);
#3075 = DIRECTION('',(-0.970295726276,-0.2419218956));
#3076 = ( GEOMETRIC_REPRESENTATION_CONTEXT(2) 
PARAMETRIC_REPRESENTATION_CONTEXT() REPRESENTATION_CONTEXT('2D SPACE',''
  ) );
#3077 = ORIENTED_EDGE('',*,*,#1453,.T.);
#3078 = ORIENTED_EDGE('',*,*,#2633,.F.);
#3079 = ADVANCED_FACE('',(#3080),#623,.F.);
#3080 = FACE_BOUND('',#3081,.T.);
#3081 = EDGE_LOOP('',(#3082,#3083,#3104,#3105,#3128,#3193,#3216,#3360,
    #3361,#3507,#3528,#3529));
#3082 = ORIENTED_EDGE('',*,*,#525,.F.);
#3083 = ORIENTED_EDGE('',*,*,#3084,.T.);
#3084 = EDGE_CURVE('',#526,#1149,#3085,.T.);
#3085 = SEAM_CURVE('',#3086,(#3090,#3097),.PCURVE_S1.);
#3086 = LINE('',#3087,#3088);
#3087 = CARTESIAN_POINT('',(20.928437175508,-268.4690832151,22.));
#3088 = VECTOR('',#3089,1.);
#3089 = DIRECTION('',(6.975647374413E-02,-0.99756405026,0.));
#3090 = PCURVE('',#623,#3091);
#3091 = DEFINITIONAL_REPRESENTATION('',(#3092),#3096);
#3092 = LINE('',#3093,#3094);
#3093 = CARTESIAN_POINT('',(-6.28318530718,0.));
#3094 = VECTOR('',#3095,1.);
#3095 = DIRECTION('',(-0.,-1.));
#3096 = ( GEOMETRIC_REPRESENTATION_CONTEXT(2) 
PARAMETRIC_REPRESENTATION_CONTEXT() REPRESENTATION_CONTEXT('2D SPACE',''
  ) );
#3097 = PCURVE('',#623,#3098);
#3098 = DEFINITIONAL_REPRESENTATION('',(#3099),#3103);
#3099 = LINE('',#3100,#3101);
#3100 = CARTESIAN_POINT('',(-0.,0.));
#3101 = VECTOR('',#3102,1.);
#3102 = DIRECTION('',(-0.,-1.));
#3103 = ( GEOMETRIC_REPRESENTATION_CONTEXT(2) 
PARAMETRIC_REPRESENTATION_CONTEXT() REPRESENTATION_CONTEXT('2D SPACE',''
  ) );
#3104 = ORIENTED_EDGE('',*,*,#1148,.T.);
#3105 = ORIENTED_EDGE('',*,*,#3106,.F.);
#3106 = EDGE_CURVE('',#3107,#1120,#3109,.T.);
#3107 = VERTEX_POINT('',#3108);
#3108 = CARTESIAN_POINT('',(22.570198070805,-311.4582825741,24.));
#3109 = SURFACE_CURVE('',#3110,(#3114,#3121),.PCURVE_S1.);
#3110 = LINE('',#3111,#3112);
#3111 = CARTESIAN_POINT('',(19.570739227425,-268.5640227042,24.));
#3112 = VECTOR('',#3113,1.);
#3113 = DIRECTION('',(-6.975647374413E-02,0.99756405026,-0.));
#3114 = PCURVE('',#623,#3115);
#3115 = DEFINITIONAL_REPRESENTATION('',(#3116),#3120);
#3116 = LINE('',#3117,#3118);
#3117 = CARTESIAN_POINT('',(-1.195046060571,2.844946500602E-15));
#3118 = VECTOR('',#3119,1.);
#3119 = DIRECTION('',(-0.,1.));
#3120 = ( GEOMETRIC_REPRESENTATION_CONTEXT(2) 
PARAMETRIC_REPRESENTATION_CONTEXT() REPRESENTATION_CONTEXT('2D SPACE',''
  ) );
#3121 = PCURVE('',#1136,#3122);
#3122 = DEFINITIONAL_REPRESENTATION('',(#3123),#3127);
#3123 = LINE('',#3124,#3125);
#3124 = CARTESIAN_POINT('',(249.37187282156,101.60372616427));
#3125 = VECTOR('',#3126,1.);
#3126 = DIRECTION('',(-0.927183854567,-0.374606593416));
#3127 = ( GEOMETRIC_REPRESENTATION_CONTEXT(2) 
PARAMETRIC_REPRESENTATION_CONTEXT() REPRESENTATION_CONTEXT('2D SPACE',''
  ) );
#3128 = ORIENTED_EDGE('',*,*,#3129,.F.);
#3129 = EDGE_CURVE('',#3130,#3107,#3132,.T.);
#3130 = VERTEX_POINT('',#3131);
#3131 = CARTESIAN_POINT('',(23.927449249778,-311.3569539891,22.));
#3132 = SURFACE_CURVE('',#3133,(#3151,#3172),.PCURVE_S1.);
#3133 = B_SPLINE_CURVE_WITH_KNOTS('',6,(#3134,#3135,#3136,#3137,#3138,
    #3139,#3140,#3141,#3142,#3143,#3144,#3145,#3146,#3147,#3148,#3149,
    #3150),.UNSPECIFIED.,.F.,.F.,(7,5,5,7),(0.,0.533129068938,
    0.726968402168,1.),.UNSPECIFIED.);
#3134 = CARTESIAN_POINT('',(23.927449249778,-311.3569539891,22.));
#3135 = CARTESIAN_POINT('',(23.927449249778,-311.3569539891,
    22.208469034763));
#3136 = CARTESIAN_POINT('',(23.903263119722,-311.3588126753,
    22.416840068791));
#3137 = CARTESIAN_POINT('',(23.854936345394,-311.3625264973,
    22.623319118555));
#3138 = CARTESIAN_POINT('',(23.7818452379,-311.3681294029,
    22.826000165115));
#3139 = CARTESIAN_POINT('',(23.682893284739,-311.37567695,
    23.022324746166));
#3140 = CARTESIAN_POINT('',(23.51087386039,-311.3886904676,
    23.276162811083));
#3141 = CARTESIAN_POINT('',(23.46140633213,-311.3924246032,
    23.342508351693));
#3142 = CARTESIAN_POINT('',(23.408279253665,-311.3964250366,
    23.407321407798));
#3143 = CARTESIAN_POINT('',(23.351437728674,-311.4006931344,
    23.470380180373));
#3144 = CARTESIAN_POINT('',(23.290832505978,-311.4052294327,
    23.531434845855));
#3145 = CARTESIAN_POINT('',(23.1356947422,-311.4168003349,
    23.672989925523));
#3146 = CARTESIAN_POINT('',(23.037272911641,-311.4241091907,
    23.751375647465));
#3147 = CARTESIAN_POINT('',(22.931234822519,-311.4319441071,
    23.82433379651));
#3148 = CARTESIAN_POINT('',(22.81779043756,-311.4402779323,
    23.890811948851));
#3149 = CARTESIAN_POINT('',(22.697283835804,-311.4490731523,
    23.949734319267));
#3150 = CARTESIAN_POINT('',(22.570196553836,-311.458282684,24.0000006));
#3151 = PCURVE('',#623,#3152);
#3152 = DEFINITIONAL_REPRESENTATION('',(#3153),#3171);
#3153 = B_SPLINE_CURVE_WITH_KNOTS('',6,(#3154,#3155,#3156,#3157,#3158,
    #3159,#3160,#3161,#3162,#3163,#3164,#3165,#3166,#3167,#3168,#3169,
    #3170),.UNSPECIFIED.,.F.,.F.,(7,5,5,7),(0.,0.533129068938,
    0.726968402168,1.),.UNSPECIFIED.);
#3154 = CARTESIAN_POINT('',(0.,-42.99259858333));
#3155 = CARTESIAN_POINT('',(-9.696234175029E-02,-42.99259858333));
#3156 = CARTESIAN_POINT('',(-0.193879890501,-42.99276560272));
#3157 = CARTESIAN_POINT('',(-0.291553877152,-42.99309927265));
#3158 = CARTESIAN_POINT('',(-0.39074829891,-42.993589952));
#3159 = CARTESIAN_POINT('',(-0.492216919852,-42.99421657425));
#3160 = CARTESIAN_POINT('',(-0.634965063034,-42.99519892318));
#3161 = CARTESIAN_POINT('',(-0.673456507142,-42.99547328229));
#3162 = CARTESIAN_POINT('',(-0.712417032287,-42.99575801318));
#3163 = CARTESIAN_POINT('',(-0.751885897819,-42.99605064973));
#3164 = CARTESIAN_POINT('',(-0.791904951308,-42.99634829123));
#3165 = CARTESIAN_POINT('',(-0.889733105491,-42.99706914393));
#3166 = CARTESIAN_POINT('',(-0.948221312827,-42.99749463585));
#3167 = CARTESIAN_POINT('',(-1.007974842703,-42.99791362361));
#3168 = CARTESIAN_POINT('',(-1.069001838448,-42.99831366783));
#3169 = CARTESIAN_POINT('',(-1.131336776057,-42.9986813475));
#3170 = CARTESIAN_POINT('',(-1.195046821041,-42.99900328461));
#3171 = ( GEOMETRIC_REPRESENTATION_CONTEXT(2) 
PARAMETRIC_REPRESENTATION_CONTEXT() REPRESENTATION_CONTEXT('2D SPACE',''
  ) );
#3172 = PCURVE('',#1910,#3173);
#3173 = DEFINITIONAL_REPRESENTATION('',(#3174),#3192);
#3174 = B_SPLINE_CURVE_WITH_KNOTS('',6,(#3175,#3176,#3177,#3178,#3179,
    #3180,#3181,#3182,#3183,#3184,#3185,#3186,#3187,#3188,#3189,#3190,
    #3191),.UNSPECIFIED.,.F.,.F.,(7,5,5,7),(0.,0.533129068938,
    0.726968402168,1.),.UNSPECIFIED.);
#3175 = CARTESIAN_POINT('',(-0.390857447003,2.));
#3176 = CARTESIAN_POINT('',(-0.390857447003,1.791530965237));
#3177 = CARTESIAN_POINT('',(-0.390779767252,1.583159931209));
#3178 = CARTESIAN_POINT('',(-0.390624553854,1.376680881445));
#3179 = CARTESIAN_POINT('',(-0.390389807101,1.173999834885));
#3180 = CARTESIAN_POINT('',(-0.390072012334,0.977675253834));
#3181 = CARTESIAN_POINT('',(-0.389519579485,0.723837188917));
#3182 = CARTESIAN_POINT('',(-0.389360718654,0.657491648307));
#3183 = CARTESIAN_POINT('',(-0.389190107881,0.592678592202));
#3184 = CARTESIAN_POINT('',(-0.389007571532,0.529619819627));
#3185 = CARTESIAN_POINT('',(-0.388812952193,0.468565154145));
#3186 = CARTESIAN_POINT('',(-0.388314773756,0.327010074477));
#3187 = CARTESIAN_POINT('',(-0.387998729141,0.248624352535));
#3188 = CARTESIAN_POINT('',(-0.387658237153,0.17566620349));
#3189 = CARTESIAN_POINT('',(-0.387293974677,0.109188051149));
#3190 = CARTESIAN_POINT('',(-0.386907049306,5.026568073328E-02));
#3191 = CARTESIAN_POINT('',(-0.386499009806,-6.000004362374E-07));
#3192 = ( GEOMETRIC_REPRESENTATION_CONTEXT(2) 
PARAMETRIC_REPRESENTATION_CONTEXT() REPRESENTATION_CONTEXT('2D SPACE',''
  ) );
#3193 = ORIENTED_EDGE('',*,*,#3194,.T.);
#3194 = EDGE_CURVE('',#3130,#3195,#3197,.T.);
#3195 = VERTEX_POINT('',#3196);
#3196 = CARTESIAN_POINT('',(24.27623975511,-316.3448905994,22.));
#3197 = SEAM_CURVE('',#3198,(#3202,#3209),.PCURVE_S1.);
#3198 = LINE('',#3199,#3200);
#3199 = CARTESIAN_POINT('',(20.928437175508,-268.4690832151,22.));
#3200 = VECTOR('',#3201,1.);
#3201 = DIRECTION('',(6.975647374413E-02,-0.99756405026,0.));
#3202 = PCURVE('',#623,#3203);
#3203 = DEFINITIONAL_REPRESENTATION('',(#3204),#3208);
#3204 = LINE('',#3205,#3206);
#3205 = CARTESIAN_POINT('',(-6.28318530718,0.));
#3206 = VECTOR('',#3207,1.);
#3207 = DIRECTION('',(-0.,-1.));
#3208 = ( GEOMETRIC_REPRESENTATION_CONTEXT(2) 
PARAMETRIC_REPRESENTATION_CONTEXT() REPRESENTATION_CONTEXT('2D SPACE',''
  ) );
#3209 = PCURVE('',#623,#3210);
#3210 = DEFINITIONAL_REPRESENTATION('',(#3211),#3215);
#3211 = LINE('',#3212,#3213);
#3212 = CARTESIAN_POINT('',(-0.,0.));
#3213 = VECTOR('',#3214,1.);
#3214 = DIRECTION('',(-0.,-1.));
#3215 = ( GEOMETRIC_REPRESENTATION_CONTEXT(2) 
PARAMETRIC_REPRESENTATION_CONTEXT() REPRESENTATION_CONTEXT('2D SPACE',''
  ) );
#3216 = ORIENTED_EDGE('',*,*,#3217,.T.);
#3217 = EDGE_CURVE('',#3195,#3195,#3218,.T.);
#3218 = SURFACE_CURVE('',#3219,(#3264,#3312),.PCURVE_S1.);
#3219 = B_SPLINE_CURVE_WITH_KNOTS('',7,(#3220,#3221,#3222,#3223,#3224,
    #3225,#3226,#3227,#3228,#3229,#3230,#3231,#3232,#3233,#3234,#3235,
    #3236,#3237,#3238,#3239,#3240,#3241,#3242,#3243,#3244,#3245,#3246,
    #3247,#3248,#3249,#3250,#3251,#3252,#3253,#3254,#3255,#3256,#3257,
    #3258,#3259,#3260,#3261,#3262,#3263),.UNSPECIFIED.,.T.,.F.,(8,6,6,6,
    6,6,6,8),(0.,0.153886627942,0.285620767449,0.421510894932,
    0.589776763815,0.715035577954,0.837010153806,1.),.UNSPECIFIED.);
#3220 = CARTESIAN_POINT('',(24.27623975511,-316.3448905994,22.));
#3221 = CARTESIAN_POINT('',(24.27623975511,-316.3448905994,
    22.255805697366));
#3222 = CARTESIAN_POINT('',(24.240834393665,-316.3476075807,
    22.511808541233));
#3223 = CARTESIAN_POINT('',(24.169929075272,-316.3530489342,
    22.764863583869));
#3224 = CARTESIAN_POINT('',(24.062335832857,-316.3612802697,
    23.011578060857));
#3225 = CARTESIAN_POINT('',(23.916155975601,-316.3723976632,
    23.247341111111));
#3226 = CARTESIAN_POINT('',(23.728947802997,-316.3864976167,
    23.46577062402));
#3227 = CARTESIAN_POINT('',(23.301971940404,-316.4182085848,
    23.819965301064));
#3228 = CARTESIAN_POINT('',(23.065637151712,-316.4356169915,
    23.969752531058));
#3229 = CARTESIAN_POINT('',(22.794565775856,-316.4553585084,
    24.08791072441));
#3230 = CARTESIAN_POINT('',(22.498612165801,-316.4765847692,
    24.161954074288));
#3231 = CARTESIAN_POINT('',(22.191265631909,-316.4982326718,
    24.185098899442));
#3232 = CARTESIAN_POINT('',(21.886944726138,-316.5193056054,
    24.156667131173));
#3233 = CARTESIAN_POINT('',(21.301103603282,-316.5592796148,
    24.005899157232));
#3234 = CARTESIAN_POINT('',(21.03205679946,-316.5773099569,
    23.88357862906));
#3235 = CARTESIAN_POINT('',(20.795839562057,-316.5928854404,
    23.726688276367));
#3236 = CARTESIAN_POINT('',(20.594012352436,-316.6060249384,
    23.544277096934));
#3237 = CARTESIAN_POINT('',(20.426676177917,-316.6168156611,
    23.344036593789));
#3238 = CARTESIAN_POINT('',(20.292899701875,-316.6253847795,
    23.132558491203));
#3239 = CARTESIAN_POINT('',(20.064665746257,-316.6399387647,
    22.646560652041));
#3240 = CARTESIAN_POINT('',(19.985611762654,-316.6449208901,
    22.365705463443));
#3241 = CARTESIAN_POINT('',(19.950834462805,-316.6470999676,
    22.079267945005));
#3242 = CARTESIAN_POINT('',(19.959123903764,-316.6465799424,
    21.791300685786));
#3243 = CARTESIAN_POINT('',(20.010812714161,-316.6433364479,
    21.505870630304));
#3244 = CARTESIAN_POINT('',(20.1075768192,-316.6372245317,
    21.227694592047));
#3245 = CARTESIAN_POINT('',(20.359728296641,-316.6210964457,
    20.768103597205));
#3246 = CARTESIAN_POINT('',(20.49497476013,-316.6124029822,
    20.578007416521));
#3247 = CARTESIAN_POINT('',(20.659145554415,-316.6017770467,
    20.398924335252));
#3248 = CARTESIAN_POINT('',(20.852712614495,-316.5891303176,
    20.236503378739));
#3249 = CARTESIAN_POINT('',(21.075232884211,-316.5744145912,
    20.097099747069));
#3250 = CARTESIAN_POINT('',(21.32507646974,-316.5576438615,
    19.987931353526));
#3251 = CARTESIAN_POINT('',(21.864898523354,-316.5208098957,
    19.849006525382));
#3252 = CARTESIAN_POINT('',(22.14603729979,-316.5013640796,
    19.819204352947));
#3253 = CARTESIAN_POINT('',(22.431297217462,-316.4813223165,
    19.83353429254));
#3254 = CARTESIAN_POINT('',(22.708650067754,-316.4615091304,
    19.892115600476));
#3255 = CARTESIAN_POINT('',(22.966593914239,-316.4428118114,
    19.990041114421));
#3256 = CARTESIAN_POINT('',(23.196228582267,-316.4259776402,
    20.117648086393));
#3257 = CARTESIAN_POINT('',(23.654698625732,-316.3920827041,
    20.45165249161));
#3258 = CARTESIAN_POINT('',(23.86801865374,-316.3760568648,
    20.677925259057));
#3259 = CARTESIAN_POINT('',(24.034050265722,-316.3634435556,
    20.925739747773));
#3260 = CARTESIAN_POINT('',(24.155881869032,-316.3541269748,
    21.186793039849));
#3261 = CARTESIAN_POINT('',(24.236064456563,-316.3479736093,
    21.455321304334));
#3262 = CARTESIAN_POINT('',(24.27623975511,-316.3448905994,
    21.727507745883));
#3263 = CARTESIAN_POINT('',(24.27623975511,-316.3448905994,22.));
#3264 = PCURVE('',#623,#3265);
#3265 = DEFINITIONAL_REPRESENTATION('',(#3266),#3311);
#3266 = B_SPLINE_CURVE_WITH_KNOTS('',7,(#3267,#3268,#3269,#3270,#3271,
    #3272,#3273,#3274,#3275,#3276,#3277,#3278,#3279,#3280,#3281,#3282,
    #3283,#3284,#3285,#3286,#3287,#3288,#3289,#3290,#3291,#3292,#3293,
    #3294,#3295,#3296,#3297,#3298,#3299,#3300,#3301,#3302,#3303,#3304,
    #3305,#3306,#3307,#3308,#3309,#3310),.UNSPECIFIED.,.F.,.F.,(8,6,6,6,
    6,6,6,8),(0.,0.153886627942,0.285620767449,0.421510894932,
    0.589776763815,0.715035577954,0.837010153806,1.),.UNSPECIFIED.);
#3267 = CARTESIAN_POINT('',(0.,-47.99271522643));
#3268 = CARTESIAN_POINT('',(-0.118979394124,-47.99271522643));
#3269 = CARTESIAN_POINT('',(-0.238049755253,-47.99295583615));
#3270 = CARTESIAN_POINT('',(-0.358504366733,-47.99343782982));
#3271 = CARTESIAN_POINT('',(-0.481518754175,-47.99414378901));
#3272 = CARTESIAN_POINT('',(-0.608358115045,-47.99503710973));
#3273 = CARTESIAN_POINT('',(-0.740398808304,-47.99604373443));
#3274 = CARTESIAN_POINT('',(-0.998847992682,-47.99789312567));
#3275 = CARTESIAN_POINT('',(-1.128184169094,-47.99877324489));
#3276 = CARTESIAN_POINT('',(-1.26337482673,-47.99955768911));
#3277 = CARTESIAN_POINT('',(-1.402111790785,-48.00008756362));
#3278 = CARTESIAN_POINT('',(-1.542611482598,-48.00024332265));
#3279 = CARTESIAN_POINT('',(-1.683325050852,-48.00003657037));
#3280 = CARTESIAN_POINT('',(-1.965301289781,-47.99904699418));
#3281 = CARTESIAN_POINT('',(-2.100928992377,-47.99826565892));
#3282 = CARTESIAN_POINT('',(-2.2305115483,-47.9973255198));
#3283 = CARTESIAN_POINT('',(-2.354854584337,-47.99635425625));
#3284 = CARTESIAN_POINT('',(-2.474608836544,-47.99544591177));
#3285 = CARTESIAN_POINT('',(-2.590154871923,-47.99466238104));
#3286 = CARTESIAN_POINT('',(-2.839976653855,-47.99326011749));
#3287 = CARTESIAN_POINT('',(-2.973861152164,-47.99271557951));
#3288 = CARTESIAN_POINT('',(-3.105618110549,-47.99246340714));
#3289 = CARTESIAN_POINT('',(-3.236897216314,-47.99252289082));
#3290 = CARTESIAN_POINT('',(-3.369303231768,-47.99289292647));
#3291 = CARTESIAN_POINT('',(-3.504408470611,-47.99354582133));
#3292 = CARTESIAN_POINT('',(-3.748345049303,-47.99504622048));
#3293 = CARTESIAN_POINT('',(-3.856191710067,-47.99580825019));
#3294 = CARTESIAN_POINT('',(-3.96789074656,-47.9966601746));
#3295 = CARTESIAN_POINT('',(-4.083674273623,-47.99754680793));
#3296 = CARTESIAN_POINT('',(-4.203986285644,-47.9983891576));
#3297 = CARTESIAN_POINT('',(-4.329422604323,-47.99908748806));
#3298 = CARTESIAN_POINT('',(-4.589249008498,-47.99999933093));
#3299 = CARTESIAN_POINT('',(-4.719652234847,-48.00021213351));
#3300 = CARTESIAN_POINT('',(-4.850265717934,-48.00011791705));
#3301 = CARTESIAN_POINT('',(-4.979605510588,-47.99970015169));
#3302 = CARTESIAN_POINT('',(-5.106051365654,-47.99904163162));
#3303 = CARTESIAN_POINT('',(-5.227578569329,-47.99826697224));
#3304 = CARTESIAN_POINT('',(-5.491877283089,-47.9964358561));
#3305 = CARTESIAN_POINT('',(-5.63423415975,-47.99532950782));
#3306 = CARTESIAN_POINT('',(-5.77026959938,-47.9943287038));
#3307 = CARTESIAN_POINT('',(-5.901620156744,-47.99353336085));
#3308 = CARTESIAN_POINT('',(-6.029847463915,-47.99298823914));
#3309 = CARTESIAN_POINT('',(-6.156444723869,-47.99271522643));
#3310 = CARTESIAN_POINT('',(-6.28318530718,-47.99271522643));
#3311 = ( GEOMETRIC_REPRESENTATION_CONTEXT(2) 
PARAMETRIC_REPRESENTATION_CONTEXT() REPRESENTATION_CONTEXT('2D SPACE',''
  ) );
#3312 = PCURVE('',#1966,#3313);
#3313 = DEFINITIONAL_REPRESENTATION('',(#3314),#3359);
#3314 = B_SPLINE_CURVE_WITH_KNOTS('',7,(#3315,#3316,#3317,#3318,#3319,
    #3320,#3321,#3322,#3323,#3324,#3325,#3326,#3327,#3328,#3329,#3330,
    #3331,#3332,#3333,#3334,#3335,#3336,#3337,#3338,#3339,#3340,#3341,
    #3342,#3343,#3344,#3345,#3346,#3347,#3348,#3349,#3350,#3351,#3352,
    #3353,#3354,#3355,#3356,#3357,#3358),.UNSPECIFIED.,.T.,.F.,(8,6,6,6,
    6,6,6,8),(0.,0.153886627942,0.285620767449,0.421510894932,
    0.589776763815,0.715035577954,0.837010153806,1.),.UNSPECIFIED.);
#3315 = CARTESIAN_POINT('',(0.390748943059,22.));
#3316 = CARTESIAN_POINT('',(0.390748943059,22.255805697366));
#3317 = CARTESIAN_POINT('',(0.390637022933,22.511808541233));
#3318 = CARTESIAN_POINT('',(0.390412883622,22.764863583869));
#3319 = CARTESIAN_POINT('',(0.390072776002,23.011578060857));
#3320 = CARTESIAN_POINT('',(0.389610710062,23.247341111111));
#3321 = CARTESIAN_POINT('',(0.389018988992,23.46577062402));
#3322 = CARTESIAN_POINT('',(0.387669523038,23.819965301064));
#3323 = CARTESIAN_POINT('',(0.386922615696,23.969752531058));
#3324 = CARTESIAN_POINT('',(0.38606597982,24.08791072441));
#3325 = CARTESIAN_POINT('',(0.385130786574,24.161954074288));
#3326 = CARTESIAN_POINT('',(0.384159680704,24.185098899442));
#3327 = CARTESIAN_POINT('',(0.383198213566,24.156667131173));
#3328 = CARTESIAN_POINT('',(0.38134744271,24.005899157232));
#3329 = CARTESIAN_POINT('',(0.380497548815,23.88357862906));
#3330 = CARTESIAN_POINT('',(0.379751413771,23.726688276367));
#3331 = CARTESIAN_POINT('',(0.379113940302,23.544277096934));
#3332 = CARTESIAN_POINT('',(0.378585428106,23.344036593789));
#3333 = CARTESIAN_POINT('',(0.378162921953,23.132558491203));
#3334 = CARTESIAN_POINT('',(0.377442103979,22.646560652041));
#3335 = CARTESIAN_POINT('',(0.377192444227,22.365705463443));
#3336 = CARTESIAN_POINT('',(0.377082616756,22.079267945005));
#3337 = CARTESIAN_POINT('',(0.37710879511,21.791300685786));
#3338 = CARTESIAN_POINT('',(0.377272030428,21.505870630304));
#3339 = CARTESIAN_POINT('',(0.377577623072,21.227694592047));
#3340 = CARTESIAN_POINT('',(0.378373988189,20.768103597205));
#3341 = CARTESIAN_POINT('',(0.37880114309,20.578007416521));
#3342 = CARTESIAN_POINT('',(0.379319665783,20.398924335252));
#3343 = CARTESIAN_POINT('',(0.379931058702,20.236503378739));
#3344 = CARTESIAN_POINT('',(0.380633938467,20.097099747069));
#3345 = CARTESIAN_POINT('',(0.381423177036,19.987931353526));
#3346 = CARTESIAN_POINT('',(0.383128565895,19.849006525382));
#3347 = CARTESIAN_POINT('',(0.384016787053,19.819204352947));
#3348 = CARTESIAN_POINT('',(0.384918096071,19.83353429254));
#3349 = CARTESIAN_POINT('',(0.385794494554,19.892115600476));
#3350 = CARTESIAN_POINT('',(0.386609624864,19.990041114421));
#3351 = CARTESIAN_POINT('',(0.387335338645,20.117648086393));
#3352 = CARTESIAN_POINT('',(0.388784306485,20.45165249161));
#3353 = CARTESIAN_POINT('',(0.389458551247,20.677925259057));
#3354 = CARTESIAN_POINT('',(0.389983364071,20.925739747773));
#3355 = CARTESIAN_POINT('',(0.390368478889,21.186793039849));
#3356 = CARTESIAN_POINT('',(0.390621944655,21.455321304334));
#3357 = CARTESIAN_POINT('',(0.390748943059,21.727507745883));
#3358 = CARTESIAN_POINT('',(0.390748943059,22.));
#3359 = ( GEOMETRIC_REPRESENTATION_CONTEXT(2) 
PARAMETRIC_REPRESENTATION_CONTEXT() REPRESENTATION_CONTEXT('2D SPACE',''
  ) );
#3360 = ORIENTED_EDGE('',*,*,#3194,.F.);
#3361 = ORIENTED_EDGE('',*,*,#3362,.F.);
#3362 = EDGE_CURVE('',#3363,#3130,#3365,.T.);
#3363 = VERTEX_POINT('',#3364);
#3364 = CARTESIAN_POINT('',(20.996068550852,-311.568356433,24.));
#3365 = SURFACE_CURVE('',#3366,(#3411,#3459),.PCURVE_S1.);
#3366 = B_SPLINE_CURVE_WITH_KNOTS('',7,(#3367,#3368,#3369,#3370,#3371,
    #3372,#3373,#3374,#3375,#3376,#3377,#3378,#3379,#3380,#3381,#3382,
    #3383,#3384,#3385,#3386,#3387,#3388,#3389,#3390,#3391,#3392,#3393,
    #3394,#3395,#3396,#3397,#3398,#3399,#3400,#3401,#3402,#3403,#3404,
    #3405,#3406,#3407,#3408,#3409,#3410),.UNSPECIFIED.,.F.,.F.,(8,6,6,6,
    6,6,6,8),(0.,8.163790739697E-02,0.184326515778,0.294746027994,
    0.49763919013,0.673749900589,0.822989785332,1.),.UNSPECIFIED.);
#3367 = CARTESIAN_POINT('',(20.996070068356,-311.5683563308,24.0000006)
  );
#3368 = CARTESIAN_POINT('',(20.88709961434,-311.5756996673,
    23.956915216518));
#3369 = CARTESIAN_POINT('',(20.782825087829,-311.5826818795,
    23.907646911828));
#3370 = CARTESIAN_POINT('',(20.683522719123,-311.5892913148,
    23.852824433224));
#3371 = CARTESIAN_POINT('',(20.589409830704,-311.5955204582,
    23.793066018343));
#3372 = CARTESIAN_POINT('',(20.500645751035,-311.6013655751,
    23.72897972691));
#3373 = CARTESIAN_POINT('',(20.417332728353,-311.6068263539,
    23.661163772484));
#3374 = CARTESIAN_POINT('',(20.241635785535,-311.618294436,
    23.500953375942));
#3375 = CARTESIAN_POINT('',(20.152312890045,-311.6240886851,
    23.406602909889));
#3376 = CARTESIAN_POINT('',(20.0713957931,-311.6293096143,
    23.308036074692));
#3377 = CARTESIAN_POINT('',(19.998700903433,-311.6339786774,
    23.205993093796));
#3378 = CARTESIAN_POINT('',(19.934031738875,-311.6381164402,
    23.101095332949));
#3379 = CARTESIAN_POINT('',(19.877197261812,-311.6417415578,
    22.993866837718));
#3380 = CARTESIAN_POINT('',(19.77516163017,-311.6482334522,
    22.767430493706));
#3381 = CARTESIAN_POINT('',(19.73114550642,-311.6510234292,
    22.647900372718));
#3382 = CARTESIAN_POINT('',(19.695775675723,-311.6532590955,
    22.526709275849));
#3383 = CARTESIAN_POINT('',(19.668886448129,-311.6549555343,
    22.404316433067));
#3384 = CARTESIAN_POINT('',(19.650359083068,-311.6561232502,
    22.281121254157));
#3385 = CARTESIAN_POINT('',(19.640128261002,-311.6567679205,
    22.157488046396));
#3386 = CARTESIAN_POINT('',(19.634624392773,-311.6571147314,
    21.806443183126));
#3387 = CARTESIAN_POINT('',(19.659056882494,-311.6555751355,
    21.579098637385));
#3388 = CARTESIAN_POINT('',(19.71133519527,-311.6522822336,
    21.35371179099));
#3389 = CARTESIAN_POINT('',(19.7921283885,-311.6471792251,
    21.132461944867));
#3390 = CARTESIAN_POINT('',(19.902692519477,-311.6401572174,
    20.918170086778));
#3391 = CARTESIAN_POINT('',(20.044628545623,-311.6310626165,
    20.714793465266));
#3392 = CARTESIAN_POINT('',(20.371220238925,-311.6098716953,
    20.366281695001));
#3393 = CARTESIAN_POINT('',(20.55136372183,-311.598096306,
    20.213160250442));
#3394 = CARTESIAN_POINT('',(20.759227722912,-311.5843781871,
    20.077847618322));
#3395 = CARTESIAN_POINT('',(20.991834836051,-311.568835785,
    19.968144920953));
#3396 = CARTESIAN_POINT('',(21.244367763186,-311.551713297,
    19.890524890887));
#3397 = CARTESIAN_POINT('',(21.510588094946,-311.5333768747,19.85));
#3398 = CARTESIAN_POINT('',(22.01422225114,-311.4981593438,19.85));
#3399 = CARTESIAN_POINT('',(22.245234848319,-311.4818045415,
    19.879102228089));
#3400 = CARTESIAN_POINT('',(22.471830036016,-311.465557636,
    19.937308732785));
#3401 = CARTESIAN_POINT('',(22.689657689922,-311.4497461267,
    20.023774951991));
#3402 = CARTESIAN_POINT('',(22.894576840194,-311.4347047411,
    20.136864840181));
#3403 = CARTESIAN_POINT('',(23.082816981114,-311.4207566618,
    20.274202090395));
#3404 = CARTESIAN_POINT('',(23.450810554423,-311.3932805876,
    20.620729108014));
#3405 = CARTESIAN_POINT('',(23.613445873517,-311.3809873081,
    20.830036547211));
#3406 = CARTESIAN_POINT('',(23.740680018623,-311.3712873411,
    21.052993808886));
#3407 = CARTESIAN_POINT('',(23.834462427858,-311.3640999526,
    21.284567084335));
#3408 = CARTESIAN_POINT('',(23.896410585343,-311.3593392712,
    21.521257690112));
#3409 = CARTESIAN_POINT('',(23.927449249778,-311.3569539891,
    21.760480875213));
#3410 = CARTESIAN_POINT('',(23.927449249778,-311.3569539891,22.));
#3411 = PCURVE('',#623,#3412);
#3412 = DEFINITIONAL_REPRESENTATION('',(#3413),#3458);
#3413 = B_SPLINE_CURVE_WITH_KNOTS('',7,(#3414,#3415,#3416,#3417,#3418,
    #3419,#3420,#3421,#3422,#3423,#3424,#3425,#3426,#3427,#3428,#3429,
    #3430,#3431,#3432,#3433,#3434,#3435,#3436,#3437,#3438,#3439,#3440,
    #3441,#3442,#3443,#3444,#3445,#3446,#3447,#3448,#3449,#3450,#3451,
    #3452,#3453,#3454,#3455,#3456,#3457),.UNSPECIFIED.,.F.,.F.,(8,6,6,6,
    6,6,6,8),(0.,8.163790739697E-02,0.184326515778,0.294746027994,
    0.49763919013,0.673749900589,0.822989785332,1.),.UNSPECIFIED.);
#3414 = CARTESIAN_POINT('',(-1.946545832549,-42.99900328461));
#3415 = CARTESIAN_POINT('',(-2.00115444253,-42.99872733851));
#3416 = CARTESIAN_POINT('',(-2.054780832968,-42.99841871917));
#3417 = CARTESIAN_POINT('',(-2.107463384143,-42.99808507113));
#3418 = CARTESIAN_POINT('',(-2.159226466552,-42.99773405743));
#3419 = CARTESIAN_POINT('',(-2.210082257144,-42.99737306673));
#3420 = CARTESIAN_POINT('',(-2.260032555564,-42.99700892062));
#3421 = CARTESIAN_POINT('',(-2.370753325256,-42.99619306791));
#3422 = CARTESIAN_POINT('',(-2.43108082043,-42.99574235227));
#3423 = CARTESIAN_POINT('',(-2.490211558043,-42.99530607224));
#3424 = CARTESIAN_POINT('',(-2.548287646869,-42.99489282255));
#3425 = CARTESIAN_POINT('',(-2.605440260291,-42.99450941304));
#3426 = CARTESIAN_POINT('',(-2.661795064278,-42.99416112735));
#3427 = CARTESIAN_POINT('',(-2.777352285184,-42.99351956197));
#3428 = CARTESIAN_POINT('',(-2.836463835066,-42.99323233315));
#3429 = CARTESIAN_POINT('',(-2.894971122814,-42.99299527885));
#3430 = CARTESIAN_POINT('',(-2.953023026897,-42.9928118875));
#3431 = CARTESIAN_POINT('',(-3.010763176851,-42.99268435527));
#3432 = CARTESIAN_POINT('',(-3.068334653691,-42.99261378905));
#3433 = CARTESIAN_POINT('',(-3.231631479806,-42.99257582468));
#3434 = CARTESIAN_POINT('',(-3.337180943448,-42.99274430357));
#3435 = CARTESIAN_POINT('',(-3.443549180311,-42.99310617368));
#3436 = CARTESIAN_POINT('',(-3.551611310398,-42.99365144414));
#3437 = CARTESIAN_POINT('',(-3.662295025535,-42.9943591056));
#3438 = CARTESIAN_POINT('',(-3.776534617122,-42.99518761537));
#3439 = CARTESIAN_POINT('',(-3.9989015225,-42.99683019904));
#3440 = CARTESIAN_POINT('',(-4.108296810552,-42.99764966817));
#3441 = CARTESIAN_POINT('',(-4.222301955097,-42.99846482566));
#3442 = CARTESIAN_POINT('',(-4.340084374677,-42.99918613601));
#3443 = CARTESIAN_POINT('',(-4.461165026163,-42.99972116403));
#3444 = CARTESIAN_POINT('',(-4.585281798562,-43.));
#3445 = CARTESIAN_POINT('',(-4.820102254131,-43.));
#3446 = CARTESIAN_POINT('',(-4.927818516369,-42.99979966129));
#3447 = CARTESIAN_POINT('',(-5.035524439754,-42.99939881376));
#3448 = CARTESIAN_POINT('',(-5.143228120272,-42.99882070952));
#3449 = CARTESIAN_POINT('',(-5.250942577233,-42.99811040128));
#3450 = CARTESIAN_POINT('',(-5.358667782257,-42.9973272673));
#3451 = CARTESIAN_POINT('',(-5.594115942999,-42.99558805737));
#3452 = CARTESIAN_POINT('',(-5.716057311646,-42.99466959014));
#3453 = CARTESIAN_POINT('',(-5.833711722535,-42.99386865708));
#3454 = CARTESIAN_POINT('',(-5.948165789791,-42.99324070681));
#3455 = CARTESIAN_POINT('',(-6.06051495161,-42.99281290718));
#3456 = CARTESIAN_POINT('',(-6.171781063093,-42.99259858333));
#3457 = CARTESIAN_POINT('',(-6.28318530718,-42.99259858333));
#3458 = ( GEOMETRIC_REPRESENTATION_CONTEXT(2) 
PARAMETRIC_REPRESENTATION_CONTEXT() REPRESENTATION_CONTEXT('2D SPACE',''
  ) );
#3459 = PCURVE('',#1910,#3460);
#3460 = DEFINITIONAL_REPRESENTATION('',(#3461),#3506);
#3461 = B_SPLINE_CURVE_WITH_KNOTS('',7,(#3462,#3463,#3464,#3465,#3466,
    #3467,#3468,#3469,#3470,#3471,#3472,#3473,#3474,#3475,#3476,#3477,
    #3478,#3479,#3480,#3481,#3482,#3483,#3484,#3485,#3486,#3487,#3488,
    #3489,#3490,#3491,#3492,#3493,#3494,#3495,#3496,#3497,#3498,#3499,
    #3500,#3501,#3502,#3503,#3504,#3505),.UNSPECIFIED.,.F.,.F.,(8,6,6,6,
    6,6,6,8),(0.,8.163790739697E-02,0.184326515778,0.294746027994,
    0.49763919013,0.673749900589,0.822989785332,1.),.UNSPECIFIED.);
#3462 = CARTESIAN_POINT('',(-0.381445861072,-6.000004362374E-07));
#3463 = CARTESIAN_POINT('',(-0.381096112929,4.308478348162E-02));
#3464 = CARTESIAN_POINT('',(-0.380761446306,9.235308817177E-02));
#3465 = CARTESIAN_POINT('',(-0.380442746214,0.147175566776));
#3466 = CARTESIAN_POINT('',(-0.380140708587,0.206933981657));
#3467 = CARTESIAN_POINT('',(-0.379855843275,0.27102027309));
#3468 = CARTESIAN_POINT('',(-0.379588477037,0.338836227516));
#3469 = CARTESIAN_POINT('',(-0.379024644463,0.499046624058));
#3470 = CARTESIAN_POINT('',(-0.378738004087,0.593397090111));
#3471 = CARTESIAN_POINT('',(-0.37847834402,0.691963925308));
#3472 = CARTESIAN_POINT('',(-0.378245073109,0.794006906204));
#3473 = CARTESIAN_POINT('',(-0.378037559213,0.898904667051));
#3474 = CARTESIAN_POINT('',(-0.377855188,1.006133162282));
#3475 = CARTESIAN_POINT('',(-0.377527778049,1.232569506294));
#3476 = CARTESIAN_POINT('',(-0.3773865421,1.352099627282));
#3477 = CARTESIAN_POINT('',(-0.377273051056,1.473290724151));
#3478 = CARTESIAN_POINT('',(-0.377186772332,1.595683566933));
#3479 = CARTESIAN_POINT('',(-0.377127324322,1.718878745843));
#3480 = CARTESIAN_POINT('',(-0.377094497125,1.842511953604));
#3481 = CARTESIAN_POINT('',(-0.377076837101,2.193556816874));
#3482 = CARTESIAN_POINT('',(-0.377155232585,2.420901362615));
#3483 = CARTESIAN_POINT('',(-0.377322975494,2.64628820901));
#3484 = CARTESIAN_POINT('',(-0.377582215548,2.867538055133));
#3485 = CARTESIAN_POINT('',(-0.377936988998,3.081829913222));
#3486 = CARTESIAN_POINT('',(-0.37839244349,3.285206534734));
#3487 = CARTESIAN_POINT('',(-0.379440489149,3.633718304999));
#3488 = CARTESIAN_POINT('',(-0.380018594698,3.786839749558));
#3489 = CARTESIAN_POINT('',(-0.380685686566,3.922152381678));
#3490 = CARTESIAN_POINT('',(-0.381432226086,4.031855079047));
#3491 = CARTESIAN_POINT('',(-0.382242769739,4.109475109113));
#3492 = CARTESIAN_POINT('',(-0.383097307936,4.15));
#3493 = CARTESIAN_POINT('',(-0.384714036715,4.15));
#3494 = CARTESIAN_POINT('',(-0.385455660976,4.120897771911));
#3495 = CARTESIAN_POINT('',(-0.386183150355,4.062691267215));
#3496 = CARTESIAN_POINT('',(-0.386882535896,3.976225048009));
#3497 = CARTESIAN_POINT('',(-0.38754051478,3.863135159819));
#3498 = CARTESIAN_POINT('',(-0.388144969704,3.725797909605));
#3499 = CARTESIAN_POINT('',(-0.389326677788,3.379270891986));
#3500 = CARTESIAN_POINT('',(-0.389848971282,3.169963452789));
#3501 = CARTESIAN_POINT('',(-0.39025759617,2.947006191114));
#3502 = CARTESIAN_POINT('',(-0.390558796779,2.715432915665));
#3503 = CARTESIAN_POINT('',(-0.390757758644,2.478742309888));
#3504 = CARTESIAN_POINT('',(-0.390857447003,2.239519124787));
#3505 = CARTESIAN_POINT('',(-0.390857447003,2.));
#3506 = ( GEOMETRIC_REPRESENTATION_CONTEXT(2) 
PARAMETRIC_REPRESENTATION_CONTEXT() REPRESENTATION_CONTEXT('2D SPACE',''
  ) );
#3507 = ORIENTED_EDGE('',*,*,#3508,.T.);
#3508 = EDGE_CURVE('',#3363,#1214,#3509,.T.);
#3509 = SURFACE_CURVE('',#3510,(#3514,#3521),.PCURVE_S1.);
#3510 = LINE('',#3511,#3512);
#3511 = CARTESIAN_POINT('',(17.996609707474,-268.6740965631,24.));
#3512 = VECTOR('',#3513,1.);
#3513 = DIRECTION('',(-6.975647374413E-02,0.99756405026,-0.));
#3514 = PCURVE('',#623,#3515);
#3515 = DEFINITIONAL_REPRESENTATION('',(#3516),#3520);
#3516 = LINE('',#3517,#3518);
#3517 = CARTESIAN_POINT('',(-1.946546593019,-2.844946500602E-15));
#3518 = VECTOR('',#3519,1.);
#3519 = DIRECTION('',(-0.,1.));
#3520 = ( GEOMETRIC_REPRESENTATION_CONTEXT(2) 
PARAMETRIC_REPRESENTATION_CONTEXT() REPRESENTATION_CONTEXT('2D SPACE',''
  ) );
#3521 = PCURVE('',#1376,#3522);
#3522 = DEFINITIONAL_REPRESENTATION('',(#3523),#3527);
#3523 = LINE('',#3524,#3525);
#3524 = CARTESIAN_POINT('',(249.96299205537,100.14065471986));
#3525 = VECTOR('',#3526,1.);
#3526 = DIRECTION('',(-0.927183854567,-0.374606593416));
#3527 = ( GEOMETRIC_REPRESENTATION_CONTEXT(2) 
PARAMETRIC_REPRESENTATION_CONTEXT() REPRESENTATION_CONTEXT('2D SPACE',''
  ) );
#3528 = ORIENTED_EDGE('',*,*,#1213,.T.);
#3529 = ORIENTED_EDGE('',*,*,#3084,.F.);
#3530 = ADVANCED_FACE('',(#3531),#776,.F.);
#3531 = FACE_BOUND('',#3532,.T.);
#3532 = EDGE_LOOP('',(#3533,#3534,#3555,#3556,#3579,#3644,#3667,#3811,
    #3812,#3958,#3979,#3980));
#3533 = ORIENTED_EDGE('',*,*,#678,.F.);
#3534 = ORIENTED_EDGE('',*,*,#3535,.T.);
#3535 = EDGE_CURVE('',#679,#909,#3536,.T.);
#3536 = SEAM_CURVE('',#3537,(#3541,#3548),.PCURVE_S1.);
#3537 = LINE('',#3538,#3539);
#3538 = CARTESIAN_POINT('',(67.229654249094,-260.7562496174,22.));
#3539 = VECTOR('',#3540,1.);
#3540 = DIRECTION('',(0.2419218956,-0.970295726276,0.));
#3541 = PCURVE('',#776,#3542);
#3542 = DEFINITIONAL_REPRESENTATION('',(#3543),#3547);
#3543 = LINE('',#3544,#3545);
#3544 = CARTESIAN_POINT('',(-6.28318530718,0.));
#3545 = VECTOR('',#3546,1.);
#3546 = DIRECTION('',(-0.,-1.));
#3547 = ( GEOMETRIC_REPRESENTATION_CONTEXT(2) 
PARAMETRIC_REPRESENTATION_CONTEXT() REPRESENTATION_CONTEXT('2D SPACE',''
  ) );
#3548 = PCURVE('',#776,#3549);
#3549 = DEFINITIONAL_REPRESENTATION('',(#3550),#3554);
#3550 = LINE('',#3551,#3552);
#3551 = CARTESIAN_POINT('',(-0.,0.));
#3552 = VECTOR('',#3553,1.);
#3553 = DIRECTION('',(-0.,-1.));
#3554 = ( GEOMETRIC_REPRESENTATION_CONTEXT(2) 
PARAMETRIC_REPRESENTATION_CONTEXT() REPRESENTATION_CONTEXT('2D SPACE',''
  ) );
#3555 = ORIENTED_EDGE('',*,*,#908,.T.);
#3556 = ORIENTED_EDGE('',*,*,#3557,.F.);
#3557 = EDGE_CURVE('',#3558,#880,#3560,.T.);
#3558 = VERTEX_POINT('',#3559);
#3559 = CARTESIAN_POINT('',(76.31146923542,-302.8072576543,24.));
#3560 = SURFACE_CURVE('',#3561,(#3565,#3572),.PCURVE_S1.);
#3561 = LINE('',#3562,#3563);
#3562 = CARTESIAN_POINT('',(65.909068852843,-261.0855085368,24.));
#3563 = VECTOR('',#3564,1.);
#3564 = DIRECTION('',(-0.2419218956,0.970295726276,-0.));
#3565 = PCURVE('',#776,#3566);
#3566 = DEFINITIONAL_REPRESENTATION('',(#3567),#3571);
#3567 = LINE('',#3568,#3569);
#3568 = CARTESIAN_POINT('',(-1.195046060571,-8.909539772617E-15));
#3569 = VECTOR('',#3570,1.);
#3570 = DIRECTION('',(-0.,1.));
#3571 = ( GEOMETRIC_REPRESENTATION_CONTEXT(2) 
PARAMETRIC_REPRESENTATION_CONTEXT() REPRESENTATION_CONTEXT('2D SPACE',''
  ) );
#3572 = PCURVE('',#896,#3573);
#3573 = DEFINITIONAL_REPRESENTATION('',(#3574),#3578);
#3574 = LINE('',#3575,#3576);
#3575 = CARTESIAN_POINT('',(227.94005184525,143.36310853835));
#3576 = VECTOR('',#3577,1.);
#3577 = DIRECTION('',(-0.848048096156,-0.529919264233));
#3578 = ( GEOMETRIC_REPRESENTATION_CONTEXT(2) 
PARAMETRIC_REPRESENTATION_CONTEXT() REPRESENTATION_CONTEXT('2D SPACE',''
  ) );
#3579 = ORIENTED_EDGE('',*,*,#3580,.F.);
#3580 = EDGE_CURVE('',#3581,#3558,#3583,.T.);
#3581 = VERTEX_POINT('',#3582);
#3582 = CARTESIAN_POINT('',(77.630505195129,-302.4717842843,22.));
#3583 = SURFACE_CURVE('',#3584,(#3602,#3623),.PCURVE_S1.);
#3584 = B_SPLINE_CURVE_WITH_KNOTS('',6,(#3585,#3586,#3587,#3588,#3589,
    #3590,#3591,#3592,#3593,#3594,#3595,#3596,#3597,#3598,#3599,#3600,
    #3601),.UNSPECIFIED.,.F.,.F.,(7,5,5,7),(0.,0.533129068914,
    0.726968402137,1.),.UNSPECIFIED.);
#3585 = CARTESIAN_POINT('',(77.630505195129,-302.4717842843,22.));
#3586 = CARTESIAN_POINT('',(77.630505195129,-302.4717842843,
    22.208469034763));
#3587 = CARTESIAN_POINT('',(77.607009264208,-302.4778146103,
    22.416840068791));
#3588 = CARTESIAN_POINT('',(77.560061580589,-302.4898638673,
    22.623319118555));
#3589 = CARTESIAN_POINT('',(77.489053825612,-302.5080737898,
    22.826000165115));
#3590 = CARTESIAN_POINT('',(77.39291579275,-302.532689499,
    23.022324746166));
#3591 = CARTESIAN_POINT('',(77.225769503609,-302.5753761716,
    23.276162811083));
#3592 = CARTESIAN_POINT('',(77.1777019241,-302.5876435235,
    23.342508351693));
#3593 = CARTESIAN_POINT('',(77.126076633302,-302.6008086017,
    23.407321407797));
#3594 = CARTESIAN_POINT('',(77.070839806196,-302.6148822846,
    23.470380180373));
#3595 = CARTESIAN_POINT('',(77.01194303295,-302.6298736529,
    23.531434845855));
#3596 = CARTESIAN_POINT('',(76.86117142646,-302.668208157,
    23.672989925536));
#3597 = CARTESIAN_POINT('',(76.765514014161,-302.6924967464,
    23.751375647459));
#3598 = CARTESIAN_POINT('',(76.662447400849,-302.7186259537,
    23.8243337965));
#3599 = CARTESIAN_POINT('',(76.552173644566,-302.7465325802,
    23.890811948851));
#3600 = CARTESIAN_POINT('',(76.435025082762,-302.7761199328,
    23.949734319275));
#3601 = CARTESIAN_POINT('',(76.311467760591,-302.807258026,24.0000006));
#3602 = PCURVE('',#776,#3603);
#3603 = DEFINITIONAL_REPRESENTATION('',(#3604),#3622);
#3604 = B_SPLINE_CURVE_WITH_KNOTS('',6,(#3605,#3606,#3607,#3608,#3609,
    #3610,#3611,#3612,#3613,#3614,#3615,#3616,#3617,#3618,#3619,#3620,
    #3621),.UNSPECIFIED.,.F.,.F.,(7,5,5,7),(0.,0.533129068914,
    0.726968402137,1.),.UNSPECIFIED.);
#3605 = CARTESIAN_POINT('',(0.,-42.99259858333));
#3606 = CARTESIAN_POINT('',(-9.696234175034E-02,-42.99259858333));
#3607 = CARTESIAN_POINT('',(-0.193879890501,-42.99276560272));
#3608 = CARTESIAN_POINT('',(-0.291553877152,-42.99309927265));
#3609 = CARTESIAN_POINT('',(-0.39074829891,-42.993589952));
#3610 = CARTESIAN_POINT('',(-0.492216919851,-42.99421657425));
#3611 = CARTESIAN_POINT('',(-0.634965063034,-42.99519892318));
#3612 = CARTESIAN_POINT('',(-0.673456507142,-42.99547328229));
#3613 = CARTESIAN_POINT('',(-0.712417032287,-42.99575801318));
#3614 = CARTESIAN_POINT('',(-0.751885897819,-42.99605064973));
#3615 = CARTESIAN_POINT('',(-0.791904951308,-42.99634829123));
#3616 = CARTESIAN_POINT('',(-0.8897331055,-42.99706914393));
#3617 = CARTESIAN_POINT('',(-0.948221312825,-42.99749463585));
#3618 = CARTESIAN_POINT('',(-1.007974842694,-42.99791362361));
#3619 = CARTESIAN_POINT('',(-1.069001838445,-42.99831366783));
#3620 = CARTESIAN_POINT('',(-1.131336776067,-42.9986813475));
#3621 = CARTESIAN_POINT('',(-1.195046821041,-42.99900328461));
#3622 = ( GEOMETRIC_REPRESENTATION_CONTEXT(2) 
PARAMETRIC_REPRESENTATION_CONTEXT() REPRESENTATION_CONTEXT('2D SPACE',''
  ) );
#3623 = PCURVE('',#1910,#3624);
#3624 = DEFINITIONAL_REPRESENTATION('',(#3625),#3643);
#3625 = B_SPLINE_CURVE_WITH_KNOTS('',6,(#3626,#3627,#3628,#3629,#3630,
    #3631,#3632,#3633,#3634,#3635,#3636,#3637,#3638,#3639,#3640,#3641,
    #3642),.UNSPECIFIED.,.F.,.F.,(7,5,5,7),(0.,0.533129068914,
    0.726968402137,1.),.UNSPECIFIED.);
#3626 = CARTESIAN_POINT('',(-0.565390372203,2.));
#3627 = CARTESIAN_POINT('',(-0.565390372203,1.791530965237));
#3628 = CARTESIAN_POINT('',(-0.565312692451,1.583159931209));
#3629 = CARTESIAN_POINT('',(-0.565157479053,1.376680881445));
#3630 = CARTESIAN_POINT('',(-0.5649227323,1.173999834885));
#3631 = CARTESIAN_POINT('',(-0.564604937533,0.977675253834));
#3632 = CARTESIAN_POINT('',(-0.564052504684,0.723837188917));
#3633 = CARTESIAN_POINT('',(-0.563893643854,0.657491648307));
#3634 = CARTESIAN_POINT('',(-0.563723033081,0.592678592203));
#3635 = CARTESIAN_POINT('',(-0.563540496732,0.529619819627));
#3636 = CARTESIAN_POINT('',(-0.563345877392,0.468565154145));
#3637 = CARTESIAN_POINT('',(-0.562847698955,0.327010074464));
#3638 = CARTESIAN_POINT('',(-0.56253165434,0.248624352541));
#3639 = CARTESIAN_POINT('',(-0.562191162353,0.1756662035));
#3640 = CARTESIAN_POINT('',(-0.561826899877,0.109188051149));
#3641 = CARTESIAN_POINT('',(-0.561439974505,5.026568072525E-02));
#3642 = CARTESIAN_POINT('',(-0.561031935005,-6.000004362374E-07));
#3643 = ( GEOMETRIC_REPRESENTATION_CONTEXT(2) 
PARAMETRIC_REPRESENTATION_CONTEXT() REPRESENTATION_CONTEXT('2D SPACE',''
  ) );
#3644 = ORIENTED_EDGE('',*,*,#3645,.T.);
#3645 = EDGE_CURVE('',#3581,#3646,#3648,.T.);
#3646 = VERTEX_POINT('',#3647);
#3647 = CARTESIAN_POINT('',(78.840142891647,-307.323376094,22.));
#3648 = SEAM_CURVE('',#3649,(#3653,#3660),.PCURVE_S1.);
#3649 = LINE('',#3650,#3651);
#3650 = CARTESIAN_POINT('',(67.229654249094,-260.7562496174,22.));
#3651 = VECTOR('',#3652,1.);
#3652 = DIRECTION('',(0.2419218956,-0.970295726276,0.));
#3653 = PCURVE('',#776,#3654);
#3654 = DEFINITIONAL_REPRESENTATION('',(#3655),#3659);
#3655 = LINE('',#3656,#3657);
#3656 = CARTESIAN_POINT('',(-6.28318530718,0.));
#3657 = VECTOR('',#3658,1.);
#3658 = DIRECTION('',(-0.,-1.));
#3659 = ( GEOMETRIC_REPRESENTATION_CONTEXT(2) 
PARAMETRIC_REPRESENTATION_CONTEXT() REPRESENTATION_CONTEXT('2D SPACE',''
  ) );
#3660 = PCURVE('',#776,#3661);
#3661 = DEFINITIONAL_REPRESENTATION('',(#3662),#3666);
#3662 = LINE('',#3663,#3664);
#3663 = CARTESIAN_POINT('',(-0.,0.));
#3664 = VECTOR('',#3665,1.);
#3665 = DIRECTION('',(-0.,-1.));
#3666 = ( GEOMETRIC_REPRESENTATION_CONTEXT(2) 
PARAMETRIC_REPRESENTATION_CONTEXT() REPRESENTATION_CONTEXT('2D SPACE',''
  ) );
#3667 = ORIENTED_EDGE('',*,*,#3668,.T.);
#3668 = EDGE_CURVE('',#3646,#3646,#3669,.T.);
#3669 = SURFACE_CURVE('',#3670,(#3715,#3763),.PCURVE_S1.);
#3670 = B_SPLINE_CURVE_WITH_KNOTS('',7,(#3671,#3672,#3673,#3674,#3675,
    #3676,#3677,#3678,#3679,#3680,#3681,#3682,#3683,#3684,#3685,#3686,
    #3687,#3688,#3689,#3690,#3691,#3692,#3693,#3694,#3695,#3696,#3697,
    #3698,#3699,#3700,#3701,#3702,#3703,#3704,#3705,#3706,#3707,#3708,
    #3709,#3710,#3711,#3712,#3713,#3714),.UNSPECIFIED.,.T.,.F.,(8,6,6,6,
    6,6,6,8),(0.,0.153886628387,0.285620768863,0.421510896825,
    0.589776762357,0.715035576941,0.837010153227,1.),.UNSPECIFIED.);
#3671 = CARTESIAN_POINT('',(78.840142891647,-307.323376094,22.));
#3672 = CARTESIAN_POINT('',(78.840142891647,-307.323376094,
    22.255805697365));
#3673 = CARTESIAN_POINT('',(78.805747216054,-307.3321998747,
    22.511808541232));
#3674 = CARTESIAN_POINT('',(78.736863989892,-307.3498711412,
    22.764863583871));
#3675 = CARTESIAN_POINT('',(78.632334686998,-307.3766607947,
    23.011578060856));
#3676 = CARTESIAN_POINT('',(78.490306145362,-307.4129931558,
    23.247341111112));
#3677 = CARTESIAN_POINT('',(78.308390516778,-307.4593872573,
    23.465770624019));
#3678 = CARTESIAN_POINT('',(77.893407927917,-307.5647600452,
    23.819965301793));
#3679 = CARTESIAN_POINT('',(77.663686535455,-307.6229430841,
    23.969752529962));
#3680 = CARTESIAN_POINT('',(77.400161421559,-307.6894557333,
    24.087910724616));
#3681 = CARTESIAN_POINT('',(77.112389911339,-307.7617513251,
    24.161954074936));
#3682 = CARTESIAN_POINT('',(76.813471780726,-307.836440513,
    24.185098898797));
#3683 = CARTESIAN_POINT('',(76.517433471917,-307.9100380716,
    24.156667131456));
#3684 = CARTESIAN_POINT('',(75.947434004911,-308.0511350296,
    24.005899157232));
#3685 = CARTESIAN_POINT('',(75.685605562624,-308.1156109375,
    23.88357862906));
#3686 = CARTESIAN_POINT('',(75.455681650158,-308.1719684872,
    23.726688276367));
#3687 = CARTESIAN_POINT('',(75.259202299249,-308.2199552939,
    23.544277096934));
#3688 = CARTESIAN_POINT('',(75.096282126545,-308.259639703,
    23.344036593789));
#3689 = CARTESIAN_POINT('',(74.966026027571,-308.2913086786,
    23.132558491203));
#3690 = CARTESIAN_POINT('',(74.743786734463,-308.3452739658,
    22.646560658346));
#3691 = CARTESIAN_POINT('',(74.666798886876,-308.3639079837,
    22.365705438623));
#3692 = CARTESIAN_POINT('',(74.632928333221,-308.372092969,
    22.079267989838));
#3693 = CARTESIAN_POINT('',(74.641001540491,-308.370141397,
    21.791300641095));
#3694 = CARTESIAN_POINT('',(74.691341842157,-308.3579715139,
    21.505870654871));
#3695 = CARTESIAN_POINT('',(74.785574570586,-308.3351495383,
    21.227694585864));
#3696 = CARTESIAN_POINT('',(75.031094684462,-308.2754808304,
    20.768103597205));
#3697 = CARTESIAN_POINT('',(75.162776846178,-308.2434341383,
    20.578007416521));
#3698 = CARTESIAN_POINT('',(75.322608342867,-308.2044616753,
    20.398924335253));
#3699 = CARTESIAN_POINT('',(75.511038602916,-308.1583945113,
    20.236503378738));
#3700 = CARTESIAN_POINT('',(75.727622930652,-308.1052621104,
    20.097099747069));
#3701 = CARTESIAN_POINT('',(75.970758624069,-308.0453612825,
    19.987931353526));
#3702 = CARTESIAN_POINT('',(76.49598341669,-307.9153477916,
    19.849006525382));
#3703 = CARTESIAN_POINT('',(76.769474332862,-307.8473781649,
    19.819204352947));
#3704 = CARTESIAN_POINT('',(77.046920295764,-307.7781060163,
    19.833534292539));
#3705 = CARTESIAN_POINT('',(77.31661900939,-307.71043202,19.892115600476
    ));
#3706 = CARTESIAN_POINT('',(77.567397353886,-307.6472272764,
    19.990041114421));
#3707 = CARTESIAN_POINT('',(77.790620132158,-307.5907732124,
    20.117648086393));
#3708 = CARTESIAN_POINT('',(78.236239191608,-307.4777807291,
    20.451652491611));
#3709 = CARTESIAN_POINT('',(78.443535551265,-307.4249557241,
    20.677925259056));
#3710 = CARTESIAN_POINT('',(78.604854491835,-307.3837029526,
    20.925739747774));
#3711 = CARTESIAN_POINT('',(78.723217392073,-307.3533720757,
    21.186793039848));
#3712 = CARTESIAN_POINT('',(78.801113305215,-307.3333886334,
    21.455321304336));
#3713 = CARTESIAN_POINT('',(78.840142891647,-307.323376094,
    21.727507745883));
#3714 = CARTESIAN_POINT('',(78.840142891647,-307.323376094,22.));
#3715 = PCURVE('',#776,#3716);
#3716 = DEFINITIONAL_REPRESENTATION('',(#3717),#3762);
#3717 = B_SPLINE_CURVE_WITH_KNOTS('',7,(#3718,#3719,#3720,#3721,#3722,
    #3723,#3724,#3725,#3726,#3727,#3728,#3729,#3730,#3731,#3732,#3733,
    #3734,#3735,#3736,#3737,#3738,#3739,#3740,#3741,#3742,#3743,#3744,
    #3745,#3746,#3747,#3748,#3749,#3750,#3751,#3752,#3753,#3754,#3755,
    #3756,#3757,#3758,#3759,#3760,#3761),.UNSPECIFIED.,.F.,.F.,(8,6,6,6,
    6,6,6,8),(0.,0.153886628387,0.285620768863,0.421510896825,
    0.589776762357,0.715035576941,0.837010153227,1.),.UNSPECIFIED.);
#3718 = CARTESIAN_POINT('',(0.,-47.99271522643));
#3719 = CARTESIAN_POINT('',(-0.118979394123,-47.99271522643));
#3720 = CARTESIAN_POINT('',(-0.238049755253,-47.99295583615));
#3721 = CARTESIAN_POINT('',(-0.358504366734,-47.99343782982));
#3722 = CARTESIAN_POINT('',(-0.481518754174,-47.99414378901));
#3723 = CARTESIAN_POINT('',(-0.608358115046,-47.99503710973));
#3724 = CARTESIAN_POINT('',(-0.740398808304,-47.99604373443));
#3725 = CARTESIAN_POINT('',(-0.998847993213,-47.99789312568));
#3726 = CARTESIAN_POINT('',(-1.128184168474,-47.99877324489));
#3727 = CARTESIAN_POINT('',(-1.263374826456,-47.99955768911));
#3728 = CARTESIAN_POINT('',(-1.402111791127,-48.00008756362));
#3729 = CARTESIAN_POINT('',(-1.54261148314,-48.00024332265));
#3730 = CARTESIAN_POINT('',(-1.683325050322,-48.00003657037));
#3731 = CARTESIAN_POINT('',(-1.965301289781,-47.99904699418));
#3732 = CARTESIAN_POINT('',(-2.100928992377,-47.99826565892));
#3733 = CARTESIAN_POINT('',(-2.2305115483,-47.9973255198));
#3734 = CARTESIAN_POINT('',(-2.354854584337,-47.99635425625));
#3735 = CARTESIAN_POINT('',(-2.474608836544,-47.99544591177));
#3736 = CARTESIAN_POINT('',(-2.590154871923,-47.99466238104));
#3737 = CARTESIAN_POINT('',(-2.839976650614,-47.99326011751));
#3738 = CARTESIAN_POINT('',(-2.973861164798,-47.99271557948));
#3739 = CARTESIAN_POINT('',(-3.105618087767,-47.99246340715));
#3740 = CARTESIAN_POINT('',(-3.236897239147,-47.99252289085));
#3741 = CARTESIAN_POINT('',(-3.369303219045,-47.99289292643));
#3742 = CARTESIAN_POINT('',(-3.504408473893,-47.99354582135));
#3743 = CARTESIAN_POINT('',(-3.748345049303,-47.99504622048));
#3744 = CARTESIAN_POINT('',(-3.856191710067,-47.99580825019));
#3745 = CARTESIAN_POINT('',(-3.96789074656,-47.9966601746));
#3746 = CARTESIAN_POINT('',(-4.083674273623,-47.99754680793));
#3747 = CARTESIAN_POINT('',(-4.203986285644,-47.9983891576));
#3748 = CARTESIAN_POINT('',(-4.329422604323,-47.99908748806));
#3749 = CARTESIAN_POINT('',(-4.589249008498,-47.99999933093));
#3750 = CARTESIAN_POINT('',(-4.719652234847,-48.00021213351));
#3751 = CARTESIAN_POINT('',(-4.850265717935,-48.00011791705));
#3752 = CARTESIAN_POINT('',(-4.979605510588,-47.99970015169));
#3753 = CARTESIAN_POINT('',(-5.106051365654,-47.99904163162));
#3754 = CARTESIAN_POINT('',(-5.227578569329,-47.99826697224));
#3755 = CARTESIAN_POINT('',(-5.491877283089,-47.9964358561));
#3756 = CARTESIAN_POINT('',(-5.63423415975,-47.99532950782));
#3757 = CARTESIAN_POINT('',(-5.770269599381,-47.9943287038));
#3758 = CARTESIAN_POINT('',(-5.901620156743,-47.99353336085));
#3759 = CARTESIAN_POINT('',(-6.029847463916,-47.99298823914));
#3760 = CARTESIAN_POINT('',(-6.156444723869,-47.99271522643));
#3761 = CARTESIAN_POINT('',(-6.28318530718,-47.99271522643));
#3762 = ( GEOMETRIC_REPRESENTATION_CONTEXT(2) 
PARAMETRIC_REPRESENTATION_CONTEXT() REPRESENTATION_CONTEXT('2D SPACE',''
  ) );
#3763 = PCURVE('',#1966,#3764);
#3764 = DEFINITIONAL_REPRESENTATION('',(#3765),#3810);
#3765 = B_SPLINE_CURVE_WITH_KNOTS('',7,(#3766,#3767,#3768,#3769,#3770,
    #3771,#3772,#3773,#3774,#3775,#3776,#3777,#3778,#3779,#3780,#3781,
    #3782,#3783,#3784,#3785,#3786,#3787,#3788,#3789,#3790,#3791,#3792,
    #3793,#3794,#3795,#3796,#3797,#3798,#3799,#3800,#3801,#3802,#3803,
    #3804,#3805,#3806,#3807,#3808,#3809),.UNSPECIFIED.,.T.,.F.,(8,6,6,6,
    6,6,6,8),(0.,0.153886628387,0.285620768863,0.421510896825,
    0.589776762357,0.715035576941,0.837010153227,1.),.UNSPECIFIED.);
#3766 = CARTESIAN_POINT('',(0.565281868258,22.));
#3767 = CARTESIAN_POINT('',(0.565281868258,22.255805697365));
#3768 = CARTESIAN_POINT('',(0.565169948132,22.511808541232));
#3769 = CARTESIAN_POINT('',(0.564945808821,22.764863583871));
#3770 = CARTESIAN_POINT('',(0.564605701201,23.011578060856));
#3771 = CARTESIAN_POINT('',(0.564143635261,23.247341111112));
#3772 = CARTESIAN_POINT('',(0.563551914191,23.465770624019));
#3773 = CARTESIAN_POINT('',(0.562202448235,23.819965301793));
#3774 = CARTESIAN_POINT('',(0.561455540898,23.969752529962));
#3775 = CARTESIAN_POINT('',(0.560598905022,24.087910724616));
#3776 = CARTESIAN_POINT('',(0.55966371177,24.161954074936));
#3777 = CARTESIAN_POINT('',(0.5586926059,24.185098898797));
#3778 = CARTESIAN_POINT('',(0.557731138769,24.156667131456));
#3779 = CARTESIAN_POINT('',(0.55588036791,24.005899157232));
#3780 = CARTESIAN_POINT('',(0.555030474014,23.88357862906));
#3781 = CARTESIAN_POINT('',(0.55428433897,23.726688276367));
#3782 = CARTESIAN_POINT('',(0.553646865501,23.544277096934));
#3783 = CARTESIAN_POINT('',(0.553118353306,23.344036593789));
#3784 = CARTESIAN_POINT('',(0.552695847153,23.132558491203));
#3785 = CARTESIAN_POINT('',(0.551975029188,22.646560658346));
#3786 = CARTESIAN_POINT('',(0.551725369407,22.365705438623));
#3787 = CARTESIAN_POINT('',(0.551615541963,22.079267989838));
#3788 = CARTESIAN_POINT('',(0.551641720327,21.791300641095));
#3789 = CARTESIAN_POINT('',(0.551804955603,21.505870654871));
#3790 = CARTESIAN_POINT('',(0.552110548282,21.227694585864));
#3791 = CARTESIAN_POINT('',(0.552906913388,20.768103597205));
#3792 = CARTESIAN_POINT('',(0.553334068289,20.578007416521));
#3793 = CARTESIAN_POINT('',(0.553852590982,20.398924335253));
#3794 = CARTESIAN_POINT('',(0.554463983902,20.236503378738));
#3795 = CARTESIAN_POINT('',(0.555166863666,20.097099747069));
#3796 = CARTESIAN_POINT('',(0.555956102236,19.987931353526));
#3797 = CARTESIAN_POINT('',(0.557661491094,19.849006525382));
#3798 = CARTESIAN_POINT('',(0.558549712252,19.819204352947));
#3799 = CARTESIAN_POINT('',(0.559451021271,19.833534292539));
#3800 = CARTESIAN_POINT('',(0.560327419753,19.892115600476));
#3801 = CARTESIAN_POINT('',(0.561142550063,19.990041114421));
#3802 = CARTESIAN_POINT('',(0.561868263844,20.117648086393));
#3803 = CARTESIAN_POINT('',(0.563317231684,20.451652491611));
#3804 = CARTESIAN_POINT('',(0.563991476446,20.677925259056));
#3805 = CARTESIAN_POINT('',(0.56451628927,20.925739747774));
#3806 = CARTESIAN_POINT('',(0.564901404088,21.186793039848));
#3807 = CARTESIAN_POINT('',(0.565154869855,21.455321304336));
#3808 = CARTESIAN_POINT('',(0.565281868258,21.727507745883));
#3809 = CARTESIAN_POINT('',(0.565281868258,22.));
#3810 = ( GEOMETRIC_REPRESENTATION_CONTEXT(2) 
PARAMETRIC_REPRESENTATION_CONTEXT() REPRESENTATION_CONTEXT('2D SPACE',''
  ) );
#3811 = ORIENTED_EDGE('',*,*,#3645,.F.);
#3812 = ORIENTED_EDGE('',*,*,#3813,.F.);
#3813 = EDGE_CURVE('',#3814,#3581,#3816,.T.);
#3814 = VERTEX_POINT('',#3815);
#3815 = CARTESIAN_POINT('',(74.780368404943,-303.1890039665,24.));
#3816 = SURFACE_CURVE('',#3817,(#3862,#3910),.PCURVE_S1.);
#3817 = B_SPLINE_CURVE_WITH_KNOTS('',7,(#3818,#3819,#3820,#3821,#3822,
    #3823,#3824,#3825,#3826,#3827,#3828,#3829,#3830,#3831,#3832,#3833,
    #3834,#3835,#3836,#3837,#3838,#3839,#3840,#3841,#3842,#3843,#3844,
    #3845,#3846,#3847,#3848,#3849,#3850,#3851,#3852,#3853,#3854,#3855,
    #3856,#3857,#3858,#3859,#3860,#3861),.UNSPECIFIED.,.F.,.F.,(8,6,6,6,
    6,6,6,8),(0.,8.16379058373E-02,0.184326512262,0.294746031562,
    0.497639189996,0.673749897241,0.822989782118,1.),.UNSPECIFIED.);
#3818 = CARTESIAN_POINT('',(74.780369881631,-303.1890036023,24.0000006)
  );
#3819 = CARTESIAN_POINT('',(74.674330090666,-303.2151578978,
    23.956915216516));
#3820 = CARTESIAN_POINT('',(74.572852176952,-303.240141116,
    23.907646911827));
#3821 = CARTESIAN_POINT('',(74.476206150757,-303.2638938145,
    23.852824433226));
#3822 = CARTESIAN_POINT('',(74.384604727984,-303.2863708548,
    23.793066018346));
#3823 = CARTESIAN_POINT('',(74.298204168031,-303.3075408919,
    23.72897972691));
#3824 = CARTESIAN_POINT('',(74.217105111644,-303.3273858637,
    23.661163772481));
#3825 = CARTESIAN_POINT('',(74.046068811744,-303.3691891739,
    23.500953375942));
#3826 = CARTESIAN_POINT('',(73.959109092537,-303.3904061533,
    23.406602909888));
#3827 = CARTESIAN_POINT('',(73.880327912962,-303.4095988713,
    23.308036074692));
#3828 = CARTESIAN_POINT('',(73.809548196308,-303.426820336,
    23.205993093796));
#3829 = CARTESIAN_POINT('',(73.746580016632,-303.4421249194,
    23.101095332949));
#3830 = CARTESIAN_POINT('',(73.691238478052,-303.4555641667,
    22.993866837718));
#3831 = CARTESIAN_POINT('',(73.591880298276,-303.4796757372,
    22.767430483943));
#3832 = CARTESIAN_POINT('',(73.54901735898,-303.4900666463,
    22.647900382825));
#3833 = CARTESIAN_POINT('',(73.514573096237,-303.4984102542,
    22.526709283735));
#3834 = CARTESIAN_POINT('',(73.488386956366,-303.5047501865,
    22.404316424873));
#3835 = CARTESIAN_POINT('',(73.470343833087,-303.5091174059,
    22.281121244119));
#3836 = CARTESIAN_POINT('',(73.46038038871,-303.5115288451,
    22.157488056592));
#3837 = CARTESIAN_POINT('',(73.455020359529,-303.5128261239,
    21.806443183126));
#3838 = CARTESIAN_POINT('',(73.478814316822,-303.5070672607,
    21.579098637385));
#3839 = CARTESIAN_POINT('',(73.52972659813,-303.4947463515,
    21.353711790991));
#3840 = CARTESIAN_POINT('',(73.608406233091,-303.4756912784,
    21.132461944867));
#3841 = CARTESIAN_POINT('',(73.716071287642,-303.4495766909,
    20.918170086778));
#3842 = CARTESIAN_POINT('',(73.854271725749,-303.4159733252,
    20.714793465266));
#3843 = CARTESIAN_POINT('',(74.172221992529,-303.3383922893,
    20.366281695001));
#3844 = CARTESIAN_POINT('',(74.347583916261,-303.2955142071,
    20.213160250442));
#3845 = CARTESIAN_POINT('',(74.549907869752,-303.2459092923,
    20.077847618322));
#3846 = CARTESIAN_POINT('',(74.776282248369,-303.1902112129,
    19.968144920953));
#3847 = CARTESIAN_POINT('',(75.022005344064,-303.1294969713,
    19.890524890887));
#3848 = CARTESIAN_POINT('',(75.280997104487,-303.0652104451,19.85));
#3849 = CARTESIAN_POINT('',(75.770864470423,-302.9430727931,19.85));
#3850 = CARTESIAN_POINT('',(75.995527471935,-302.8868515438,
    19.879102225944));
#3851 = CARTESIAN_POINT('',(76.215858938094,-302.8315036204,
    19.937308735867));
#3852 = CARTESIAN_POINT('',(76.427631661786,-302.7781069481,
    20.02377495305));
#3853 = CARTESIAN_POINT('',(76.626825706699,-302.7277102414,
    20.136864835576));
#3854 = CARTESIAN_POINT('',(76.809784009183,-302.6812865046,
    20.274202093132));
#3855 = CARTESIAN_POINT('',(77.167415760181,-302.5903264409,
    20.620729108015));
#3856 = CARTESIAN_POINT('',(77.325445577769,-302.5499785973,
    20.83003654721));
#3857 = CARTESIAN_POINT('',(77.449062368728,-302.5183320171,
    21.052993808888));
#3858 = CARTESIAN_POINT('',(77.540171935511,-302.4949686767,
    21.284567084333));
#3859 = CARTESIAN_POINT('',(77.600352277634,-302.4795231361,
    21.521257690113));
#3860 = CARTESIAN_POINT('',(77.630505195129,-302.4717842843,
    21.760480875213));
#3861 = CARTESIAN_POINT('',(77.630505195129,-302.4717842843,22.));
#3862 = PCURVE('',#776,#3863);
#3863 = DEFINITIONAL_REPRESENTATION('',(#3864),#3909);
#3864 = B_SPLINE_CURVE_WITH_KNOTS('',7,(#3865,#3866,#3867,#3868,#3869,
    #3870,#3871,#3872,#3873,#3874,#3875,#3876,#3877,#3878,#3879,#3880,
    #3881,#3882,#3883,#3884,#3885,#3886,#3887,#3888,#3889,#3890,#3891,
    #3892,#3893,#3894,#3895,#3896,#3897,#3898,#3899,#3900,#3901,#3902,
    #3903,#3904,#3905,#3906,#3907,#3908),.UNSPECIFIED.,.F.,.F.,(8,6,6,6,
    6,6,6,8),(0.,8.16379058373E-02,0.184326512262,0.294746031562,
    0.497639189996,0.673749897241,0.822989782118,1.),.UNSPECIFIED.);
#3865 = CARTESIAN_POINT('',(-1.946545832549,-42.99900328461));
#3866 = CARTESIAN_POINT('',(-2.001154442533,-42.99872733851));
#3867 = CARTESIAN_POINT('',(-2.054780832968,-42.99841871917));
#3868 = CARTESIAN_POINT('',(-2.107463384141,-42.99808507113));
#3869 = CARTESIAN_POINT('',(-2.15922646655,-42.99773405743));
#3870 = CARTESIAN_POINT('',(-2.210082257144,-42.99737306673));
#3871 = CARTESIAN_POINT('',(-2.260032555567,-42.99700892062));
#3872 = CARTESIAN_POINT('',(-2.370753325256,-42.99619306791));
#3873 = CARTESIAN_POINT('',(-2.43108082043,-42.99574235227));
#3874 = CARTESIAN_POINT('',(-2.490211558043,-42.99530607224));
#3875 = CARTESIAN_POINT('',(-2.548287646869,-42.99489282255));
#3876 = CARTESIAN_POINT('',(-2.605440260291,-42.99450941304));
#3877 = CARTESIAN_POINT('',(-2.661795064278,-42.99416112735));
#3878 = CARTESIAN_POINT('',(-2.777352290167,-42.99351956195));
#3879 = CARTESIAN_POINT('',(-2.836463830198,-42.99323233316));
#3880 = CARTESIAN_POINT('',(-2.894971118821,-42.99299527887));
#3881 = CARTESIAN_POINT('',(-2.953023030712,-42.9928118875));
#3882 = CARTESIAN_POINT('',(-3.010763181754,-42.99268435525));
#3883 = CARTESIAN_POINT('',(-3.068334648948,-42.99261378905));
#3884 = CARTESIAN_POINT('',(-3.231631479806,-42.99257582468));
#3885 = CARTESIAN_POINT('',(-3.337180943448,-42.99274430356));
#3886 = CARTESIAN_POINT('',(-3.443549180311,-42.99310617368));
#3887 = CARTESIAN_POINT('',(-3.551611310398,-42.99365144414));
#3888 = CARTESIAN_POINT('',(-3.662295025535,-42.9943591056));
#3889 = CARTESIAN_POINT('',(-3.776534617122,-42.99518761537));
#3890 = CARTESIAN_POINT('',(-3.9989015225,-42.99683019904));
#3891 = CARTESIAN_POINT('',(-4.108296810552,-42.99764966817));
#3892 = CARTESIAN_POINT('',(-4.222301955097,-42.99846482566));
#3893 = CARTESIAN_POINT('',(-4.340084374677,-42.99918613601));
#3894 = CARTESIAN_POINT('',(-4.461165026163,-42.99972116403));
#3895 = CARTESIAN_POINT('',(-4.585281798562,-43.));
#3896 = CARTESIAN_POINT('',(-4.820102256193,-43.));
#3897 = CARTESIAN_POINT('',(-4.927818511577,-42.9997996613));
#3898 = CARTESIAN_POINT('',(-5.035524442536,-42.99939881374));
#3899 = CARTESIAN_POINT('',(-5.143228123198,-42.99882070951));
#3900 = CARTESIAN_POINT('',(-5.250942572614,-42.9981104013));
#3901 = CARTESIAN_POINT('',(-5.358667784116,-42.99732726729));
#3902 = CARTESIAN_POINT('',(-5.594115942999,-42.99558805737));
#3903 = CARTESIAN_POINT('',(-5.716057311645,-42.99466959014));
#3904 = CARTESIAN_POINT('',(-5.833711722536,-42.99386865708));
#3905 = CARTESIAN_POINT('',(-5.94816578979,-42.99324070681));
#3906 = CARTESIAN_POINT('',(-6.060514951611,-42.99281290718));
#3907 = CARTESIAN_POINT('',(-6.171781063092,-42.99259858333));
#3908 = CARTESIAN_POINT('',(-6.28318530718,-42.99259858333));
#3909 = ( GEOMETRIC_REPRESENTATION_CONTEXT(2) 
PARAMETRIC_REPRESENTATION_CONTEXT() REPRESENTATION_CONTEXT('2D SPACE',''
  ) );
#3910 = PCURVE('',#1910,#3911);
#3911 = DEFINITIONAL_REPRESENTATION('',(#3912),#3957);
#3912 = B_SPLINE_CURVE_WITH_KNOTS('',7,(#3913,#3914,#3915,#3916,#3917,
    #3918,#3919,#3920,#3921,#3922,#3923,#3924,#3925,#3926,#3927,#3928,
    #3929,#3930,#3931,#3932,#3933,#3934,#3935,#3936,#3937,#3938,#3939,
    #3940,#3941,#3942,#3943,#3944,#3945,#3946,#3947,#3948,#3949,#3950,
    #3951,#3952,#3953,#3954,#3955,#3956),.UNSPECIFIED.,.F.,.F.,(8,6,6,6,
    6,6,6,8),(0.,8.16379058373E-02,0.184326512262,0.294746031562,
    0.497639189996,0.673749897241,0.822989782118,1.),.UNSPECIFIED.);
#3913 = CARTESIAN_POINT('',(-0.555978786271,-6.000004362374E-07));
#3914 = CARTESIAN_POINT('',(-0.555629038128,4.308478348378E-02));
#3915 = CARTESIAN_POINT('',(-0.555294371506,9.235308817251E-02));
#3916 = CARTESIAN_POINT('',(-0.554975671413,0.147175566774));
#3917 = CARTESIAN_POINT('',(-0.554673633786,0.206933981654));
#3918 = CARTESIAN_POINT('',(-0.554388768475,0.27102027309));
#3919 = CARTESIAN_POINT('',(-0.554121402236,0.338836227519));
#3920 = CARTESIAN_POINT('',(-0.553557569662,0.499046624058));
#3921 = CARTESIAN_POINT('',(-0.553270929286,0.593397090112));
#3922 = CARTESIAN_POINT('',(-0.55301126922,0.691963925308));
#3923 = CARTESIAN_POINT('',(-0.552777998309,0.794006906204));
#3924 = CARTESIAN_POINT('',(-0.552570484413,0.898904667051));
#3925 = CARTESIAN_POINT('',(-0.552388113199,1.006133162282));
#3926 = CARTESIAN_POINT('',(-0.552060703234,1.232569516057));
#3927 = CARTESIAN_POINT('',(-0.551919467306,1.352099617175));
#3928 = CARTESIAN_POINT('',(-0.551805976266,1.473290716265));
#3929 = CARTESIAN_POINT('',(-0.551719697531,1.595683575127));
#3930 = CARTESIAN_POINT('',(-0.551660249513,1.718878755881));
#3931 = CARTESIAN_POINT('',(-0.551627422325,1.842511943408));
#3932 = CARTESIAN_POINT('',(-0.5516097623,2.193556816874));
#3933 = CARTESIAN_POINT('',(-0.551688157785,2.420901362615));
#3934 = CARTESIAN_POINT('',(-0.551855900693,2.646288209009));
#3935 = CARTESIAN_POINT('',(-0.552115140747,2.867538055133));
#3936 = CARTESIAN_POINT('',(-0.552469914197,3.081829913222));
#3937 = CARTESIAN_POINT('',(-0.552925368689,3.285206534734));
#3938 = CARTESIAN_POINT('',(-0.553973414349,3.633718304999));
#3939 = CARTESIAN_POINT('',(-0.554551519897,3.786839749558));
#3940 = CARTESIAN_POINT('',(-0.555218611765,3.922152381678));
#3941 = CARTESIAN_POINT('',(-0.555965151286,4.031855079047));
#3942 = CARTESIAN_POINT('',(-0.556775694939,4.109475109113));
#3943 = CARTESIAN_POINT('',(-0.557630233135,4.15));
#3944 = CARTESIAN_POINT('',(-0.559246961929,4.15));
#3945 = CARTESIAN_POINT('',(-0.559988586144,4.120897774056));
#3946 = CARTESIAN_POINT('',(-0.56071607557,4.062691264133));
#3947 = CARTESIAN_POINT('',(-0.561415461114,3.97622504695));
#3948 = CARTESIAN_POINT('',(-0.562073439953,3.863135164424));
#3949 = CARTESIAN_POINT('',(-0.562677894913,3.725797906868));
#3950 = CARTESIAN_POINT('',(-0.563859602988,3.379270891985));
#3951 = CARTESIAN_POINT('',(-0.564381896482,3.16996345279));
#3952 = CARTESIAN_POINT('',(-0.564790521369,2.947006191112));
#3953 = CARTESIAN_POINT('',(-0.565091721979,2.715432915667));
#3954 = CARTESIAN_POINT('',(-0.565290683843,2.478742309887));
#3955 = CARTESIAN_POINT('',(-0.565390372203,2.239519124787));
#3956 = CARTESIAN_POINT('',(-0.565390372203,2.));
#3957 = ( GEOMETRIC_REPRESENTATION_CONTEXT(2) 
PARAMETRIC_REPRESENTATION_CONTEXT() REPRESENTATION_CONTEXT('2D SPACE',''
  ) );
#3958 = ORIENTED_EDGE('',*,*,#3959,.T.);
#3959 = EDGE_CURVE('',#3814,#974,#3960,.T.);
#3960 = SURFACE_CURVE('',#3961,(#3965,#3972),.PCURVE_S1.);
#3961 = LINE('',#3962,#3963);
#3962 = CARTESIAN_POINT('',(64.377968022358,-261.467254849,24.));
#3963 = VECTOR('',#3964,1.);
#3964 = DIRECTION('',(-0.2419218956,0.970295726276,-0.));
#3965 = PCURVE('',#776,#3966);
#3966 = DEFINITIONAL_REPRESENTATION('',(#3967),#3971);
#3967 = LINE('',#3968,#3969);
#3968 = CARTESIAN_POINT('',(-1.946546593019,8.909539772617E-15));
#3969 = VECTOR('',#3970,1.);
#3970 = DIRECTION('',(-0.,1.));
#3971 = ( GEOMETRIC_REPRESENTATION_CONTEXT(2) 
PARAMETRIC_REPRESENTATION_CONTEXT() REPRESENTATION_CONTEXT('2D SPACE',''
  ) );
#3972 = PCURVE('',#1136,#3973);
#3973 = DEFINITIONAL_REPRESENTATION('',(#3974),#3978);
#3974 = LINE('',#3975,#3976);
#3975 = CARTESIAN_POINT('',(228.77625033978,142.02491121443));
#3976 = VECTOR('',#3977,1.);
#3977 = DIRECTION('',(-0.848048096156,-0.529919264233));
#3978 = ( GEOMETRIC_REPRESENTATION_CONTEXT(2) 
PARAMETRIC_REPRESENTATION_CONTEXT() REPRESENTATION_CONTEXT('2D SPACE',''
  ) );
#3979 = ORIENTED_EDGE('',*,*,#973,.T.);
#3980 = ORIENTED_EDGE('',*,*,#3535,.F.);
#3981 = ADVANCED_FACE('',(#3982),#1854,.F.);
#3982 = FACE_BOUND('',#3983,.T.);
#3983 = EDGE_LOOP('',(#3984,#3985,#3986,#3987));
#3984 = ORIENTED_EDGE('',*,*,#1871,.F.);
#3985 = ORIENTED_EDGE('',*,*,#1839,.T.);
#3986 = ORIENTED_EDGE('',*,*,#2606,.F.);
#3987 = ORIENTED_EDGE('',*,*,#3988,.F.);
#3988 = EDGE_CURVE('',#1872,#2461,#3989,.T.);
#3989 = SURFACE_CURVE('',#3990,(#3995,#4002),.PCURVE_S1.);
#3990 = CIRCLE('',#3991,312.275);
#3991 = AXIS2_PLACEMENT_3D('',#3992,#3993,#3994);
#3992 = CARTESIAN_POINT('',(0.,0.,24.));
#3993 = DIRECTION('',(0.,0.,1.));
#3994 = DIRECTION('',(-0.309016994375,-0.951056516295,0.));
#3995 = PCURVE('',#1854,#3996);
#3996 = DEFINITIONAL_REPRESENTATION('',(#3997),#4001);
#3997 = CIRCLE('',#3998,312.275);
#3998 = AXIS2_PLACEMENT_2D('',#3999,#4000);
#3999 = CARTESIAN_POINT('',(0.,0.));
#4000 = DIRECTION('',(1.,-0.));
#4001 = ( GEOMETRIC_REPRESENTATION_CONTEXT(2) 
PARAMETRIC_REPRESENTATION_CONTEXT() REPRESENTATION_CONTEXT('2D SPACE',''
  ) );
#4002 = PCURVE('',#1910,#4003);
#4003 = DEFINITIONAL_REPRESENTATION('',(#4004),#4008);
#4004 = LINE('',#4005,#4006);
#4005 = CARTESIAN_POINT('',(-0.,0.));
#4006 = VECTOR('',#4007,1.);
#4007 = DIRECTION('',(-1.,0.));
#4008 = ( GEOMETRIC_REPRESENTATION_CONTEXT(2) 
PARAMETRIC_REPRESENTATION_CONTEXT() REPRESENTATION_CONTEXT('2D SPACE',''
  ) );
#4009 = ADVANCED_FACE('',(#4010),#1616,.F.);
#4010 = FACE_BOUND('',#4011,.T.);
#4011 = EDGE_LOOP('',(#4012,#4034,#4035,#4036));
#4012 = ORIENTED_EDGE('',*,*,#4013,.F.);
#4013 = EDGE_CURVE('',#2205,#2912,#4014,.T.);
#4014 = SURFACE_CURVE('',#4015,(#4020,#4027),.PCURVE_S1.);
#4015 = CIRCLE('',#4016,312.275);
#4016 = AXIS2_PLACEMENT_3D('',#4017,#4018,#4019);
#4017 = CARTESIAN_POINT('',(0.,0.,24.));
#4018 = DIRECTION('',(0.,0.,1.));
#4019 = DIRECTION('',(-0.309016994375,-0.951056516295,0.));
#4020 = PCURVE('',#1616,#4021);
#4021 = DEFINITIONAL_REPRESENTATION('',(#4022),#4026);
#4022 = CIRCLE('',#4023,312.275);
#4023 = AXIS2_PLACEMENT_2D('',#4024,#4025);
#4024 = CARTESIAN_POINT('',(0.,0.));
#4025 = DIRECTION('',(1.,-0.));
#4026 = ( GEOMETRIC_REPRESENTATION_CONTEXT(2) 
PARAMETRIC_REPRESENTATION_CONTEXT() REPRESENTATION_CONTEXT('2D SPACE',''
  ) );
#4027 = PCURVE('',#1910,#4028);
#4028 = DEFINITIONAL_REPRESENTATION('',(#4029),#4033);
#4029 = LINE('',#4030,#4031);
#4030 = CARTESIAN_POINT('',(-0.,0.));
#4031 = VECTOR('',#4032,1.);
#4032 = DIRECTION('',(-1.,0.));
#4033 = ( GEOMETRIC_REPRESENTATION_CONTEXT(2) 
PARAMETRIC_REPRESENTATION_CONTEXT() REPRESENTATION_CONTEXT('2D SPACE',''
  ) );
#4034 = ORIENTED_EDGE('',*,*,#2204,.T.);
#4035 = ORIENTED_EDGE('',*,*,#1599,.T.);
#4036 = ORIENTED_EDGE('',*,*,#3057,.F.);
#4037 = ADVANCED_FACE('',(#4038,#4065),#1376,.F.);
#4038 = FACE_BOUND('',#4039,.T.);
#4039 = EDGE_LOOP('',(#4040,#4062,#4063,#4064));
#4040 = ORIENTED_EDGE('',*,*,#4041,.F.);
#4041 = EDGE_CURVE('',#2656,#3363,#4042,.T.);
#4042 = SURFACE_CURVE('',#4043,(#4048,#4055),.PCURVE_S1.);
#4043 = CIRCLE('',#4044,312.275);
#4044 = AXIS2_PLACEMENT_3D('',#4045,#4046,#4047);
#4045 = CARTESIAN_POINT('',(0.,0.,24.));
#4046 = DIRECTION('',(0.,0.,1.));
#4047 = DIRECTION('',(-0.309016994375,-0.951056516295,0.));
#4048 = PCURVE('',#1376,#4049);
#4049 = DEFINITIONAL_REPRESENTATION('',(#4050),#4054);
#4050 = CIRCLE('',#4051,312.275);
#4051 = AXIS2_PLACEMENT_2D('',#4052,#4053);
#4052 = CARTESIAN_POINT('',(0.,0.));
#4053 = DIRECTION('',(1.,-0.));
#4054 = ( GEOMETRIC_REPRESENTATION_CONTEXT(2) 
PARAMETRIC_REPRESENTATION_CONTEXT() REPRESENTATION_CONTEXT('2D SPACE',''
  ) );
#4055 = PCURVE('',#1910,#4056);
#4056 = DEFINITIONAL_REPRESENTATION('',(#4057),#4061);
#4057 = LINE('',#4058,#4059);
#4058 = CARTESIAN_POINT('',(-0.,0.));
#4059 = VECTOR('',#4060,1.);
#4060 = DIRECTION('',(-1.,0.));
#4061 = ( GEOMETRIC_REPRESENTATION_CONTEXT(2) 
PARAMETRIC_REPRESENTATION_CONTEXT() REPRESENTATION_CONTEXT('2D SPACE',''
  ) );
#4062 = ORIENTED_EDGE('',*,*,#2655,.T.);
#4063 = ORIENTED_EDGE('',*,*,#1359,.T.);
#4064 = ORIENTED_EDGE('',*,*,#3508,.F.);
#4065 = FACE_BOUND('',#4066,.T.);
#4066 = EDGE_LOOP('',(#4067));
#4067 = ORIENTED_EDGE('',*,*,#4068,.T.);
#4068 = EDGE_CURVE('',#4069,#4069,#4071,.T.);
#4069 = VERTEX_POINT('',#4070);
#4070 = CARTESIAN_POINT('',(3.302080830991E-14,-297.425,24.));
#4071 = SURFACE_CURVE('',#4072,(#4077,#4084),.PCURVE_S1.);
#4072 = CIRCLE('',#4073,2.15);
#4073 = AXIS2_PLACEMENT_3D('',#4074,#4075,#4076);
#4074 = CARTESIAN_POINT('',(3.278211035962E-14,-295.275,24.));
#4075 = DIRECTION('',(-0.,0.,1.));
#4076 = DIRECTION('',(1.110223024625E-16,-1.,0.));
#4077 = PCURVE('',#1376,#4078);
#4078 = DEFINITIONAL_REPRESENTATION('',(#4079),#4083);
#4079 = CIRCLE('',#4080,2.15);
#4080 = AXIS2_PLACEMENT_2D('',#4081,#4082);
#4081 = CARTESIAN_POINT('',(280.82321284905,91.244993014063));
#4082 = DIRECTION('',(0.951056516295,0.309016994375));
#4083 = ( GEOMETRIC_REPRESENTATION_CONTEXT(2) 
PARAMETRIC_REPRESENTATION_CONTEXT() REPRESENTATION_CONTEXT('2D SPACE',''
  ) );
#4084 = PCURVE('',#2166,#4085);
#4085 = DEFINITIONAL_REPRESENTATION('',(#4086),#4090);
#4086 = LINE('',#4087,#4088);
#4087 = CARTESIAN_POINT('',(0.,-7.));
#4088 = VECTOR('',#4089,1.);
#4089 = DIRECTION('',(1.,0.));
#4090 = ( GEOMETRIC_REPRESENTATION_CONTEXT(2) 
PARAMETRIC_REPRESENTATION_CONTEXT() REPRESENTATION_CONTEXT('2D SPACE',''
  ) );
#4091 = ADVANCED_FACE('',(#4092),#1136,.F.);
#4092 = FACE_BOUND('',#4093,.T.);
#4093 = EDGE_LOOP('',(#4094,#4116,#4117,#4118));
#4094 = ORIENTED_EDGE('',*,*,#4095,.F.);
#4095 = EDGE_CURVE('',#3107,#3814,#4096,.T.);
#4096 = SURFACE_CURVE('',#4097,(#4102,#4109),.PCURVE_S1.);
#4097 = CIRCLE('',#4098,312.275);
#4098 = AXIS2_PLACEMENT_3D('',#4099,#4100,#4101);
#4099 = CARTESIAN_POINT('',(0.,0.,24.));
#4100 = DIRECTION('',(0.,0.,1.));
#4101 = DIRECTION('',(-0.309016994375,-0.951056516295,0.));
#4102 = PCURVE('',#1136,#4103);
#4103 = DEFINITIONAL_REPRESENTATION('',(#4104),#4108);
#4104 = CIRCLE('',#4105,312.275);
#4105 = AXIS2_PLACEMENT_2D('',#4106,#4107);
#4106 = CARTESIAN_POINT('',(0.,0.));
#4107 = DIRECTION('',(1.,-0.));
#4108 = ( GEOMETRIC_REPRESENTATION_CONTEXT(2) 
PARAMETRIC_REPRESENTATION_CONTEXT() REPRESENTATION_CONTEXT('2D SPACE',''
  ) );
#4109 = PCURVE('',#1910,#4110);
#4110 = DEFINITIONAL_REPRESENTATION('',(#4111),#4115);
#4111 = LINE('',#4112,#4113);
#4112 = CARTESIAN_POINT('',(-0.,0.));
#4113 = VECTOR('',#4114,1.);
#4114 = DIRECTION('',(-1.,0.));
#4115 = ( GEOMETRIC_REPRESENTATION_CONTEXT(2) 
PARAMETRIC_REPRESENTATION_CONTEXT() REPRESENTATION_CONTEXT('2D SPACE',''
  ) );
#4116 = ORIENTED_EDGE('',*,*,#3106,.T.);
#4117 = ORIENTED_EDGE('',*,*,#1119,.T.);
#4118 = ORIENTED_EDGE('',*,*,#3959,.F.);
#4119 = ADVANCED_FACE('',(#4120),#896,.F.);
#4120 = FACE_BOUND('',#4121,.T.);
#4121 = EDGE_LOOP('',(#4122,#4144,#4145,#4146));
#4122 = ORIENTED_EDGE('',*,*,#4123,.F.);
#4123 = EDGE_CURVE('',#3558,#2006,#4124,.T.);
#4124 = SURFACE_CURVE('',#4125,(#4130,#4137),.PCURVE_S1.);
#4125 = CIRCLE('',#4126,312.275);
#4126 = AXIS2_PLACEMENT_3D('',#4127,#4128,#4129);
#4127 = CARTESIAN_POINT('',(0.,0.,24.));
#4128 = DIRECTION('',(0.,0.,1.));
#4129 = DIRECTION('',(-0.309016994375,-0.951056516295,0.));
#4130 = PCURVE('',#896,#4131);
#4131 = DEFINITIONAL_REPRESENTATION('',(#4132),#4136);
#4132 = CIRCLE('',#4133,312.275);
#4133 = AXIS2_PLACEMENT_2D('',#4134,#4135);
#4134 = CARTESIAN_POINT('',(0.,0.));
#4135 = DIRECTION('',(1.,-0.));
#4136 = ( GEOMETRIC_REPRESENTATION_CONTEXT(2) 
PARAMETRIC_REPRESENTATION_CONTEXT() REPRESENTATION_CONTEXT('2D SPACE',''
  ) );
#4137 = PCURVE('',#1910,#4138);
#4138 = DEFINITIONAL_REPRESENTATION('',(#4139),#4143);
#4139 = LINE('',#4140,#4141);
#4140 = CARTESIAN_POINT('',(-0.,0.));
#4141 = VECTOR('',#4142,1.);
#4142 = DIRECTION('',(-1.,0.));
#4143 = ( GEOMETRIC_REPRESENTATION_CONTEXT(2) 
PARAMETRIC_REPRESENTATION_CONTEXT() REPRESENTATION_CONTEXT('2D SPACE',''
  ) );
#4144 = ORIENTED_EDGE('',*,*,#3557,.T.);
#4145 = ORIENTED_EDGE('',*,*,#879,.T.);
#4146 = ORIENTED_EDGE('',*,*,#2005,.T.);
#4147 = ADVANCED_FACE('',(#4148,#4187,#4340),#1910,.F.);
#4148 = FACE_BOUND('',#4149,.T.);
#4149 = EDGE_LOOP('',(#4150,#4151,#4152,#4153,#4154,#4155,#4156,#4157,
    #4158,#4159,#4160,#4161,#4162,#4163,#4164,#4165));
#4150 = ORIENTED_EDGE('',*,*,#1894,.F.);
#4151 = ORIENTED_EDGE('',*,*,#3988,.T.);
#4152 = ORIENTED_EDGE('',*,*,#2460,.T.);
#4153 = ORIENTED_EDGE('',*,*,#2227,.T.);
#4154 = ORIENTED_EDGE('',*,*,#4013,.T.);
#4155 = ORIENTED_EDGE('',*,*,#2911,.T.);
#4156 = ORIENTED_EDGE('',*,*,#2678,.T.);
#4157 = ORIENTED_EDGE('',*,*,#4041,.T.);
#4158 = ORIENTED_EDGE('',*,*,#3362,.T.);
#4159 = ORIENTED_EDGE('',*,*,#3129,.T.);
#4160 = ORIENTED_EDGE('',*,*,#4095,.T.);
#4161 = ORIENTED_EDGE('',*,*,#3813,.T.);
#4162 = ORIENTED_EDGE('',*,*,#3580,.T.);
#4163 = ORIENTED_EDGE('',*,*,#4123,.T.);
#4164 = ORIENTED_EDGE('',*,*,#2028,.T.);
#4165 = ORIENTED_EDGE('',*,*,#4166,.F.);
#4166 = EDGE_CURVE('',#1895,#2029,#4167,.T.);
#4167 = SURFACE_CURVE('',#4168,(#4173,#4180),.PCURVE_S1.);
#4168 = CIRCLE('',#4169,312.275);
#4169 = AXIS2_PLACEMENT_3D('',#4170,#4171,#4172);
#4170 = CARTESIAN_POINT('',(0.,0.,0.));
#4171 = DIRECTION('',(0.,0.,1.));
#4172 = DIRECTION('',(-0.309016994375,-0.951056516295,0.));
#4173 = PCURVE('',#1910,#4174);
#4174 = DEFINITIONAL_REPRESENTATION('',(#4175),#4179);
#4175 = LINE('',#4176,#4177);
#4176 = CARTESIAN_POINT('',(-0.,24.));
#4177 = VECTOR('',#4178,1.);
#4178 = DIRECTION('',(-1.,0.));
#4179 = ( GEOMETRIC_REPRESENTATION_CONTEXT(2) 
PARAMETRIC_REPRESENTATION_CONTEXT() REPRESENTATION_CONTEXT('2D SPACE',''
  ) );
#4180 = PCURVE('',#1938,#4181);
#4181 = DEFINITIONAL_REPRESENTATION('',(#4182),#4186);
#4182 = CIRCLE('',#4183,312.275);
#4183 = AXIS2_PLACEMENT_2D('',#4184,#4185);
#4184 = CARTESIAN_POINT('',(0.,0.));
#4185 = DIRECTION('',(1.,-0.));
#4186 = ( GEOMETRIC_REPRESENTATION_CONTEXT(2) 
PARAMETRIC_REPRESENTATION_CONTEXT() REPRESENTATION_CONTEXT('2D SPACE',''
  ) );
#4187 = FACE_BOUND('',#4188,.T.);
#4188 = EDGE_LOOP('',(#4189));
#4189 = ORIENTED_EDGE('',*,*,#4190,.T.);
#4190 = EDGE_CURVE('',#4191,#4191,#4193,.T.);
#4191 = VERTEX_POINT('',#4192);
#4192 = CARTESIAN_POINT('',(-30.50263013315,-310.7817002012,12.));
#4193 = SURFACE_CURVE('',#4194,(#4239,#4287),.PCURVE_S1.);
#4194 = B_SPLINE_CURVE_WITH_KNOTS('',7,(#4195,#4196,#4197,#4198,#4199,
    #4200,#4201,#4202,#4203,#4204,#4205,#4206,#4207,#4208,#4209,#4210,
    #4211,#4212,#4213,#4214,#4215,#4216,#4217,#4218,#4219,#4220,#4221,
    #4222,#4223,#4224,#4225,#4226,#4227,#4228,#4229,#4230,#4231,#4232,
    #4233,#4234,#4235,#4236,#4237,#4238),.UNSPECIFIED.,.T.,.F.,(8,6,6,6,
    6,6,6,8),(0.,0.153886585458,0.285620742492,0.421510881736,
    0.589776728833,0.715035553113,0.837010140352,1.),.UNSPECIFIED.);
#4195 = CARTESIAN_POINT('',(-30.50263013315,-310.7817002012,12.));
#4196 = CARTESIAN_POINT('',(-30.50263013315,-310.7817002012,
    12.255805538004));
#4197 = CARTESIAN_POINT('',(-30.53796976516,-310.7782316649,
    12.51180845912));
#4198 = CARTESIAN_POINT('',(-30.6087435897,-310.7712854453,
    12.764863660915));
#4199 = CARTESIAN_POINT('',(-30.71613287287,-310.7607195915,
    13.011578247346));
#4200 = CARTESIAN_POINT('',(-30.86202401257,-310.7462984393,
    13.247341303071));
#4201 = CARTESIAN_POINT('',(-31.04883817597,-310.7276918555,
    13.465770733345));
#4202 = CARTESIAN_POINT('',(-31.47483679928,-310.6848069487,
    13.819965274312));
#4203 = CARTESIAN_POINT('',(-31.71060552894,-310.6609257937,
    13.96975250812));
#4204 = CARTESIAN_POINT('',(-31.98098811073,-310.6333088338,
    14.087910710081));
#4205 = CARTESIAN_POINT('',(-32.27613231065,-310.6028292524,
    14.161954067554));
#4206 = CARTESIAN_POINT('',(-32.58256894666,-310.5707805889,
    14.185098901557));
#4207 = CARTESIAN_POINT('',(-32.88592548064,-310.5386853126,
    14.156667137105));
#4208 = CARTESIAN_POINT('',(-33.46980615101,-310.4763060222,
    14.005899154672));
#4209 = CARTESIAN_POINT('',(-33.73789515003,-310.4473305146,
    13.883578624928));
#4210 = CARTESIAN_POINT('',(-33.97322678293,-310.4216357095,
    13.726688280026));
#4211 = CARTESIAN_POINT('',(-34.17426779687,-310.3995131966,
    13.544277115317));
#4212 = CARTESIAN_POINT('',(-34.34093402681,-310.3810678976,
    13.34403662565));
#4213 = CARTESIAN_POINT('',(-34.47416484817,-310.3662643122,
    13.132558522277));
#4214 = CARTESIAN_POINT('',(-34.70145634853,-310.3409424483,
    12.646560671645));
#4215 = CARTESIAN_POINT('',(-34.78017355792,-310.3321126314,
    12.365705482663));
#4216 = CARTESIAN_POINT('',(-34.81480049079,-310.3282155725,
    12.079267945279));
#4217 = CARTESIAN_POINT('',(-34.80654677994,-310.3291438416,
    11.791300662645));
#4218 = CARTESIAN_POINT('',(-34.75508062003,-310.3349311848,
    11.50587059574));
#4219 = CARTESIAN_POINT('',(-34.658726343,-310.3457254305,
    11.227694566532));
#4220 = CARTESIAN_POINT('',(-34.40760751336,-310.3736519037,
    10.768103574926));
#4221 = CARTESIAN_POINT('',(-34.27290741258,-310.3885879508,
    10.57800739553));
#4222 = CARTESIAN_POINT('',(-34.10938699653,-310.4066449722,
    10.398924325738));
#4223 = CARTESIAN_POINT('',(-33.91656606863,-310.4278170603,
    10.236503380479));
#4224 = CARTESIAN_POINT('',(-33.69487244499,-310.4519785503,
    10.097099753516));
#4225 = CARTESIAN_POINT('',(-33.44591351144,-310.4788586087,
    9.987931356859));
#4226 = CARTESIAN_POINT('',(-32.90789791412,-310.5363378727,
    9.849006521287));
#4227 = CARTESIAN_POINT('',(-32.62765388054,-310.5660101083,
    9.819204350702));
#4228 = CARTESIAN_POINT('',(-32.34324731911,-310.5958061901,
    9.833534295549));
#4229 = CARTESIAN_POINT('',(-32.06666685223,-310.6244491762,
    9.892115610912));
#4230 = CARTESIAN_POINT('',(-31.80939389488,-310.6508169041,
    9.990041134366));
#4231 = CARTESIAN_POINT('',(-31.58032338724,-310.6741017863,
    10.117648109134));
#4232 = CARTESIAN_POINT('',(-31.1229297509,-310.7203051116,
    10.451652459159));
#4233 = CARTESIAN_POINT('',(-30.91006584179,-310.7415477555,
    10.677925189524));
#4234 = CARTESIAN_POINT('',(-30.74436466257,-310.7579412213,
    10.925739652734));
#4235 = CARTESIAN_POINT('',(-30.62276479408,-310.769909353,
    11.186792943029));
#4236 = CARTESIAN_POINT('',(-30.54273090497,-310.7777643525,
    11.455321231264));
#4237 = CARTESIAN_POINT('',(-30.50263013315,-310.7817002012,
    11.727507710833));
#4238 = CARTESIAN_POINT('',(-30.50263013315,-310.7817002012,12.));
#4239 = PCURVE('',#1910,#4240);
#4240 = DEFINITIONAL_REPRESENTATION('',(#4241),#4286);
#4241 = B_SPLINE_CURVE_WITH_KNOTS('',7,(#4242,#4243,#4244,#4245,#4246,
    #4247,#4248,#4249,#4250,#4251,#4252,#4253,#4254,#4255,#4256,#4257,
    #4258,#4259,#4260,#4261,#4262,#4263,#4264,#4265,#4266,#4267,#4268,
    #4269,#4270,#4271,#4272,#4273,#4274,#4275,#4276,#4277,#4278,#4279,
    #4280,#4281,#4282,#4283,#4284,#4285),.UNSPECIFIED.,.T.,.F.,(8,6,6,6,
    6,6,6,8),(0.,0.153886585458,0.285620742492,0.421510881736,
    0.589776728833,0.715035553113,0.837010140352,1.),.UNSPECIFIED.);
#4242 = CARTESIAN_POINT('',(-0.216324521804,12.));
#4243 = CARTESIAN_POINT('',(-0.216324521804,11.744194461996));
#4244 = CARTESIAN_POINT('',(-0.216210809723,11.48819154088));
#4245 = CARTESIAN_POINT('',(-0.215983081336,11.235136339085));
#4246 = CARTESIAN_POINT('',(-0.215637527558,10.988421752655));
#4247 = CARTESIAN_POINT('',(-0.215168062725,10.752658696929));
#4248 = CARTESIAN_POINT('',(-0.214566867067,10.534229266655));
#4249 = CARTESIAN_POINT('',(-0.213195794215,10.180034725688));
#4250 = CARTESIAN_POINT('',(-0.212436927625,10.03024749188));
#4251 = CARTESIAN_POINT('',(-0.211566575603,9.912089289919));
#4252 = CARTESIAN_POINT('',(-0.210616408469,9.838045932446));
#4253 = CARTESIAN_POINT('',(-0.209629753721,9.814901098443));
#4254 = CARTESIAN_POINT('',(-0.208652891981,9.843332862895));
#4255 = CARTESIAN_POINT('',(-0.206772487264,9.994100845328));
#4256 = CARTESIAN_POINT('',(-0.205908985196,10.116421375072));
#4257 = CARTESIAN_POINT('',(-0.205150903264,10.273311719974));
#4258 = CARTESIAN_POINT('',(-0.204503222672,10.455722884683));
#4259 = CARTESIAN_POINT('',(-0.203966247941,10.65596337435));
#4260 = CARTESIAN_POINT('',(-0.20353697655,10.867441477723));
#4261 = CARTESIAN_POINT('',(-0.202804616716,11.353439328355));
#4262 = CARTESIAN_POINT('',(-0.202550959313,11.634294517337));
#4263 = CARTESIAN_POINT('',(-0.202439373217,11.920732054721));
#4264 = CARTESIAN_POINT('',(-0.20246597076,12.208699337355));
#4265 = CARTESIAN_POINT('',(-0.202631819897,12.49412940426));
#4266 = CARTESIAN_POINT('',(-0.20294230579,12.772305433468));
#4267 = CARTESIAN_POINT('',(-0.203751422384,13.231896425074));
#4268 = CARTESIAN_POINT('',(-0.204185416929,13.42199260447));
#4269 = CARTESIAN_POINT('',(-0.204712242177,13.601075674262));
#4270 = CARTESIAN_POINT('',(-0.205333424598,13.763496619521));
#4271 = CARTESIAN_POINT('',(-0.20604755865,13.902900246484));
#4272 = CARTESIAN_POINT('',(-0.206849434206,14.012068643141));
#4273 = CARTESIAN_POINT('',(-0.208582129119,14.150993478713));
#4274 = CARTESIAN_POINT('',(-0.20948457209,14.180795649298));
#4275 = CARTESIAN_POINT('',(-0.210400312447,14.166465704451));
#4276 = CARTESIAN_POINT('',(-0.211290743431,14.107884389088));
#4277 = CARTESIAN_POINT('',(-0.212118925295,14.009958865634));
#4278 = CARTESIAN_POINT('',(-0.21285625895,13.882351890866));
#4279 = CARTESIAN_POINT('',(-0.214328427113,13.548347540841));
#4280 = CARTESIAN_POINT('',(-0.215013467787,13.322074810476));
#4281 = CARTESIAN_POINT('',(-0.215546683996,13.074260347266));
#4282 = CARTESIAN_POINT('',(-0.21593796543,12.813207056971));
#4283 = CARTESIAN_POINT('',(-0.216195489833,12.544678768736));
#4284 = CARTESIAN_POINT('',(-0.216324521804,12.272492289167));
#4285 = CARTESIAN_POINT('',(-0.216324521804,12.));
#4286 = ( GEOMETRIC_REPRESENTATION_CONTEXT(2) 
PARAMETRIC_REPRESENTATION_CONTEXT() REPRESENTATION_CONTEXT('2D SPACE',''
  ) );
#4287 = PCURVE('',#4288,#4293);
#4288 = CYLINDRICAL_SURFACE('',#4289,2.15);
#4289 = AXIS2_PLACEMENT_3D('',#4290,#4291,#4292);
#4290 = CARTESIAN_POINT('',(-30.55105660155,-290.6738869687,12.));
#4291 = DIRECTION('',(0.104528463268,0.994521895368,0.));
#4292 = DIRECTION('',(0.994521895368,-0.104528463268,0.));
#4293 = DEFINITIONAL_REPRESENTATION('',(#4294),#4339);
#4294 = B_SPLINE_CURVE_WITH_KNOTS('',7,(#4295,#4296,#4297,#4298,#4299,
    #4300,#4301,#4302,#4303,#4304,#4305,#4306,#4307,#4308,#4309,#4310,
    #4311,#4312,#4313,#4314,#4315,#4316,#4317,#4318,#4319,#4320,#4321,
    #4322,#4323,#4324,#4325,#4326,#4327,#4328,#4329,#4330,#4331,#4332,
    #4333,#4334,#4335,#4336,#4337,#4338),.UNSPECIFIED.,.F.,.F.,(8,6,6,6,
    6,6,6,8),(0.,0.153886585458,0.285620742492,0.421510881736,
    0.589776728833,0.715035553113,0.837010140352,1.),.UNSPECIFIED.);
#4295 = CARTESIAN_POINT('',(0.,-19.99259858333));
#4296 = CARTESIAN_POINT('',(-0.118979320002,-19.99259858333));
#4297 = CARTESIAN_POINT('',(-0.238049717031,-19.99284304546));
#4298 = CARTESIAN_POINT('',(-0.358504397571,-19.99333275715));
#4299 = CARTESIAN_POINT('',(-0.481518842803,-19.99405002097));
#4300 = CARTESIAN_POINT('',(-0.608358223757,-19.99495764595));
#4301 = CARTESIAN_POINT('',(-0.740398888077,-19.9959803884));
#4302 = CARTESIAN_POINT('',(-0.998847973161,-19.99785939106));
#4303 = CARTESIAN_POINT('',(-1.128184145789,-19.9987536025));
#4304 = CARTESIAN_POINT('',(-1.263374803767,-19.99955060698));
#4305 = CARTESIAN_POINT('',(-1.402111769563,-20.00008896558));
#4306 = CARTESIAN_POINT('',(-1.542611464679,-20.00024721863));
#4307 = CARTESIAN_POINT('',(-1.683325039757,-20.00003715597));
#4308 = CARTESIAN_POINT('',(-1.965301294569,-19.99903173505));
#4309 = CARTESIAN_POINT('',(-2.100928993885,-19.99823788935));
#4310 = CARTESIAN_POINT('',(-2.230511542691,-19.99728269705));
#4311 = CARTESIAN_POINT('',(-2.354854570907,-19.99629588184));
#4312 = CARTESIAN_POINT('',(-2.474608818211,-19.99537299299));
#4313 = CARTESIAN_POINT('',(-2.59015485595,-19.99457691624));
#4314 = CARTESIAN_POINT('',(-2.839976643778,-19.99315219942));
#4315 = CARTESIAN_POINT('',(-2.973861143813,-19.9925989421));
#4316 = CARTESIAN_POINT('',(-3.105618110743,-19.99234273177));
#4317 = CARTESIAN_POINT('',(-3.236897226362,-19.99240316796));
#4318 = CARTESIAN_POINT('',(-3.369303247684,-19.99277912885));
#4319 = CARTESIAN_POINT('',(-3.504408484154,-19.99344247803));
#4320 = CARTESIAN_POINT('',(-3.748345061128,-19.99496690173));
#4321 = CARTESIAN_POINT('',(-3.856191722785,-19.99574113311));
#4322 = CARTESIAN_POINT('',(-3.967890754459,-19.99660669847));
#4323 = CARTESIAN_POINT('',(-4.083674274684,-19.99750752835));
#4324 = CARTESIAN_POINT('',(-4.203986281038,-19.99836336542));
#4325 = CARTESIAN_POINT('',(-4.329422598088,-19.99907287729));
#4326 = CARTESIAN_POINT('',(-4.589249016157,-19.99999932025));
#4327 = CARTESIAN_POINT('',(-4.719652247942,-20.0002155301));
#4328 = CARTESIAN_POINT('',(-4.850265735414,-20.00011980505));
#4329 = CARTESIAN_POINT('',(-4.979605531503,-19.99969535062));
#4330 = CARTESIAN_POINT('',(-5.106051387979,-19.99902628655));
#4331 = CARTESIAN_POINT('',(-5.227578587324,-19.99823922357));
#4332 = CARTESIAN_POINT('',(-5.49187725741,-19.99637878829));
#4333 = CARTESIAN_POINT('',(-5.634234117191,-19.99525472543));
#4334 = CARTESIAN_POINT('',(-5.770269549732,-19.99423789647));
#4335 = CARTESIAN_POINT('',(-5.901620110431,-19.99342981817));
#4336 = CARTESIAN_POINT('',(-6.029847429928,-19.99287596767));
#4337 = CARTESIAN_POINT('',(-6.156444707567,-19.99259858333));
#4338 = CARTESIAN_POINT('',(-6.28318530718,-19.99259858333));
#4339 = ( GEOMETRIC_REPRESENTATION_CONTEXT(2) 
PARAMETRIC_REPRESENTATION_CONTEXT() REPRESENTATION_CONTEXT('2D SPACE',''
  ) );
#4340 = FACE_BOUND('',#4341,.T.);
#4341 = EDGE_LOOP('',(#4342));
#4342 = ORIENTED_EDGE('',*,*,#4343,.T.);
#4343 = EDGE_CURVE('',#4344,#4344,#4346,.T.);
#4344 = VERTEX_POINT('',#4345);
#4345 = CARTESIAN_POINT('',(34.779074283238,-310.3322278091,12.));
#4346 = SURFACE_CURVE('',#4347,(#4392,#4440),.PCURVE_S1.);
#4347 = B_SPLINE_CURVE_WITH_KNOTS('',7,(#4348,#4349,#4350,#4351,#4352,
    #4353,#4354,#4355,#4356,#4357,#4358,#4359,#4360,#4361,#4362,#4363,
    #4364,#4365,#4366,#4367,#4368,#4369,#4370,#4371,#4372,#4373,#4374,
    #4375,#4376,#4377,#4378,#4379,#4380,#4381,#4382,#4383,#4384,#4385,
    #4386,#4387,#4388,#4389,#4390,#4391),.UNSPECIFIED.,.T.,.F.,(8,6,6,6,
    6,6,6,8),(0.,0.153886585948,0.285620743989,0.421510883755,
    0.589776727553,0.715035552315,0.837010139657,1.),.UNSPECIFIED.);
#4348 = CARTESIAN_POINT('',(34.779074283238,-310.3322278091,12.));
#4349 = CARTESIAN_POINT('',(34.779074283238,-310.3322278091,12.255805538
    ));
#4350 = CARTESIAN_POINT('',(34.743785757729,-310.3361825913,
    12.511808459109));
#4351 = CARTESIAN_POINT('',(34.673114310811,-310.3441028688,
    12.764863660923));
#4352 = CARTESIAN_POINT('',(34.56587497661,-310.3560953918,
    13.011578247343));
#4353 = CARTESIAN_POINT('',(34.420173582199,-310.3723218498,
    13.247341303077));
#4354 = CARTESIAN_POINT('',(34.233573230188,-310.3929627131,
    13.465770733347));
#4355 = CARTESIAN_POINT('',(33.807967424535,-310.4395850386,
    13.819965275039));
#4356 = CARTESIAN_POINT('',(33.57238563765,-310.4652448192,
    13.969752507027));
#4357 = CARTESIAN_POINT('',(33.302169675416,-310.4944470558,
    14.087910710286));
#4358 = CARTESIAN_POINT('',(33.007138021019,-310.5259974563,
    14.1619540682));
#4359 = CARTESIAN_POINT('',(32.700734468882,-310.558360892,
    14.185098900913));
#4360 = CARTESIAN_POINT('',(32.397334021978,-310.5900383443,
    14.156667137388));
#4361 = CARTESIAN_POINT('',(31.813243160302,-310.6504178085,
    14.005899154672));
#4362 = CARTESIAN_POINT('',(31.54498820234,-310.6778143223,
    13.883578624928));
#4363 = CARTESIAN_POINT('',(31.309456879875,-310.7016092081,
    13.726688280026));
#4364 = CARTESIAN_POINT('',(31.108209565386,-310.7217689023,
    13.544277115317));
#4365 = CARTESIAN_POINT('',(30.941350399136,-310.738378535,
    13.344036625649));
#4366 = CARTESIAN_POINT('',(30.807953152415,-310.7515986888,
    13.132558522278));
#4367 = CARTESIAN_POINT('',(30.580363808092,-310.7740867283,
    12.646560677951));
#4368 = CARTESIAN_POINT('',(30.5015309276,-310.781816093,12.365705457838
    ));
#4369 = CARTESIAN_POINT('',(30.466850440403,-310.7852035376,
    12.079267990115));
#4370 = CARTESIAN_POINT('',(30.475116788907,-310.7843954784,
    11.791300617952));
#4371 = CARTESIAN_POINT('',(30.526661533085,-310.7793559392,
    11.505870620311));
#4372 = CARTESIAN_POINT('',(30.623154498802,-310.769881123,
    11.227694560349));
#4373 = CARTESIAN_POINT('',(30.874592016389,-310.7449867956,
    10.768103574927));
#4374 = CARTESIAN_POINT('',(31.009453975614,-310.7315907286,
    10.57800739553));
#4375 = CARTESIAN_POINT('',(31.173155344086,-310.7152553546,
    10.398924325738));
#4376 = CARTESIAN_POINT('',(31.366164596715,-310.6958750566,
    10.236503380479));
#4377 = CARTESIAN_POINT('',(31.588037139025,-310.673415864,
    10.097099753515));
#4378 = CARTESIAN_POINT('',(31.837144400943,-310.6479470558,
    9.98793135686));
#4379 = CARTESIAN_POINT('',(32.375353676785,-310.5923105275,
    9.849006521493));
#4380 = CARTESIAN_POINT('',(32.655642912088,-310.5630683426,
    9.819204350251));
#4381 = CARTESIAN_POINT('',(32.940029461498,-310.5330818594,
    9.833534295975));
#4382 = CARTESIAN_POINT('',(33.216521191771,-310.5035946151,
    9.892115611065));
#4383 = CARTESIAN_POINT('',(33.473654276759,-310.4758960894,
    9.99004113363));
#4384 = CARTESIAN_POINT('',(33.702560244728,-310.4510457044,
    10.117648109622));
#4385 = CARTESIAN_POINT('',(34.15956494352,-310.4011418919,
    10.45165245916));
#4386 = CARTESIAN_POINT('',(34.372193859501,-310.3776634378,
    10.677925189522));
#4387 = CARTESIAN_POINT('',(34.537682463593,-310.3592474547,
    10.925739652739));
#4388 = CARTESIAN_POINT('',(34.659113397703,-310.3456720198,
    11.186792943023));
#4389 = CARTESIAN_POINT('',(34.739031500538,-310.3367153874,
    11.455321231268));
#4390 = CARTESIAN_POINT('',(34.779074283238,-310.3322278091,
    11.727507710832));
#4391 = CARTESIAN_POINT('',(34.779074283238,-310.3322278091,12.));
#4392 = PCURVE('',#1910,#4393);
#4393 = DEFINITIONAL_REPRESENTATION('',(#4394),#4439);
#4394 = B_SPLINE_CURVE_WITH_KNOTS('',7,(#4395,#4396,#4397,#4398,#4399,
    #4400,#4401,#4402,#4403,#4404,#4405,#4406,#4407,#4408,#4409,#4410,
    #4411,#4412,#4413,#4414,#4415,#4416,#4417,#4418,#4419,#4420,#4421,
    #4422,#4423,#4424,#4425,#4426,#4427,#4428,#4429,#4430,#4431,#4432,
    #4433,#4434,#4435,#4436,#4437,#4438),.UNSPECIFIED.,.T.,.F.,(8,6,6,6,
    6,6,6,8),(0.,0.153886585948,0.285620743989,0.421510883755,
    0.589776727553,0.715035552315,0.837010139657,1.),.UNSPECIFIED.);
#4395 = CARTESIAN_POINT('',(-0.425764032043,12.));
#4396 = CARTESIAN_POINT('',(-0.425764032043,11.744194462));
#4397 = CARTESIAN_POINT('',(-0.425650319962,11.488191540891));
#4398 = CARTESIAN_POINT('',(-0.425422591575,11.235136339077));
#4399 = CARTESIAN_POINT('',(-0.425077037797,10.988421752657));
#4400 = CARTESIAN_POINT('',(-0.424607572964,10.752658696923));
#4401 = CARTESIAN_POINT('',(-0.424006377306,10.534229266653));
#4402 = CARTESIAN_POINT('',(-0.422635304452,10.180034724961));
#4403 = CARTESIAN_POINT('',(-0.421876437867,10.030247492973));
#4404 = CARTESIAN_POINT('',(-0.421006085846,9.912089289714));
#4405 = CARTESIAN_POINT('',(-0.420055918705,9.8380459318));
#4406 = CARTESIAN_POINT('',(-0.419069263957,9.814901099087));
#4407 = CARTESIAN_POINT('',(-0.418092402224,9.843332862612));
#4408 = CARTESIAN_POINT('',(-0.416211997503,9.994100845328));
#4409 = CARTESIAN_POINT('',(-0.415348495435,10.116421375072));
#4410 = CARTESIAN_POINT('',(-0.414590413503,10.273311719975));
#4411 = CARTESIAN_POINT('',(-0.413942732912,10.455722884683));
#4412 = CARTESIAN_POINT('',(-0.41340575818,10.655963374351));
#4413 = CARTESIAN_POINT('',(-0.412976486789,10.867441477722));
#4414 = CARTESIAN_POINT('',(-0.412244126965,11.353439322049));
#4415 = CARTESIAN_POINT('',(-0.411990469534,11.634294542162));
#4416 = CARTESIAN_POINT('',(-0.411878883464,11.920732009885));
#4417 = CARTESIAN_POINT('',(-0.411905481016,12.208699382049));
#4418 = CARTESIAN_POINT('',(-0.412071330112,12.494129379689));
#4419 = CARTESIAN_POINT('',(-0.41238181604,12.772305439651));
#4420 = CARTESIAN_POINT('',(-0.413190932623,13.231896425073));
#4421 = CARTESIAN_POINT('',(-0.413624927168,13.42199260447));
#4422 = CARTESIAN_POINT('',(-0.414151752416,13.601075674262));
#4423 = CARTESIAN_POINT('',(-0.414772934837,13.763496619521));
#4424 = CARTESIAN_POINT('',(-0.415487068889,13.902900246485));
#4425 = CARTESIAN_POINT('',(-0.416288944445,14.01206864314));
#4426 = CARTESIAN_POINT('',(-0.418021639355,14.150993478507));
#4427 = CARTESIAN_POINT('',(-0.418924082332,14.180795649749));
#4428 = CARTESIAN_POINT('',(-0.419839822689,14.166465704024));
#4429 = CARTESIAN_POINT('',(-0.420730253668,14.107884388935));
#4430 = CARTESIAN_POINT('',(-0.421558435533,14.00995886637));
#4431 = CARTESIAN_POINT('',(-0.422295769191,13.882351890378));
#4432 = CARTESIAN_POINT('',(-0.423767937352,13.54834754084));
#4433 = CARTESIAN_POINT('',(-0.424452978026,13.322074810478));
#4434 = CARTESIAN_POINT('',(-0.424986194235,13.074260347262));
#4435 = CARTESIAN_POINT('',(-0.425377475669,12.813207056976));
#4436 = CARTESIAN_POINT('',(-0.425635000072,12.544678768732));
#4437 = CARTESIAN_POINT('',(-0.425764032043,12.272492289168));
#4438 = CARTESIAN_POINT('',(-0.425764032043,12.));
#4439 = ( GEOMETRIC_REPRESENTATION_CONTEXT(2) 
PARAMETRIC_REPRESENTATION_CONTEXT() REPRESENTATION_CONTEXT('2D SPACE',''
  ) );
#4440 = PCURVE('',#4441,#4446);
#4441 = CYLINDRICAL_SURFACE('',#4442,2.15);
#4442 = AXIS2_PLACEMENT_3D('',#4443,#4444,#4445);
#4443 = CARTESIAN_POINT('',(30.551056601553,-290.6738869687,12.));
#4444 = DIRECTION('',(-0.104528463268,0.994521895368,-0.));
#4445 = DIRECTION('',(0.994521895368,0.104528463268,0.));
#4446 = DEFINITIONAL_REPRESENTATION('',(#4447),#4492);
#4447 = B_SPLINE_CURVE_WITH_KNOTS('',7,(#4448,#4449,#4450,#4451,#4452,
    #4453,#4454,#4455,#4456,#4457,#4458,#4459,#4460,#4461,#4462,#4463,
    #4464,#4465,#4466,#4467,#4468,#4469,#4470,#4471,#4472,#4473,#4474,
    #4475,#4476,#4477,#4478,#4479,#4480,#4481,#4482,#4483,#4484,#4485,
    #4486,#4487,#4488,#4489,#4490,#4491),.UNSPECIFIED.,.F.,.F.,(8,6,6,6,
    6,6,6,8),(0.,0.153886585948,0.285620743989,0.421510883755,
    0.589776727553,0.715035552315,0.837010139657,1.),.UNSPECIFIED.);
#4448 = CARTESIAN_POINT('',(0.,-19.99259858333));
#4449 = CARTESIAN_POINT('',(-0.11897932,-19.99259858333));
#4450 = CARTESIAN_POINT('',(-0.238049717026,-19.99284304546));
#4451 = CARTESIAN_POINT('',(-0.358504397575,-19.99333275715));
#4452 = CARTESIAN_POINT('',(-0.481518842802,-19.99405002096));
#4453 = CARTESIAN_POINT('',(-0.60835822376,-19.99495764595));
#4454 = CARTESIAN_POINT('',(-0.740398888079,-19.9959803884));
#4455 = CARTESIAN_POINT('',(-0.998847973692,-19.99785939107));
#4456 = CARTESIAN_POINT('',(-1.12818414517,-19.9987536025));
#4457 = CARTESIAN_POINT('',(-1.263374803493,-19.99955060698));
#4458 = CARTESIAN_POINT('',(-1.402111769905,-20.00008896559));
#4459 = CARTESIAN_POINT('',(-1.542611465219,-20.00024721863));
#4460 = CARTESIAN_POINT('',(-1.683325039229,-20.00003715597));
#4461 = CARTESIAN_POINT('',(-1.965301294569,-19.99903173505));
#4462 = CARTESIAN_POINT('',(-2.100928993884,-19.99823788935));
#4463 = CARTESIAN_POINT('',(-2.230511542692,-19.99728269705));
#4464 = CARTESIAN_POINT('',(-2.354854570906,-19.99629588184));
#4465 = CARTESIAN_POINT('',(-2.474608818212,-19.99537299299));
#4466 = CARTESIAN_POINT('',(-2.59015485595,-19.99457691624));
#4467 = CARTESIAN_POINT('',(-2.839976640536,-19.99315219943));
#4468 = CARTESIAN_POINT('',(-2.97386115645,-19.99259894206));
#4469 = CARTESIAN_POINT('',(-3.105618087959,-19.99234273179));
#4470 = CARTESIAN_POINT('',(-3.236897249197,-19.99240316799));
#4471 = CARTESIAN_POINT('',(-3.369303234959,-19.9927791288));
#4472 = CARTESIAN_POINT('',(-3.504408487436,-19.99344247805));
#4473 = CARTESIAN_POINT('',(-3.748345061128,-19.99496690173));
#4474 = CARTESIAN_POINT('',(-3.856191722785,-19.99574113311));
#4475 = CARTESIAN_POINT('',(-3.967890754459,-19.99660669846));
#4476 = CARTESIAN_POINT('',(-4.083674274684,-19.99750752835));
#4477 = CARTESIAN_POINT('',(-4.203986281039,-19.99836336542));
#4478 = CARTESIAN_POINT('',(-4.329422598088,-19.99907287729));
#4479 = CARTESIAN_POINT('',(-4.589249015772,-19.99999932025));
#4480 = CARTESIAN_POINT('',(-4.719652248337,-20.00021553011));
#4481 = CARTESIAN_POINT('',(-4.850265735667,-20.00011980505));
#4482 = CARTESIAN_POINT('',(-4.979605531291,-19.99969535062));
#4483 = CARTESIAN_POINT('',(-5.106051387538,-19.99902628655));
#4484 = CARTESIAN_POINT('',(-5.227578587711,-19.99823922357));
#4485 = CARTESIAN_POINT('',(-5.49187725741,-19.99637878829));
#4486 = CARTESIAN_POINT('',(-5.634234117189,-19.99525472543));
#4487 = CARTESIAN_POINT('',(-5.770269549735,-19.99423789647));
#4488 = CARTESIAN_POINT('',(-5.901620110427,-19.99342981817));
#4489 = CARTESIAN_POINT('',(-6.02984742993,-19.99287596767));
#4490 = CARTESIAN_POINT('',(-6.156444707566,-19.99259858333));
#4491 = CARTESIAN_POINT('',(-6.28318530718,-19.99259858333));
#4492 = ( GEOMETRIC_REPRESENTATION_CONTEXT(2) 
PARAMETRIC_REPRESENTATION_CONTEXT() REPRESENTATION_CONTEXT('2D SPACE',''
  ) );
#4493 = ADVANCED_FACE('',(#4494),#1938,.F.);
#4494 = FACE_BOUND('',#4495,.T.);
#4495 = EDGE_LOOP('',(#4496,#4497,#4498,#4520));
#4496 = ORIENTED_EDGE('',*,*,#4166,.T.);
#4497 = ORIENTED_EDGE('',*,*,#2051,.T.);
#4498 = ORIENTED_EDGE('',*,*,#4499,.F.);
#4499 = EDGE_CURVE('',#1923,#2052,#4500,.T.);
#4500 = SURFACE_CURVE('',#4501,(#4506,#4513),.PCURVE_S1.);
#4501 = CIRCLE('',#4502,317.275);
#4502 = AXIS2_PLACEMENT_3D('',#4503,#4504,#4505);
#4503 = CARTESIAN_POINT('',(0.,0.,0.));
#4504 = DIRECTION('',(0.,0.,1.));
#4505 = DIRECTION('',(-0.309016994375,-0.951056516295,0.));
#4506 = PCURVE('',#1938,#4507);
#4507 = DEFINITIONAL_REPRESENTATION('',(#4508),#4512);
#4508 = CIRCLE('',#4509,317.275);
#4509 = AXIS2_PLACEMENT_2D('',#4510,#4511);
#4510 = CARTESIAN_POINT('',(0.,0.));
#4511 = DIRECTION('',(1.,-0.));
#4512 = ( GEOMETRIC_REPRESENTATION_CONTEXT(2) 
PARAMETRIC_REPRESENTATION_CONTEXT() REPRESENTATION_CONTEXT('2D SPACE',''
  ) );
#4513 = PCURVE('',#1966,#4514);
#4514 = DEFINITIONAL_REPRESENTATION('',(#4515),#4519);
#4515 = LINE('',#4516,#4517);
#4516 = CARTESIAN_POINT('',(0.,0.));
#4517 = VECTOR('',#4518,1.);
#4518 = DIRECTION('',(1.,0.));
#4519 = ( GEOMETRIC_REPRESENTATION_CONTEXT(2) 
PARAMETRIC_REPRESENTATION_CONTEXT() REPRESENTATION_CONTEXT('2D SPACE',''
  ) );
#4520 = ORIENTED_EDGE('',*,*,#1922,.F.);
#4521 = ADVANCED_FACE('',(#4522,#4528,#4676,#4824,#4827,#4830,#4833),
  #1966,.T.);
#4522 = FACE_BOUND('',#4523,.T.);
#4523 = EDGE_LOOP('',(#4524,#4525,#4526,#4527));
#4524 = ORIENTED_EDGE('',*,*,#4499,.T.);
#4525 = ORIENTED_EDGE('',*,*,#2074,.T.);
#4526 = ORIENTED_EDGE('',*,*,#2122,.F.);
#4527 = ORIENTED_EDGE('',*,*,#1950,.F.);
#4528 = FACE_BOUND('',#4529,.T.);
#4529 = EDGE_LOOP('',(#4530));
#4530 = ORIENTED_EDGE('',*,*,#4531,.F.);
#4531 = EDGE_CURVE('',#4532,#4532,#4534,.T.);
#4532 = VERTEX_POINT('',#4533);
#4533 = CARTESIAN_POINT('',(-31.02528464201,-315.7544256821,12.));
#4534 = SURFACE_CURVE('',#4535,(#4580,#4628),.PCURVE_S1.);
#4535 = B_SPLINE_CURVE_WITH_KNOTS('',7,(#4536,#4537,#4538,#4539,#4540,
    #4541,#4542,#4543,#4544,#4545,#4546,#4547,#4548,#4549,#4550,#4551,
    #4552,#4553,#4554,#4555,#4556,#4557,#4558,#4559,#4560,#4561,#4562,
    #4563,#4564,#4565,#4566,#4567,#4568,#4569,#4570,#4571,#4572,#4573,
    #4574,#4575,#4576,#4577,#4578,#4579),.UNSPECIFIED.,.T.,.F.,(8,6,6,6,
    6,6,6,8),(0.,0.153886627815,0.285620767214,0.42151089466,
    0.589776763624,0.715035577821,0.83701015373,1.),.UNSPECIFIED.);
#4536 = CARTESIAN_POINT('',(-31.02528464201,-315.7544256821,12.));
#4537 = CARTESIAN_POINT('',(-31.02528464201,-315.7544256821,
    12.255805697364));
#4538 = CARTESIAN_POINT('',(-31.06062391532,-315.7509533099,
    12.511808541231));
#4539 = CARTESIAN_POINT('',(-31.13139690372,-315.7439994177,
    12.76486358387));
#4540 = CARTESIAN_POINT('',(-31.23878491943,-315.7334223302,
    13.011578060858));
#4541 = CARTESIAN_POINT('',(-31.38467449132,-315.7189869597,
    13.247341111112));
#4542 = CARTESIAN_POINT('',(-31.57148698235,-315.7003643452,
    13.465770624021));
#4543 = CARTESIAN_POINT('',(-31.997482674,-315.657449972,13.819965301064
    ));
#4544 = CARTESIAN_POINT('',(-32.23324994431,-315.6335548005,
    13.969752531057));
#4545 = CARTESIAN_POINT('',(-32.50363121531,-315.605925349,
    14.087910724411));
#4546 = CARTESIAN_POINT('',(-32.79877452653,-315.5754373301,
    14.161954074288));
#4547 = CARTESIAN_POINT('',(-33.10521089482,-315.543386187,
    14.185098899442));
#4548 = CARTESIAN_POINT('',(-33.40856775874,-315.5112942047,
    14.156667131173));
#4549 = CARTESIAN_POINT('',(-33.99245005261,-315.4489306756,
    14.00589915719));
#4550 = CARTESIAN_POINT('',(-34.26054036683,-315.4199676091,
    13.883578628998));
#4551 = CARTESIAN_POINT('',(-34.49587358781,-315.3942877732,
    13.726688276421));
#4552 = CARTESIAN_POINT('',(-34.69691623854,-315.3721807256,
    13.544277097062));
#4553 = CARTESIAN_POINT('',(-34.86358399002,-315.3537498912,
    13.344036593812));
#4554 = CARTESIAN_POINT('',(-34.99681611263,-315.3389587842,
    13.132558491043));
#4555 = CARTESIAN_POINT('',(-35.22410995455,-315.3136592511,
    12.646560652038));
#4556 = CARTESIAN_POINT('',(-35.3028280675,-315.3048381066,
    12.365705463443));
#4557 = CARTESIAN_POINT('',(-35.33745541486,-315.3009450643,
    12.079267944999));
#4558 = CARTESIAN_POINT('',(-35.3292016077,-315.3018723858,
    11.791300685788));
#4559 = CARTESIAN_POINT('',(-35.27773483957,-315.307653835,
    11.505870630307));
#4560 = CARTESIAN_POINT('',(-35.18137947561,-315.318437683,
    11.22769459205));
#4561 = CARTESIAN_POINT('',(-34.93025813295,-315.3463402634,
    10.768103597205));
#4562 = CARTESIAN_POINT('',(-34.79555676304,-315.3612641751,
    10.578007416522));
#4563 = CARTESIAN_POINT('',(-34.63203491767,-315.3793076307,
    10.398924335252));
#4564 = CARTESIAN_POINT('',(-34.43921249473,-315.4004656011,
    10.236503378739));
#4565 = CARTESIAN_POINT('',(-34.21751744883,-315.4246136789,
    10.097099747069));
#4566 = CARTESIAN_POINT('',(-33.96855734211,-315.4514826176,
    9.987931353526));
#4567 = CARTESIAN_POINT('',(-33.43054024744,-315.5089473585,
    9.849006525382));
#4568 = CARTESIAN_POINT('',(-33.1502958702,-315.5386162042,
    9.819204352947));
#4569 = CARTESIAN_POINT('',(-32.865889476,-315.5684137853,9.833534292539
    ));
#4570 = CARTESIAN_POINT('',(-32.58930971506,-315.5970634231,
    9.892115600476));
#4571 = CARTESIAN_POINT('',(-32.33203785983,-315.6234416373,
    9.990041114421));
#4572 = CARTESIAN_POINT('',(-32.10296863523,-315.6467388565,
    10.117648086393));
#4573 = CARTESIAN_POINT('',(-31.64557798803,-315.6929713483,
    10.451652491611));
#4574 = CARTESIAN_POINT('',(-31.43271591277,-315.7142316116,
    10.677925259056));
#4575 = CARTESIAN_POINT('',(-31.26701641589,-315.7306410138,
    10.925739747775));
#4576 = CARTESIAN_POINT('',(-31.14541790113,-315.7426218087,
    11.186793039847));
#4577 = CARTESIAN_POINT('',(-31.06538494656,-315.7504854868,
    11.455321304336));
#4578 = CARTESIAN_POINT('',(-31.02528464201,-315.7544256821,
    11.727507745883));
#4579 = CARTESIAN_POINT('',(-31.02528464201,-315.7544256821,12.));
#4580 = PCURVE('',#1966,#4581);
#4581 = DEFINITIONAL_REPRESENTATION('',(#4582),#4627);
#4582 = B_SPLINE_CURVE_WITH_KNOTS('',7,(#4583,#4584,#4585,#4586,#4587,
    #4588,#4589,#4590,#4591,#4592,#4593,#4594,#4595,#4596,#4597,#4598,
    #4599,#4600,#4601,#4602,#4603,#4604,#4605,#4606,#4607,#4608,#4609,
    #4610,#4611,#4612,#4613,#4614,#4615,#4616,#4617,#4618,#4619,#4620,
    #4621,#4622,#4623,#4624,#4625,#4626),.UNSPECIFIED.,.T.,.F.,(8,6,6,6,
    6,6,6,8),(0.,0.153886627815,0.285620767214,0.42151089466,
    0.589776763624,0.715035577821,0.83701015373,1.),.UNSPECIFIED.);
#4583 = CARTESIAN_POINT('',(0.216216017859,12.));
#4584 = CARTESIAN_POINT('',(0.216216017859,12.255805697364));
#4585 = CARTESIAN_POINT('',(0.216104097733,12.511808541231));
#4586 = CARTESIAN_POINT('',(0.215879958423,12.76486358387));
#4587 = CARTESIAN_POINT('',(0.215539850802,13.011578060858));
#4588 = CARTESIAN_POINT('',(0.215077784863,13.247341111112));
#4589 = CARTESIAN_POINT('',(0.214486063792,13.465770624021));
#4590 = CARTESIAN_POINT('',(0.213136597839,13.819965301064));
#4591 = CARTESIAN_POINT('',(0.212389690497,13.969752531057));
#4592 = CARTESIAN_POINT('',(0.21153305462,14.087910724411));
#4593 = CARTESIAN_POINT('',(0.210597861374,14.161954074288));
#4594 = CARTESIAN_POINT('',(0.209626755505,14.185098899442));
#4595 = CARTESIAN_POINT('',(0.208665288366,14.156667131173));
#4596 = CARTESIAN_POINT('',(0.20681451751,14.00589915719));
#4597 = CARTESIAN_POINT('',(0.205964623615,13.883578628998));
#4598 = CARTESIAN_POINT('',(0.205218488572,13.726688276421));
#4599 = CARTESIAN_POINT('',(0.204581015103,13.544277097062));
#4600 = CARTESIAN_POINT('',(0.204052502907,13.344036593812));
#4601 = CARTESIAN_POINT('',(0.203629996754,13.132558491043));
#4602 = CARTESIAN_POINT('',(0.202909178779,12.646560652038));
#4603 = CARTESIAN_POINT('',(0.202659519027,12.365705463443));
#4604 = CARTESIAN_POINT('',(0.202549691557,12.079267944999));
#4605 = CARTESIAN_POINT('',(0.202575869911,11.791300685788));
#4606 = CARTESIAN_POINT('',(0.202739105228,11.505870630307));
#4607 = CARTESIAN_POINT('',(0.203044697873,11.22769459205));
#4608 = CARTESIAN_POINT('',(0.203841062989,10.768103597205));
#4609 = CARTESIAN_POINT('',(0.20426821789,10.578007416522));
#4610 = CARTESIAN_POINT('',(0.204786740583,10.398924335252));
#4611 = CARTESIAN_POINT('',(0.205398133503,10.236503378739));
#4612 = CARTESIAN_POINT('',(0.206101013268,10.097099747069));
#4613 = CARTESIAN_POINT('',(0.206890251837,9.987931353526));
#4614 = CARTESIAN_POINT('',(0.208595640696,9.849006525382));
#4615 = CARTESIAN_POINT('',(0.209483861853,9.819204352947));
#4616 = CARTESIAN_POINT('',(0.210385170872,9.833534292539));
#4617 = CARTESIAN_POINT('',(0.211261569355,9.892115600476));
#4618 = CARTESIAN_POINT('',(0.212076699665,9.990041114421));
#4619 = CARTESIAN_POINT('',(0.212802413445,10.117648086393));
#4620 = CARTESIAN_POINT('',(0.214251381285,10.451652491611));
#4621 = CARTESIAN_POINT('',(0.214925626047,10.677925259056));
#4622 = CARTESIAN_POINT('',(0.215450438871,10.925739747775));
#4623 = CARTESIAN_POINT('',(0.215835553689,11.186793039847));
#4624 = CARTESIAN_POINT('',(0.216089019456,11.455321304336));
#4625 = CARTESIAN_POINT('',(0.216216017859,11.727507745883));
#4626 = CARTESIAN_POINT('',(0.216216017859,12.));
#4627 = ( GEOMETRIC_REPRESENTATION_CONTEXT(2) 
PARAMETRIC_REPRESENTATION_CONTEXT() REPRESENTATION_CONTEXT('2D SPACE',''
  ) );
#4628 = PCURVE('',#4288,#4629);
#4629 = DEFINITIONAL_REPRESENTATION('',(#4630),#4675);
#4630 = B_SPLINE_CURVE_WITH_KNOTS('',7,(#4631,#4632,#4633,#4634,#4635,
    #4636,#4637,#4638,#4639,#4640,#4641,#4642,#4643,#4644,#4645,#4646,
    #4647,#4648,#4649,#4650,#4651,#4652,#4653,#4654,#4655,#4656,#4657,
    #4658,#4659,#4660,#4661,#4662,#4663,#4664,#4665,#4666,#4667,#4668,
    #4669,#4670,#4671,#4672,#4673,#4674),.UNSPECIFIED.,.F.,.F.,(8,6,6,6,
    6,6,6,8),(0.,0.153886627815,0.285620767214,0.42151089466,
    0.589776763624,0.715035577821,0.83701015373,1.),.UNSPECIFIED.);
#4631 = CARTESIAN_POINT('',(0.,-24.99271522643));
#4632 = CARTESIAN_POINT('',(-0.118979394123,-24.99271522643));
#4633 = CARTESIAN_POINT('',(-0.238049755252,-24.99295583615));
#4634 = CARTESIAN_POINT('',(-0.358504366733,-24.99343782982));
#4635 = CARTESIAN_POINT('',(-0.481518754175,-24.99414378901));
#4636 = CARTESIAN_POINT('',(-0.608358115046,-24.99503710973));
#4637 = CARTESIAN_POINT('',(-0.740398808305,-24.99604373443));
#4638 = CARTESIAN_POINT('',(-0.998847992682,-24.99789312567));
#4639 = CARTESIAN_POINT('',(-1.128184169094,-24.99877324489));
#4640 = CARTESIAN_POINT('',(-1.26337482673,-24.99955768911));
#4641 = CARTESIAN_POINT('',(-1.402111790786,-25.00008756362));
#4642 = CARTESIAN_POINT('',(-1.542611482597,-25.00024332265));
#4643 = CARTESIAN_POINT('',(-1.683325050852,-25.00003657037));
#4644 = CARTESIAN_POINT('',(-1.96530128986,-24.99904699418));
#4645 = CARTESIAN_POINT('',(-2.100928992391,-24.99826565892));
#4646 = CARTESIAN_POINT('',(-2.230511548244,-24.9973255198));
#4647 = CARTESIAN_POINT('',(-2.354854584269,-24.99635425625));
#4648 = CARTESIAN_POINT('',(-2.474608836542,-24.99544591177));
#4649 = CARTESIAN_POINT('',(-2.590154872006,-24.99466238104));
#4650 = CARTESIAN_POINT('',(-2.839976653857,-24.99326011749));
#4651 = CARTESIAN_POINT('',(-2.973861152163,-24.99271557951));
#4652 = CARTESIAN_POINT('',(-3.105618110551,-24.99246340714));
#4653 = CARTESIAN_POINT('',(-3.236897216313,-24.99252289082));
#4654 = CARTESIAN_POINT('',(-3.369303231767,-24.99289292647));
#4655 = CARTESIAN_POINT('',(-3.50440847061,-24.99354582133));
#4656 = CARTESIAN_POINT('',(-3.748345049303,-24.99504622048));
#4657 = CARTESIAN_POINT('',(-3.856191710067,-24.99580825019));
#4658 = CARTESIAN_POINT('',(-3.96789074656,-24.9966601746));
#4659 = CARTESIAN_POINT('',(-4.083674273623,-24.99754680793));
#4660 = CARTESIAN_POINT('',(-4.203986285644,-24.9983891576));
#4661 = CARTESIAN_POINT('',(-4.329422604323,-24.99908748806));
#4662 = CARTESIAN_POINT('',(-4.589249008498,-24.99999933093));
#4663 = CARTESIAN_POINT('',(-4.719652234847,-25.00021213351));
#4664 = CARTESIAN_POINT('',(-4.850265717934,-25.00011791705));
#4665 = CARTESIAN_POINT('',(-4.979605510588,-24.99970015169));
#4666 = CARTESIAN_POINT('',(-5.106051365654,-24.99904163162));
#4667 = CARTESIAN_POINT('',(-5.227578569329,-24.99826697224));
#4668 = CARTESIAN_POINT('',(-5.491877283089,-24.9964358561));
#4669 = CARTESIAN_POINT('',(-5.63423415975,-24.99532950782));
#4670 = CARTESIAN_POINT('',(-5.770269599382,-24.9943287038));
#4671 = CARTESIAN_POINT('',(-5.901620156742,-24.99353336085));
#4672 = CARTESIAN_POINT('',(-6.029847463916,-24.99298823914));
#4673 = CARTESIAN_POINT('',(-6.156444723869,-24.99271522643));
#4674 = CARTESIAN_POINT('',(-6.28318530718,-24.99271522643));
#4675 = ( GEOMETRIC_REPRESENTATION_CONTEXT(2) 
PARAMETRIC_REPRESENTATION_CONTEXT() REPRESENTATION_CONTEXT('2D SPACE',''
  ) );
#4676 = FACE_BOUND('',#4677,.T.);
#4677 = EDGE_LOOP('',(#4678));
#4678 = ORIENTED_EDGE('',*,*,#4679,.F.);
#4679 = EDGE_CURVE('',#4680,#4680,#4682,.T.);
#4680 = VERTEX_POINT('',#4681);
#4681 = CARTESIAN_POINT('',(35.3017287921,-315.3049532901,12.));
#4682 = SURFACE_CURVE('',#4683,(#4728,#4776),.PCURVE_S1.);
#4683 = B_SPLINE_CURVE_WITH_KNOTS('',7,(#4684,#4685,#4686,#4687,#4688,
    #4689,#4690,#4691,#4692,#4693,#4694,#4695,#4696,#4697,#4698,#4699,
    #4700,#4701,#4702,#4703,#4704,#4705,#4706,#4707,#4708,#4709,#4710,
    #4711,#4712,#4713,#4714,#4715,#4716,#4717,#4718,#4719,#4720,#4721,
    #4722,#4723,#4724,#4725,#4726,#4727),.UNSPECIFIED.,.T.,.F.,(8,6,6,6,
    6,6,6,8),(0.,0.15388662768,0.285620767549,0.421510894952,
    0.589776763847,0.715035577982,0.837010153822,1.),.UNSPECIFIED.);
#4684 = CARTESIAN_POINT('',(35.3017287921,-315.3049532901,12.));
#4685 = CARTESIAN_POINT('',(35.3017287921,-315.3049532901,
    12.255805697365));
#4686 = CARTESIAN_POINT('',(35.266439819926,-315.3089042456,
    12.511808541231));
#4687 = CARTESIAN_POINT('',(35.195767595636,-315.3168168443,
    12.764863583871));
#4688 = CARTESIAN_POINT('',(35.088527165582,-315.3287981155,
    13.011578060858));
#4689 = CARTESIAN_POINT('',(34.942824348585,-315.34501034,
    13.247341111111));
#4690 = CARTESIAN_POINT('',(34.75622229942,-315.3656351752,
    13.46577062402));
#4691 = CARTESIAN_POINT('',(34.330613234938,-315.4122280686,
    13.819965301792));
#4692 = CARTESIAN_POINT('',(34.095029961335,-315.4378738356,
    13.969752529963));
#4693 = CARTESIAN_POINT('',(33.82481268408,-315.467063581,
    14.087910724617));
#4694 = CARTESIAN_POINT('',(33.529780144722,-315.4986055437,
    14.161954074935));
#4695 = CARTESIAN_POINT('',(33.22337633892,-315.5309664984,
    14.185098898798));
#4696 = CARTESIAN_POINT('',(32.919976254128,-315.5626472411,
    14.156667131456));
#4697 = CARTESIAN_POINT('',(32.335887081428,-315.6230424599,
    14.005899157195));
#4698 = CARTESIAN_POINT('',(32.067633423641,-315.6504514164,
    13.883578629006));
#4699 = CARTESIAN_POINT('',(31.832103660053,-315.6742612744,
    13.726688276414));
#4700 = CARTESIAN_POINT('',(31.630857959954,-315.6944364363,
    13.544277097045));
#4701 = CARTESIAN_POINT('',(31.464000312788,-315.7110605338,
    13.344036593811));
#4702 = CARTESIAN_POINT('',(31.33060438765,-315.7242931638,
    13.132558491063));
#4703 = CARTESIAN_POINT('',(31.103017392814,-315.7468035333,
    12.64656065204));
#4704 = CARTESIAN_POINT('',(31.024185440429,-315.7545415679,
    12.365705463444));
#4705 = CARTESIAN_POINT('',(30.98950537468,-315.7579330283,
    12.079267945004));
#4706 = CARTESIAN_POINT('',(30.997771617318,-315.7571240225,
    11.791300685786));
#4707 = CARTESIAN_POINT('',(31.049315743963,-315.7520785904,
    11.505870630304));
#4708 = CARTESIAN_POINT('',(31.145807600123,-315.7425933788,
    11.227694592047));
#4709 = CARTESIAN_POINT('',(31.397242611604,-315.717675158,
    10.768103597223));
#4710 = CARTESIAN_POINT('',(31.532103289106,-315.7042669568,
    10.578007416519));
#4711 = CARTESIAN_POINT('',(31.695803235195,-315.6879180162,
    10.398924335237));
#4712 = CARTESIAN_POINT('',(31.888811014976,-315.6685235983,
    10.236503378733));
#4713 = CARTESIAN_POINT('',(32.110682159893,-315.6460509908,
    10.097099747076));
#4714 = CARTESIAN_POINT('',(32.359788257416,-315.620571062,
    9.987931353531));
#4715 = CARTESIAN_POINT('',(32.897995979175,-315.5649200165,
    9.849006525382));
#4716 = CARTESIAN_POINT('',(33.178284844268,-315.5356744445,
    9.819204352947));
#4717 = CARTESIAN_POINT('',(33.46267154186,-315.5056894627,
    9.833534292539));
#4718 = CARTESIAN_POINT('',(33.739163966065,-315.4762088714,
    9.892115600476));
#4719 = CARTESIAN_POINT('',(33.996298153107,-315.4485208319,
    9.990041114421));
#4720 = CARTESIAN_POINT('',(34.225205429795,-315.4236827812,
    10.117648086393));
#4721 = CARTESIAN_POINT('',(34.682213269489,-315.3738081193,
    10.45165249161));
#4722 = CARTESIAN_POINT('',(34.894844054973,-315.3503472808,
    10.677925259057));
#4723 = CARTESIAN_POINT('',(35.060334326839,-315.3319472356,
    10.925739747773));
#4724 = CARTESIAN_POINT('',(35.181766569651,-315.3183844687,
    11.18679303985));
#4725 = CARTESIAN_POINT('',(35.261685562754,-315.3094365196,
    11.455321304334));
#4726 = CARTESIAN_POINT('',(35.3017287921,-315.3049532901,
    11.727507745883));
#4727 = CARTESIAN_POINT('',(35.3017287921,-315.3049532901,12.));
#4728 = PCURVE('',#1966,#4729);
#4729 = DEFINITIONAL_REPRESENTATION('',(#4730),#4775);
#4730 = B_SPLINE_CURVE_WITH_KNOTS('',7,(#4731,#4732,#4733,#4734,#4735,
    #4736,#4737,#4738,#4739,#4740,#4741,#4742,#4743,#4744,#4745,#4746,
    #4747,#4748,#4749,#4750,#4751,#4752,#4753,#4754,#4755,#4756,#4757,
    #4758,#4759,#4760,#4761,#4762,#4763,#4764,#4765,#4766,#4767,#4768,
    #4769,#4770,#4771,#4772,#4773,#4774),.UNSPECIFIED.,.T.,.F.,(8,6,6,6,
    6,6,6,8),(0.,0.15388662768,0.285620767549,0.421510894952,
    0.589776763847,0.715035577982,0.837010153822,1.),.UNSPECIFIED.);
#4731 = CARTESIAN_POINT('',(0.425655528099,12.));
#4732 = CARTESIAN_POINT('',(0.425655528099,12.255805697365));
#4733 = CARTESIAN_POINT('',(0.425543607973,12.511808541231));
#4734 = CARTESIAN_POINT('',(0.425319468662,12.764863583871));
#4735 = CARTESIAN_POINT('',(0.424979361041,13.011578060858));
#4736 = CARTESIAN_POINT('',(0.424517295102,13.247341111111));
#4737 = CARTESIAN_POINT('',(0.423925574031,13.46577062402));
#4738 = CARTESIAN_POINT('',(0.422576108075,13.819965301792));
#4739 = CARTESIAN_POINT('',(0.421829200739,13.969752529963));
#4740 = CARTESIAN_POINT('',(0.420972564863,14.087910724617));
#4741 = CARTESIAN_POINT('',(0.42003737161,14.161954074935));
#4742 = CARTESIAN_POINT('',(0.419066265741,14.185098898798));
#4743 = CARTESIAN_POINT('',(0.418104798609,14.156667131456));
#4744 = CARTESIAN_POINT('',(0.41625402775,14.005899157195));
#4745 = CARTESIAN_POINT('',(0.415404133855,13.883578629006));
#4746 = CARTESIAN_POINT('',(0.414657998811,13.726688276414));
#4747 = CARTESIAN_POINT('',(0.414020525342,13.544277097045));
#4748 = CARTESIAN_POINT('',(0.413492013146,13.344036593811));
#4749 = CARTESIAN_POINT('',(0.413069506993,13.132558491063));
#4750 = CARTESIAN_POINT('',(0.412348689019,12.64656065204));
#4751 = CARTESIAN_POINT('',(0.412099029267,12.365705463444));
#4752 = CARTESIAN_POINT('',(0.411989201796,12.079267945004));
#4753 = CARTESIAN_POINT('',(0.41201538015,11.791300685786));
#4754 = CARTESIAN_POINT('',(0.412178615467,11.505870630304));
#4755 = CARTESIAN_POINT('',(0.412484208112,11.227694592047));
#4756 = CARTESIAN_POINT('',(0.413280573229,10.768103597223));
#4757 = CARTESIAN_POINT('',(0.413707728129,10.578007416519));
#4758 = CARTESIAN_POINT('',(0.414226250823,10.398924335237));
#4759 = CARTESIAN_POINT('',(0.414837643742,10.236503378733));
#4760 = CARTESIAN_POINT('',(0.415540523507,10.097099747076));
#4761 = CARTESIAN_POINT('',(0.416329762076,9.987931353531));
#4762 = CARTESIAN_POINT('',(0.418035150935,9.849006525382));
#4763 = CARTESIAN_POINT('',(0.418923372092,9.819204352947));
#4764 = CARTESIAN_POINT('',(0.419824681111,9.833534292539));
#4765 = CARTESIAN_POINT('',(0.420701079594,9.892115600476));
#4766 = CARTESIAN_POINT('',(0.421516209904,9.990041114421));
#4767 = CARTESIAN_POINT('',(0.422241923685,10.117648086393));
#4768 = CARTESIAN_POINT('',(0.423690891525,10.45165249161));
#4769 = CARTESIAN_POINT('',(0.424365136287,10.677925259057));
#4770 = CARTESIAN_POINT('',(0.424889949111,10.925739747773));
#4771 = CARTESIAN_POINT('',(0.425275063928,11.18679303985));
#4772 = CARTESIAN_POINT('',(0.425528529695,11.455321304334));
#4773 = CARTESIAN_POINT('',(0.425655528099,11.727507745883));
#4774 = CARTESIAN_POINT('',(0.425655528099,12.));
#4775 = ( GEOMETRIC_REPRESENTATION_CONTEXT(2) 
PARAMETRIC_REPRESENTATION_CONTEXT() REPRESENTATION_CONTEXT('2D SPACE',''
  ) );
#4776 = PCURVE('',#4441,#4777);
#4777 = DEFINITIONAL_REPRESENTATION('',(#4778),#4823);
#4778 = B_SPLINE_CURVE_WITH_KNOTS('',7,(#4779,#4780,#4781,#4782,#4783,
    #4784,#4785,#4786,#4787,#4788,#4789,#4790,#4791,#4792,#4793,#4794,
    #4795,#4796,#4797,#4798,#4799,#4800,#4801,#4802,#4803,#4804,#4805,
    #4806,#4807,#4808,#4809,#4810,#4811,#4812,#4813,#4814,#4815,#4816,
    #4817,#4818,#4819,#4820,#4821,#4822),.UNSPECIFIED.,.F.,.F.,(8,6,6,6,
    6,6,6,8),(0.,0.15388662768,0.285620767549,0.421510894952,
    0.589776763847,0.715035577982,0.837010153822,1.),.UNSPECIFIED.);
#4779 = CARTESIAN_POINT('',(0.,-24.99271522643));
#4780 = CARTESIAN_POINT('',(-0.118979394123,-24.99271522643));
#4781 = CARTESIAN_POINT('',(-0.238049755252,-24.99295583615));
#4782 = CARTESIAN_POINT('',(-0.358504366733,-24.99343782982));
#4783 = CARTESIAN_POINT('',(-0.481518754175,-24.99414378901));
#4784 = CARTESIAN_POINT('',(-0.608358115045,-24.99503710973));
#4785 = CARTESIAN_POINT('',(-0.740398808305,-24.99604373443));
#4786 = CARTESIAN_POINT('',(-0.998847993213,-24.99789312568));
#4787 = CARTESIAN_POINT('',(-1.128184168474,-24.99877324489));
#4788 = CARTESIAN_POINT('',(-1.263374826457,-24.99955768911));
#4789 = CARTESIAN_POINT('',(-1.402111791127,-25.00008756362));
#4790 = CARTESIAN_POINT('',(-1.542611483139,-25.00024332265));
#4791 = CARTESIAN_POINT('',(-1.683325050323,-25.00003657037));
#4792 = CARTESIAN_POINT('',(-1.96530128985,-24.99904699418));
#4793 = CARTESIAN_POINT('',(-2.100928992389,-24.99826565892));
#4794 = CARTESIAN_POINT('',(-2.230511548252,-24.9973255198));
#4795 = CARTESIAN_POINT('',(-2.354854584279,-24.99635425625));
#4796 = CARTESIAN_POINT('',(-2.474608836541,-24.99544591177));
#4797 = CARTESIAN_POINT('',(-2.590154871995,-24.99466238104));
#4798 = CARTESIAN_POINT('',(-2.839976653855,-24.99326011749));
#4799 = CARTESIAN_POINT('',(-2.973861152163,-24.99271557951));
#4800 = CARTESIAN_POINT('',(-3.105618110549,-24.99246340714));
#4801 = CARTESIAN_POINT('',(-3.236897216314,-24.99252289082));
#4802 = CARTESIAN_POINT('',(-3.369303231768,-24.99289292647));
#4803 = CARTESIAN_POINT('',(-3.504408470611,-24.99354582133));
#4804 = CARTESIAN_POINT('',(-3.748345049294,-24.99504622048));
#4805 = CARTESIAN_POINT('',(-3.856191710067,-24.99580825019));
#4806 = CARTESIAN_POINT('',(-3.967890746568,-24.9966601746));
#4807 = CARTESIAN_POINT('',(-4.08367427363,-24.99754680793));
#4808 = CARTESIAN_POINT('',(-4.203986285643,-24.9983891576));
#4809 = CARTESIAN_POINT('',(-4.329422604314,-24.99908748806));
#4810 = CARTESIAN_POINT('',(-4.589249008498,-24.99999933093));
#4811 = CARTESIAN_POINT('',(-4.719652234847,-25.00021213351));
#4812 = CARTESIAN_POINT('',(-4.850265717934,-25.00011791705));
#4813 = CARTESIAN_POINT('',(-4.979605510589,-24.99970015169));
#4814 = CARTESIAN_POINT('',(-5.106051365653,-24.99904163162));
#4815 = CARTESIAN_POINT('',(-5.227578569329,-24.99826697224));
#4816 = CARTESIAN_POINT('',(-5.491877283089,-24.9964358561));
#4817 = CARTESIAN_POINT('',(-5.634234159751,-24.99532950782));
#4818 = CARTESIAN_POINT('',(-5.77026959938,-24.9943287038));
#4819 = CARTESIAN_POINT('',(-5.901620156745,-24.99353336085));
#4820 = CARTESIAN_POINT('',(-6.029847463915,-24.99298823914));
#4821 = CARTESIAN_POINT('',(-6.156444723869,-24.99271522643));
#4822 = CARTESIAN_POINT('',(-6.28318530718,-24.99271522643));
#4823 = ( GEOMETRIC_REPRESENTATION_CONTEXT(2) 
PARAMETRIC_REPRESENTATION_CONTEXT() REPRESENTATION_CONTEXT('2D SPACE',''
  ) );
#4824 = FACE_BOUND('',#4825,.T.);
#4825 = EDGE_LOOP('',(#4826));
#4826 = ORIENTED_EDGE('',*,*,#2315,.F.);
#4827 = FACE_BOUND('',#4828,.T.);
#4828 = EDGE_LOOP('',(#4829));
#4829 = ORIENTED_EDGE('',*,*,#2766,.F.);
#4830 = FACE_BOUND('',#4831,.T.);
#4831 = EDGE_LOOP('',(#4832));
#4832 = ORIENTED_EDGE('',*,*,#3217,.F.);
#4833 = FACE_BOUND('',#4834,.T.);
#4834 = EDGE_LOOP('',(#4835));
#4835 = ORIENTED_EDGE('',*,*,#3668,.F.);
#4836 = ADVANCED_FACE('',(#4837),#2166,.F.);
#4837 = FACE_BOUND('',#4838,.F.);
#4838 = EDGE_LOOP('',(#4839,#4840,#4861,#4862));
#4839 = ORIENTED_EDGE('',*,*,#2149,.F.);
#4840 = ORIENTED_EDGE('',*,*,#4841,.T.);
#4841 = EDGE_CURVE('',#2150,#4069,#4842,.T.);
#4842 = SEAM_CURVE('',#4843,(#4847,#4854),.PCURVE_S1.);
#4843 = LINE('',#4844,#4845);
#4844 = CARTESIAN_POINT('',(3.302080830991E-14,-297.425,31.));
#4845 = VECTOR('',#4846,1.);
#4846 = DIRECTION('',(-0.,0.,-1.));
#4847 = PCURVE('',#2166,#4848);
#4848 = DEFINITIONAL_REPRESENTATION('',(#4849),#4853);
#4849 = LINE('',#4850,#4851);
#4850 = CARTESIAN_POINT('',(6.28318530718,0.));
#4851 = VECTOR('',#4852,1.);
#4852 = DIRECTION('',(0.,-1.));
#4853 = ( GEOMETRIC_REPRESENTATION_CONTEXT(2) 
PARAMETRIC_REPRESENTATION_CONTEXT() REPRESENTATION_CONTEXT('2D SPACE',''
  ) );
#4854 = PCURVE('',#2166,#4855);
#4855 = DEFINITIONAL_REPRESENTATION('',(#4856),#4860);
#4856 = LINE('',#4857,#4858);
#4857 = CARTESIAN_POINT('',(0.,0.));
#4858 = VECTOR('',#4859,1.);
#4859 = DIRECTION('',(0.,-1.));
#4860 = ( GEOMETRIC_REPRESENTATION_CONTEXT(2) 
PARAMETRIC_REPRESENTATION_CONTEXT() REPRESENTATION_CONTEXT('2D SPACE',''
  ) );
#4861 = ORIENTED_EDGE('',*,*,#4068,.T.);
#4862 = ORIENTED_EDGE('',*,*,#4841,.F.);
#4863 = ADVANCED_FACE('',(#4864),#4288,.F.);
#4864 = FACE_BOUND('',#4865,.T.);
#4865 = EDGE_LOOP('',(#4866,#4867,#4888,#4889));
#4866 = ORIENTED_EDGE('',*,*,#4190,.F.);
#4867 = ORIENTED_EDGE('',*,*,#4868,.T.);
#4868 = EDGE_CURVE('',#4191,#4532,#4869,.T.);
#4869 = SEAM_CURVE('',#4870,(#4874,#4881),.PCURVE_S1.);
#4870 = LINE('',#4871,#4872);
#4871 = CARTESIAN_POINT('',(-28.41283452651,-290.8986231647,12.));
#4872 = VECTOR('',#4873,1.);
#4873 = DIRECTION('',(-0.104528463268,-0.994521895368,0.));
#4874 = PCURVE('',#4288,#4875);
#4875 = DEFINITIONAL_REPRESENTATION('',(#4876),#4880);
#4876 = LINE('',#4877,#4878);
#4877 = CARTESIAN_POINT('',(-6.28318530718,0.));
#4878 = VECTOR('',#4879,1.);
#4879 = DIRECTION('',(-0.,-1.));
#4880 = ( GEOMETRIC_REPRESENTATION_CONTEXT(2) 
PARAMETRIC_REPRESENTATION_CONTEXT() REPRESENTATION_CONTEXT('2D SPACE',''
  ) );
#4881 = PCURVE('',#4288,#4882);
#4882 = DEFINITIONAL_REPRESENTATION('',(#4883),#4887);
#4883 = LINE('',#4884,#4885);
#4884 = CARTESIAN_POINT('',(-0.,0.));
#4885 = VECTOR('',#4886,1.);
#4886 = DIRECTION('',(-0.,-1.));
#4887 = ( GEOMETRIC_REPRESENTATION_CONTEXT(2) 
PARAMETRIC_REPRESENTATION_CONTEXT() REPRESENTATION_CONTEXT('2D SPACE',''
  ) );
#4888 = ORIENTED_EDGE('',*,*,#4531,.T.);
#4889 = ORIENTED_EDGE('',*,*,#4868,.F.);
#4890 = ADVANCED_FACE('',(#4891),#4441,.F.);
#4891 = FACE_BOUND('',#4892,.T.);
#4892 = EDGE_LOOP('',(#4893,#4894,#4915,#4916));
#4893 = ORIENTED_EDGE('',*,*,#4343,.F.);
#4894 = ORIENTED_EDGE('',*,*,#4895,.T.);
#4895 = EDGE_CURVE('',#4344,#4680,#4896,.T.);
#4896 = SEAM_CURVE('',#4897,(#4901,#4908),.PCURVE_S1.);
#4897 = LINE('',#4898,#4899);
#4898 = CARTESIAN_POINT('',(32.689278676595,-290.4491507727,12.));
#4899 = VECTOR('',#4900,1.);
#4900 = DIRECTION('',(0.104528463268,-0.994521895368,0.));
#4901 = PCURVE('',#4441,#4902);
#4902 = DEFINITIONAL_REPRESENTATION('',(#4903),#4907);
#4903 = LINE('',#4904,#4905);
#4904 = CARTESIAN_POINT('',(-6.28318530718,0.));
#4905 = VECTOR('',#4906,1.);
#4906 = DIRECTION('',(-0.,-1.));
#4907 = ( GEOMETRIC_REPRESENTATION_CONTEXT(2) 
PARAMETRIC_REPRESENTATION_CONTEXT() REPRESENTATION_CONTEXT('2D SPACE',''
  ) );
#4908 = PCURVE('',#4441,#4909);
#4909 = DEFINITIONAL_REPRESENTATION('',(#4910),#4914);
#4910 = LINE('',#4911,#4912);
#4911 = CARTESIAN_POINT('',(-0.,0.));
#4912 = VECTOR('',#4913,1.);
#4913 = DIRECTION('',(-0.,-1.));
#4914 = ( GEOMETRIC_REPRESENTATION_CONTEXT(2) 
PARAMETRIC_REPRESENTATION_CONTEXT() REPRESENTATION_CONTEXT('2D SPACE',''
  ) );
#4915 = ORIENTED_EDGE('',*,*,#4679,.T.);
#4916 = ORIENTED_EDGE('',*,*,#4895,.F.);
#4917 = ( GEOMETRIC_REPRESENTATION_CONTEXT(3) 
GLOBAL_UNCERTAINTY_ASSIGNED_CONTEXT((#4921)) 
GLOBAL_UNIT_ASSIGNED_CONTEXT((#4918,#4919,#4920)) REPRESENTATION_CONTEXT
('Context #1','3D Context with UNIT and UNCERTAINTY') );
#4918 = ( LENGTH_UNIT() NAMED_UNIT(*) SI_UNIT(.MILLI.,.METRE.) );
#4919 = ( NAMED_UNIT(*) PLANE_ANGLE_UNIT() SI_UNIT($,.RADIAN.) );
#4920 = ( NAMED_UNIT(*) SI_UNIT($,.STERADIAN.) SOLID_ANGLE_UNIT() );
#4921 = UNCERTAINTY_MEASURE_WITH_UNIT(LENGTH_MEASURE(1.E-07),#4918,
  'distance_accuracy_value','confusion accuracy');
#4922 = PRODUCT_RELATED_PRODUCT_CATEGORY('part',$,(#7));
ENDSEC;
END-ISO-10303-21;
